المادة القانونية (م),السؤال,الإجابة,Gold_Article,Gold_Text,Overlap_Jaccard,Coverage_Answer_in_Article,Coverage_Article_in_Answer,Answer_Length_Tokens,Article_Length_Tokens
الأولى,ما هو الاسم الرسمي لهذا النظام، وبموجب أي مادة تم تسميته؟,يسمى هذا النظام نظام العمل. (المادة الأولى),المادة الأولى ,يسمى هذا النظام نظام العمل.,0.7142857142857143,0.7142857142857143,1.0,7,5
الثانية,"كيف تم تعديل تعريف ""العامل"" بموجب المرسوم الملكي رقم (م/134)، وما هو النص الجديد؟","تعديل تعريف العامل ليكون بالنص الآتي: ""كل شخص طبيعي - ذكراً أو أنثى - يعمل لمصلحة صاحب عمل وتحت إدارته أو إشرافه مقابل أجر، ولو كان بعيداً عن نظارته"". (المادة الثانية)",المادة الثانية,"- تعديل تعريف العامل وذلك بموجب المرسوم الملكي رقم (م/134) وتاريخ 1440/11/27هـ، ليكون بالنص الآتي "" كل شخص طبيعي - ذكراً أو أنثى - يعمل لمصلحة صاحب عمل وتحت إدارته أو إشرافه مقابل أجر، ولو كان بعيداً عن نظارته "".",0.6666666666666666,0.9285714285714286,0.7027027027027027,29,38
الثالثة,ما هو المبدأ الأساسي الذي أقرته المادة الثالثة بخصوص حق العمل للمواطن، وما هي أشكال التمييز الممنوعة؟,المبدأ هو أن العمل حق للمواطن، ولا يجوز لغيره ممارسته إلا بعد توافر الشروط النظامية. والمواطنون متساوون في حق العمل دون أي تمييز على أساس الجنس أو الإعاقة أو السن أو أي شكل آخر من أشكال التمييز. (المادة الثالثة),المادة الثالثة ,"عُدلت هذه المادة بموجب المرسوم الملكي رقم (م / 134) وتاريخ 27 / 11 / 1440هـ، لتكون بالنص الآتي ""العمل حق للمواطن، لا يجوز لغيره ممارسته إلا بعد توافر الشروط المنصوص عليها في هذا النظام، والمواطنون متساوون في حق العمل دون أي تمييز على أساس الجنس أو الإعاقة أو السن أو أي شكل من أشكال التمييز الأخرى، سواءً أثناء أداء العمل أو عند التوظيف أو الإعلان عنه"".",0.43548387096774194,0.7941176470588235,0.4909090909090909,39,64
الخامسة,اذكر ثلاث فئات يسري عليها نظام العمل بموجب التعديل الصادر بالمرسوم الملكي رقم (م/ 46).,يسري نظام العمل على: 1. كل عقد عمل يلتزم بمقتضاه أي شخص بالعمل لمصلحة صاحب عمل مقابل أجر. 2. عمال الحكومة والهيئات والمؤسسات العامة، بمن فيهم الذين يشتغلون في المراعي أو الزراعة. 3. عمال المؤسسات الخيرية. (المادة الخامسة),المادة الخامسة ,"تم تعديل هذه المادة بموجب المرسوم الملكي رقم ( م/ 46) وتاريخ 5 / 6 / 1436 هـ ؛ لتكون بالنص الآتي "" تسري أحكام هذا النظام على الآتي 1 - كل عقد عمل يلتزم بمقتضاه أي شخص بالعمل لمصلحة صاحب عمل وتحت إدارته أو إشرافه؛ مقابل أجر. 2 - عمال الحكومة والهيئات والمؤسسات العامة، بمن فيهم الذين يشتغلون في المراعي أو الزراعة. 3 - عمال المؤسسات الخيرية. 4 - عقود التأهيل والتدريب مع غير العاملين لدى صاحب العمل في حدود الأحكام الخاصة المنصوص عليها في هذا النظام. 5 - العاملين بعض الوقت في حدود ما يتعلق بالسلامة والصحة المهنية وإصابات العمل وما يقرره الوزير"".",0.38823529411764707,0.9166666666666666,0.4024390243902439,38,96
السادسة,ما هي الأحكام التي تسري على العامل العرضي أو الموسمي أو المؤقت؟,تسري عليهم الأحكام الخاصة بالواجبات وقواعد التأديب، والحد الأقصى لساعات العمل، وفترات الراحة اليومية والأسبوعية، والتشغيل الإضافي، والعطلات الرسمية، وقواعد السلامة والصحة المهنية، وإصابات العمل والتعويض عنها، وما يقرره الوزير. (المادة السادسة),المادة السادسة ,تسري على العامل العرضي والموسمي والمؤقت الأحكام الخاصة بالواجبات وقواعد التأديب، والحد الأقصى لساعات العمل، وفترات الراحة اليومية والراحة الأسبوعية، والتشغيل الإضافي، والعطلات الرسمية، وقواعد السلامة، والصحة المهنية، وإصابات العمل والتعويض عنها، وما يقرره الوزير.,0.7027027027027027,0.8666666666666667,0.7878787878787878,32,35
السابعة,اذكر أربع فئات مستثناة من تطبيق أحكام هذا النظام، ومن هي الجهة التي تصدر لوائحهم الخاصة؟,من المستثنين: أفراد أسرة صاحب العمل، لاعبو الأندية والاتحادات الرياضية ومدربوها، العمالة المنزلية ومن في حكمهم، وعمال الزراعة والرعاة الخاصون. ويصدر الوزير - بالتنسيق مع الجهات المختصة - لائحة أو أكثر لهذه الفئات. (المادة السابعة),المادة السابعة ,"تم تعديل هذه المادة بموجب المرسوم الملكي رقم ( م/ 46) وتاريخ 5 / 6 / 1436 هـ ؛ لتكون بالنص الآتي "" 1 - يستثنى من تطبيق أحكام هذا النظام كل من أ - أفراد أسرة صاحب العمل، وهم زوجه وأصوله وفروعه الذين يعملون في المنشأة التي لا تضم سواهم. ب - لاعبو الأندية والاتحادات الرياضية ومدربوها. ج - العمالة المنزلية ومن في حكمهم. د - عمال الزراعة والرعاة الخاصون ومن في حكمهم. هـ - عمال البحر الذين يعملون في سفن تقل حمولتها عن خمسمائة طن. و - العاملون غير السعوديين القادمون لأداء مهمة محددة ولمدة لا تزيد على شهرين. 2 - يصدر الوزير - بالتنسيق مع الجهات المختصة - لائحة أو أكثر للفئات الواردة في الفقرات (أ) و(ج) و(د) و(هـ) و(و) من الفقرة (1) من هذه المادة؛ تشتمل على الحقوق والواجبات والأحكام الخاصة الأخرى ذات الصلة بكل فئة"".",0.24545454545454545,0.8181818181818182,0.25961538461538464,33,130
الرابعة,ما هو الالتزام المشترك على صاحب العمل والعامل عند تطبيق أحكام هذا النظام؟,يجب على صاحب العمل والعامل الالتزام بمقتضيات أحكام الشريعة الإسلامية. (المادة الرابعة),المادة الرابعة ,يجب على صاحب العمل والعامل عند تطبيق أحكام هذا النظام الالتزام بمقتضيات أحكام الشريعة الإسلامية.,0.625,0.8333333333333334,0.7142857142857143,12,15
الثامنة,ما هو المبدأ المعتمد في حال استخدام صاحب العمل لغة أجنبية إلى جانب اللغة العربية في السجلات والعقود؟,اللغة العربية هي الواجبة الاستعمال، وإذا استعمل صاحب العمل لغة أجنبية، فإن النص العربي هو المعتمد دون غيره. (المادة الثامنة),المادة الثامنة ,يبطل كل شرط يخالف أحكام هذا النظام، ويبطل كل إبراء أو مصالحة عن الحقوق الناشئة للعامل بموجب هذا النظام أثناء سريان عقد العمل، ما لم يكن أكثر فائدة للعامل.,0.022727272727272728,0.05,0.04,20,29
العاشرة,متى يبطل كل شرط أو إبراء أو مصالحة عن حقوق العامل الناشئة بموجب هذا النظام؟ وما هو الاستثناء من هذا البطلان؟,يبطل كل شرط يخالف أحكام هذا النظام، ويبطل كل إبراء أو مصالحة عن الحقوق أثناء سريان عقد العمل، ما لم يكن أكثر فائدة للعامل. (المادة العاشرة),المادة العاشرة ,تحسب جميع المدد والمواعيد المنصوص عليها في هذا النظام بالتقويم الهجري، ما لم ينص في عقد العمل أو لائحة تنظيم العمل على خلاف ذلك.,0.175,0.28,0.3181818181818182,26,24
الثانية عشرة,ما هي مسؤولية الوزارة فيما يخص لائحة تنظيم العمل؟,تضع الوزارة نموذجاً موحداً - أو أكثر - للائحة تنظيم العمل، على أن يكون شاملاً لقواعد تنظيم العمل وما يتصل به من أحكام، بما في ذلك الأحكام المتعلقة بالميزات والمخالفات والجزاءات التأديبية. (المادة الثانية عشرة),المادة الثانية عشرة ,"تم تعديل أحكام المواد (الثانية عشرة) و(الثالثة عشرة) و(الرابعة عشرة)؛ وإعادة صياغتها بعد تعديل أحكامها لتكون في مادتين بموجب المرسوم الملكي رقم ( م/ 46) وتاريخ 5 / 6 / 1436 هـ ؛ على النحو الآتي ""المادة الثانية عشرة 1 - تضع الوزارة نموذجاً موحداً - أو أكثر - للائحة تنظيم العمل، على أن يكون شاملاً لقواعد تنظيم العمل وما يتصل به من أحكام، بما في ذلك الأحكام المتعلقة بالميزات والأحكام الخاصة بالمخالفات والجزاءات التأديبية. 2 - تضع الوزارة ضوابط وآليات اعتماد لوائح تنظيم العمل"". ""المادة الثالثة عشرة 1 - يلتزم كل صاحب عمل بإعداد لائحة لتنظيم العمل في منشأته وفق النموذج المعد من الوزارة، ويجوز للوزير الاستثناء من ذلك. 2 - يجوز لصاحب العمل تضمين اللائحة شروطاً وأحكاماً إضافية، بما لا يتعارض مع أحكام هذا النظام ولائحته والقرارات الصادرة تنفيذاً له. 3 - يجب على صاحب العمل أن يعلن لائحة تنظيم العمل وأي تعديل يطرأ عليها في مكان ظاهر في المنشأة أو أي وسيلة أخرى تكفل علم الخاضعين لها بأحكامها"".",0.2631578947368421,0.967741935483871,0.26548672566371684,33,154
الثالثة عشرة,ما هو الالتزام الذي يقع على كل صاحب عمل بخصوص لائحة تنظيم العمل؟,يلتزم كل صاحب عمل بإعداد لائحة لتنظيم العمل في منشأته وفق النموذج المعد من الوزارة، ويجوز للوزير الاستثناء من ذلك. (المادة الثالثة عشرة),المادة الثالثة عشرة ,"تم تعديل أحكام المواد (الثانية عشرة) و(الثالثة عشرة) و(الرابعة عشرة)؛ وإعادة صياغتها بعد تعديل أحكامها لتكون في مادتين بموجب المرسوم الملكي رقم ( م/ 46) وتاريخ 5 / 6 / 1436 هـ ؛ على النحو الآتي ""المادة الثانية عشرة 1 - تضع الوزارة نموذجاً موحداً – أو أكثر – للائحة تنظيم العمل، على أن يكون شاملاً لقواعد تنظيم العمل وما يتصل به من أحكام، بما في ذلك الأحكام المتعلقة بالميزات والأحكام الخاصة بالمخالفات والجزاءات التأديبية. 2 - تضع الوزارة ضوابط وآليات اعتماد لوائح تنظيم العمل"". ""المادة الثالثة عشرة 1 - يلتزم كل صاحب عمل بإعداد لائحة لتنظيم العمل في منشأته وفق النموذج المعد من الوزارة، ويجوز للوزير الاستثناء من ذلك. 2 - يجوز لصاحب العمل تضمين اللائحة شروطاً وأحكاماً إضافية، بما لا يتعارض مع أحكام هذا النظام ولائحته والقرارات الصادرة تنفيذاً له. 3 - يجب على صاحب العمل أن يعلن لائحة تنظيم العمل وأي تعديل يطرأ عليها في مكان ظاهر في المنشأة أو أي وسيلة أخرى تكفل علم الخاضعين لها بأحكامها"".",0.19469026548672566,1.0,0.19469026548672566,23,154
الثالثة عشرة,كيف يجب على صاحب العمل إبلاغ العاملين بلائحة تنظيم العمل وأي تعديل يطرأ عليها؟,يجب على صاحب العمل أن يعلن لائحة تنظيم العمل وأي تعديل يطرأ عليها في مكان ظاهر في المنشأة أو أي وسيلة أخرى تكفل علم الخاضعين لها بأحكامها. (المادة الثالثة عشرة),المادة الثالثة عشرة ,"تم تعديل أحكام المواد (الثانية عشرة) و(الثالثة عشرة) و(الرابعة عشرة)؛ وإعادة صياغتها بعد تعديل أحكامها لتكون في مادتين بموجب المرسوم الملكي رقم ( م/ 46) وتاريخ 5 / 6 / 1436 هـ ؛ على النحو الآتي ""المادة الثانية عشرة 1 - تضع الوزارة نموذجاً موحداً – أو أكثر – للائحة تنظيم العمل، على أن يكون شاملاً لقواعد تنظيم العمل وما يتصل به من أحكام، بما في ذلك الأحكام المتعلقة بالميزات والأحكام الخاصة بالمخالفات والجزاءات التأديبية. 2 - تضع الوزارة ضوابط وآليات اعتماد لوائح تنظيم العمل"". ""المادة الثالثة عشرة 1 - يلتزم كل صاحب عمل بإعداد لائحة لتنظيم العمل في منشأته وفق النموذج المعد من الوزارة، ويجوز للوزير الاستثناء من ذلك. 2 - يجوز لصاحب العمل تضمين اللائحة شروطاً وأحكاماً إضافية، بما لا يتعارض مع أحكام هذا النظام ولائحته والقرارات الصادرة تنفيذاً له. 3 - يجب على صاحب العمل أن يعلن لائحة تنظيم العمل وأي تعديل يطرأ عليها في مكان ظاهر في المنشأة أو أي وسيلة أخرى تكفل علم الخاضعين لها بأحكامها"".",0.24778761061946902,1.0,0.24778761061946902,30,154
الرابعة عشرة,اذكر ثلاثة من البيانات التي يجب على صاحب العمل إبلاغ مكتب العمل المختص بها كتابة عند بدء العمل في المنشأة.,1. اسم المنشأة ونوعها ومركزها وعنوانها. 2. النشاط الاقتصادي المرخص له مع ذكر رقم السجل التجاري أو الترخيص. 3. عدد العمال المراد تشغيلهم. (المادة الرابعة عشرة),المادة الرابعة عشرة ,"تم تعديل أحكام المواد (الثانية عشرة) و(الثالثة عشرة) و(الرابعة عشرة)؛ وإعادة صياغتها بعد تعديل أحكامها لتكون في مادتين بموجب المرسوم الملكي رقم ( م/ 46) وتاريخ 5 / 6 / 1436 هـ ؛ على النحو الآتي ""المادة الثانية عشرة 1 - تضع الوزارة نموذجاً موحداً - أو أكثر - للائحة تنظيم العمل، على أن يكون شاملاً لقواعد تنظيم العمل وما يتصل به من أحكام، بما في ذلك الأحكام المتعلقة بالميزات والأحكام الخاصة بالمخالفات والجزاءات التأديبية. 2 - تضع الوزارة ضوابط وآليات اعتماد لوائح تنظيم العمل"". ""المادة الثالثة عشرة 1 - يلتزم كل صاحب عمل بإعداد لائحة لتنظيم العمل في منشأته وفق النموذج المعد من الوزارة، ويجوز للوزير الاستثناء من ذلك. 2 - يجوز لصاحب العمل تضمين اللائحة شروطاً وأحكاماً إضافية، بما لا يتعارض مع أحكام هذا النظام ولائحته والقرارات الصادرة تنفيذاً له. 3 - يجب على صاحب العمل أن يعلن لائحة تنظيم العمل وأي تعديل يطرأ عليها في مكان ظاهر في المنشأة أو أي وسيلة أخرى تكفل علم الخاضعين لها بأحكامها"".",0.0859375,0.4230769230769231,0.09734513274336283,26,154
الخامسة عشرة,في حالة تغيير الشريك أو المدير المسؤول في المنشأة، ما هي المدة المحددة لإبلاغ مكتب العمل باسم المدير الجديد؟,يجب الإبلاغ باسم الشريك أو المدير الجديد خلال سبعة أيام على الأكثر من تولي هذا الأخير عمله. (المادة الخامسة عشرة),المادة الخامسة عشرة ,على صاحب العمل عند بدء العمل في أي منشأة أن يبلغ مكتب العمل المختص كتابة بالبيانات الآتية 1 - اسم المنشأة ونوعها ومركزها، والعنوان الذي توجه إليه المراسلات، وأي معلومة يكون من شأنها سهولة الاتصال بالمنشأة. 2 - النشاط الاقتصادي المرخص له بمزاولته مع ذكر رقم السجل التجاري أو الترخيص وتاريخه، وجهة إصداره، وإرفاق صورة منه. 3 - عدد العمال المراد تشغيلهم في المنشأة. 4 - اسم مدير المنشأة المسؤول. 5 - أي بيانات أخرى تطلبها الوزارة.,0.036585365853658534,0.15,0.046153846153846156,20,72
السادسة عشرة,ما الذي يجب على صاحب العمل أن يضعه في مكان ظاهر بموقع العمل بخصوص أوقات العمل؟,يجب أن يضع جدولًا بمواعيد العمل، وفترات الراحة، ويوم الراحة الأسبوعي، ومواعيد بدء كل نوبة وانتهائها في حالة العمل بأسلوب المناوبة. (المادة السادسة عشرة),المادة السادسة عشرة ,1- إذا لم يتمكن صاحب العمل من ممارسة العمل بنفسه، فعليه أن يعين مسؤولًا يمثله في مكان العمل. وفي حالة تعدد الشركاء أو المديرين في المنشأة يسمى أحدهم من المقيمين في مكان العمل، يمثل صاحب العمل ويكون مسؤولًا عن أي مخالفة لأحكام هذا النظام. 2- على صاحب العمل أن يبلغ مكتب العمل المختص كتابة باسم الشريك أو المدير، وعليه في حالة تغييره أن يبلغ المكتب باسم الشريك أو المدير الجديد خلال سبعة أيام على الأكثر من تولي هذا الأخير عمله. 3- إذا لم يوجد شخص معين بصفة مدير مسؤول للمنشأة، أو إذا لم يباشر الشخص المعين عمله- فإن من يقوم فعلًا بأعمال المدير أو صاحب العمل نفسه يعد مديرًا مسؤولًا عن المنشأة. وفي كل الأحوال تبقى مسؤولية صاحب العمل قائمة بصفة أصلية.,0.05263157894736842,0.22727272727272727,0.0641025641025641,24,122
الثامنة عشرة,ما هو وضع عقود العمل ومدة الخدمة في حال انتقال ملكية المنشأة لمالك جديد أو تغيير شكلها النظامي (كالدمج أو التجزئة)؟,تبقى عقود العمل نافذة في الحالين، وتعد الخدمة مستمرة. (المادة الثامنة عشرة),المادة الثامنة عشرة ,إذا انتقلت ملكية المنشأة لمالك جديد، أو طرأ تغيير على شكلها النظامي بالدمج أو التجزئة أو غير ذلك، تبقى عقود العمل نافذة في الحالين، وتعد الخدمة مستمرة. أما بالنسبة لحقوق العمال الناشئة عن المدة السابقة لهذا التغيير من أجور، أو مكافأة نهاية خدمة مفترضة الاستحقاق بتاريخ انتقال الملكية، أو غير ذلك من حقوق؛ فيكون الخلف والسلف مسؤولين عنها بالتضامن. ويجوز في حال انتقال المنشآت الفردية لأي سبب اتفاق السلف والخلف على انتقال جميع حقوق العمال السابقة إلى المالك الجديد بموافقة العامل الخطية. وللعامل في حال عدم موافقته طلب إنهاء عقده وتسلّم مستحقاته من السلف.,0.1125,0.75,0.11688311688311688,12,94
الثامنة عشرة,من يتحمل المسؤولية عن حقوق العمال الناشئة عن المدة السابقة لتغيير الملكية (كالأجور ومكافأة نهاية الخدمة)؟,يكون الخلف والسلف مسؤولين عنها بالتضامن. (المادة الثامنة عشرة),المادة الثامنة عشرة ,إذا انتقلت ملكية المنشأة لمالك جديد، أو طرأ تغيير على شكلها النظامي بالدمج أو التجزئة أو غير ذلك، تبقى عقود العمل نافذة في الحالين، وتعد الخدمة مستمرة. أما بالنسبة لحقوق العمال الناشئة عن المدة السابقة لهذا التغيير من أجور، أو مكافأة نهاية خدمة مفترضة الاستحقاق بتاريخ انتقال الملكية، أو غير ذلك من حقوق؛ فيكون الخلف والسلف مسؤولين عنها بالتضامن. ويجوز في حال انتقال المنشآت الفردية لأي سبب اتفاق السلف والخلف على انتقال جميع حقوق العمال السابقة إلى المالك الجديد بموافقة العامل الخطية. وللعامل في حال عدم موافقته طلب إنهاء عقده وتسلّم مستحقاته من السلف.,0.06172839506172839,0.5555555555555556,0.06493506493506493,9,94
التاسعة عشرة,كيف تُعد المبالغ المستحقة للعامل أو ورثته بمقتضى هذا النظام، وماذا يُدفع للعامل في حالة إفلاس صاحب العمل؟,تُعد ديونًا ممتازة من الدرجة الأولى. وفي حالة الإفلاس أو التصفية، يُدفع للعامل مبلغ معجل يعادل أجر شهر واحد، وذلك قبل سداد أي مصروف آخر. (المادة التاسعة عشرة),المادة التاسعة عشرة ,تعد المبالغ المستحقة للعامل أو ورثته بمقتضى هذا النظام ديونًا ممتازة من الدرجة الأولى. وللعامل وورثته في سبيل استيفائها امتياز على جميع أموال صاحب العمل. وفي حالة إفلاس صاحب العمل أو تصفية منشأته تسجل المبالغ المذكورة ديونًا ممتازة، ويدفع للعامل مبلغ معجل يعادل أجر شهر واحد، وذلك قبل سداد أي مصروف آخر، بما في ذلك المصروفات القضائية ومصروفات الإفلاس أو التصفية.,0.40350877192982454,0.8214285714285714,0.4423076923076923,28,61
العشرون,ما هو العمل الذي يحظر على صاحب العمل أو العامل القيام به فيما يتعلق بأحكام النظام؟,لا يجوز لأي منهما أن يقوم بعمل من شأنه إساءة استعمال أحكام هذا النظام أو القرارات واللوائح الصادرة تنفيذاً له، أو العمل على الضغط على حرية الآخر أو حرية عمال أو أصحاب عمل آخرين. (المادة العشرون),المادة العشرون ,لا يجوز لصاحب العمل أو العامل أن يقوم بعمل من شأنه إساءة استعمال أحكام هذا النظام أو القرارات واللوائح الصادرة تنفيذًا لأحكامه. كما لا يجوز لأي منهما القيام بعمل من شأنه الضغط على حرية الآخر أو حرية عمال أو أصحاب عمل آخرين لتحقيق أي مصلحة أو وجهة نظر يتبناها مما يتنافى مع حرية العمل أو اختصاص الجهة المختصة بتسوية الخلافات.,0.5294117647058824,0.8709677419354839,0.574468085106383,36,60
الواحدة والعشرون,ما هي مسؤولية الوزير في سبيل تنفيذ أحكام هذا النظام؟,على الوزير التنسيق مع الجهات ذات العلاقة كلما اقتضى الأمر ذلك. (المادة الواحدة والعشرون),,,0.0,0.0,0.0,14,0
الثانية والعشرون,ما هي التغييرات التي طرأت على أحكام الوزارة للتوظيف بموجب المرسوم الملكي رقم (م/44)؟,"تم تغيير العبارة من ""وحدة"" و ""وحدات"" التوظيف إلى ""قنوات"" للتوظيف دون مقابل، ومن وظائفها: ""مواءمة طلبات طالبي العمل مع الأعمال الشاغرة وفق مؤهلاتهم"". (المادة الثانية والعشرون)",المادة الثانية والعشرون ,"- صدر المرسوم الملكي رقم (م/44) وتاريخ 1446/2/8هـ، وذلك بالموافقة على تعديلات بعض مواد نظام العمل (ويعمل بها من تاريخ 1446/8/20هـ) وعُدلت هذه المادة على النحو الآتي - عُدل صدر هذه المادة ليكون بالنص الآتي "" توفر الوزارة قنوات للتوظيف دون مقابل، تقوم بما يأتي"". - عُدلت الفقرة (3/3) لتكون بالنص الآتي ""مواءمة طلبات طالبي العمل مع الأعمال الشاغرة وفق مؤهلاتهم"".",0.23076923076923078,0.5555555555555556,0.2830188679245283,27,63
السادسة والعشرون,ما هو التزام المنشآت تجاه العمال السعوديين وفقاً للفقرة الأولى من هذه المادة؟,العمل على استقطاب السعوديين وتوظيفهم، وتوفير وسائل استمرارهم في العمل، وإتاحة الفرصة المناسبة لهم لإثبات صلاحيتهم للعمل عن طريق توجيههم وتدريبهم وتأهيلهم للأعمال الموكولة إليهم. (المادة السادسة والعشرون),المادة السادسة والعشرون ,1- على جميع المنشآت في مختلف أنشطتها، وأيًّا كان عدد العاملين فيها، العمل على استقطاب السعوديين وتوظيفهم، وتوفير وسائل استمرارهم في العمل، وإتاحة الفرصة المناسبة لهم لإثبات صلاحيتهم للعمل عن طريق توجيههم وتدريبهم وتأهيلهم للأعمال الموكولة إليهم. 2- يجب ألا تقل نسبة العمال السعوديين الذين يستخدمهم صاحب العمل عن 75% من مجموع عماله. وللوزير في حالة عدم توافر الكفايات الفنية أو المؤهلات الدراسية، أو تعذر إشغال الوظائف بالمواطنين أن يخفض هذه النسبة مؤقتًا.,0.35294117647058826,0.8888888888888888,0.36923076923076925,28,73
السادسة والعشرون,ما هي النسبة الدنيا الواجبة للعمال السعوديين من مجموع عمال صاحب العمل؟ ومن له سلطة خفضها مؤقتاً؟,يجب ألا تقل النسبة عن 75% من مجموع عماله. وللوزير أن يخفض هذه النسبة مؤقتًا في حالات محددة (مثل عدم توافر الكفايات الفنية). (المادة السادسة والعشرون),المادة السادسة والعشرون ,1- على جميع المنشآت في مختلف أنشطتها، وأيًّا كان عدد العاملين فيها، العمل على استقطاب السعوديين وتوظيفهم، وتوفير وسائل استمرارهم في العمل، وإتاحة الفرصة المناسبة لهم لإثبات صلاحيتهم للعمل عن طريق توجيههم وتدريبهم وتأهيلهم للأعمال الموكولة إليهم. 2- يجب ألا تقل نسبة العمال السعوديين الذين يستخدمهم صاحب العمل عن 75% من مجموع عماله. وللوزير في حالة عدم توافر الكفايات الفنية أو المؤهلات الدراسية، أو تعذر إشغال الوظائف بالمواطنين أن يخفض هذه النسبة مؤقتًا.,0.2676056338028169,0.76,0.2923076923076923,26,73
السابعة والعشرون,"ما هو التعديل اللفظي الذي طرأ على المواد المتعلقة بتوظيف ""المعوقون"" بموجب المرسوم الملكي رقم (م/44)؟","تم إحلال عبارة ""التي يشغلها ذوو الإعاقة"" محل عبارة ""التي يشغلها المعوقون"". (المادة السابعة والعشرون)",المادة السابعة والعشرون ,"- صدر المرسوم الملكي رقم (م/44) وتاريخ 1446/2/8هـ، وذلك بالموافقة على تعديلات بعض مواد نظام العمل (ويعمل بها من تاريخ 1446/8/20هـ) وعدلت هذه المادة وذلك بإحلال كلمة ""قنوات"" محل كلمتي ""وحدة"" و ""وحدات"" أينما وردت في المادة",0.041666666666666664,0.16666666666666666,0.05263157894736842,15,41
الثامنة والعشرون,ما هو الواجب على صاحب العمل تجاه العامل الذي أصيب بإصابة عمل نتج عنها نقص في قدراته، ولكنه لا يزال قادراً على أداء عمل آخر؟,على صاحب العمل الذي وقعت إصابة العامل لديه توظيفه في العمل المناسب بالأجر المحدد لهذا العمل. (المادة الثامنة والعشرون),المادة الثامنة والعشرون ,"- صدر المرسوم الملكي رقم (م/44) وتاريخ 1446/2/8هـ، وذلك بالموافقة على تعديلات بعض مواد نظام العمل (ويعمل بها من تاريخ 1446/8/20هـ) وعدلت هذه المادة على النحو الآتي - إحلال كلمة ""قنوات"" محل كلمتي ""وحدة"" و ""وحدات"" أينما وردت في المادة. -إحلال كلمة ""الوزارة"" محل عبارة ""مكتب العمل المختص"". أينما وردت في المادة. - إحلال عبارة ""التي يشغلها ذوو الإعاقة"" محل عبارة ""التي يشغلها المعوقون"".",0.06451612903225806,0.23529411764705882,0.08163265306122448,19,66
الثلاثون,ما هي الأنشطة التي يحظر ممارستها إلا بترخيص من الوزارة؟,يحظر ممارسة نشاط توظيف السعوديين أو نشاط استقدام العمال أو نشاط الإسناد ما لم يكن مرخصاً له بذلك من الوزارة. (المادة الثلاثون),المادة الثلاثون ,"- صدر المرسوم الملكي رقم (م/44) وتاريخ 1446/2/8هـ، وذلك بالموافقة على تعديلات بعض مواد نظام العمل (ويعمل بها من تاريخ 1446/8/20هـ) وعدلت هذه المادة لتكون بالنص الآتي ""1- لا يجوز لأي شخص طبيعي أو اعتباري أن يمارس نشاط توظيف السعوديين أو نشاط استقدام العمال أو نشاط الإسناد ما لم يكن مرخصاً له بذلك من الوزارة. وتحدد اللائحة ضوابط ممارسة كل من هذه الأنشطة، وشروط منح الترخيص لكل منها وتجديده، والتزامات المرخص له، وقواعد عدم تجديد الترخيص أو إلغائه، والآثار المترتبة على ذلك، وغير ذلك مما يكون ضروريًّا من الشروط والضوابط لضمان حسن سير العمل بها. 2- تقترح الوزارة قيمة رسوم ممارسة الأنشطة المشار إليها في الفقرة (1) من هذه المادة، وأوجه صرفها، تمهيداً لاستكمال الإجراءات النظامية في هذا الشأن"".",0.17,0.8947368421052632,0.17346938775510204,22,123
الحادية والثلاثون,ما هي الإضافة التي طرأت على المادة المتعلقة بمكاتب التوظيف والاستقدام بموجب المرسوم الملكي رقم (م/44)؟,"تمت إضافة عبارة ""أو الشركات"" بعد كلمة ""المكاتب"". (المادة الحادية والثلاثون)",المادة الحادية والثلاثون ,"- صدر المرسوم الملكي رقم (م/44) وتاريخ 1446/2/8هـ، وذلك بالموافقة على تعديلات بعض مواد نظام العمل (ويعمل بها من تاريخ 1446/8/20هـ) وعدلت هذه المادة وذلك بإضافة عبارة ""أو الشركات"" بعد كلمة ""المكاتب""",0.18421052631578946,0.6363636363636364,0.20588235294117646,11,36
الثانية والثلاثون,ما هو الإجراء الواجب اتخاذه بخصوص الاستقدام بقصد العمل؟,لا يجوز الاستقدام بقصد العمل إلا بعد موافقة الوزارة. (المادة الثانية والثلاثون),المادة الثانية والثلاثون ,لا يجوز الاستقدام بقصد العمل إلا بعد موافقة الوزارة .,0.75,0.75,1.0,12,9
الثالثة والثلاثون,ما هي الشروط الثلاثة الأساسية لمنح رخصة العمل لغير السعودي؟,1. أن يكون العامل قد دخل البلاد بطريقة مشروعة ومصرحًا له بالعمل. 2. أن يكون من ذوي الكفايات المهنية أو المؤهلات التي تحتاج إليها البلاد. 3. أن يكون متعاقدًا مع صاحب عمل وتحت مسؤوليته. (المادة الثالثة والثلاثون),المادة الثالثة والثلاثون ,لا يجوز لغير السعودي أن يمارس عملًا، ولا يجوز أن يسمح له بمزاولته، إلا بعد الحصول على رخصة عمل من الوزارة وفق النموذج الذي تعده لهذا الغرض. ويشترط لمنح الرخصة ما يأتي 1 - أن يكون العامل قد دخل البلاد بطريقة مشروعة ومصرحًا له بالعمل. 2 - أن يكون من ذوي الكفايات المهنية أو المؤهلات الدراسية التي تحتاج إليها البلاد، ولا يوجد من أبناء البلاد من يحملها أو كان العدد الموجود منهم لا يفي بالحاجة، أو يكون من فئة العمال العاديين التي تحتاج إليها البلاد. 3 - أن يكون متعاقدًا مع صاحب عمل وتحت مسؤوليته. ويقصد بكلمة (العمل) في هذه المادة كل عمل صناعي أو تجاري أو زراعي أو مالي أو غيره وأي خدمة بما في ذلك الخدمة المنزلية.,0.3409090909090909,0.9375,0.3488372093023256,37,116
الخامسة والثلاثون,متى يجوز للوزارة الامتناع عن تجديد رخصة العمل؟,للوزارة أن تمتنع عن تجديد رخصة العمل متى خالف صاحب العمل المعايير الخاصة بتوطين الوظائف التي تضعها الوزارة. (المادة الخامسة والثلاثون),المادة الخامسة والثلاثون ,"تم تعديل هذه المادة بموجب المرسوم الملكي رقم ( م/ 46) وتاريخ 5 / 6 / 1436 هـ ؛ لتكون بالنص الآتي ""للوزارة أن تمتنع عن تجديد رخصة العمل متى خالف صاحب العمل المعايير الخاصة بتوطين الوظائف التي تضعها الوزارة"".",0.47368421052631576,0.9,0.5,21,37
السادسة والثلاثون,من هي الجهة المخولة بتحديد المهن والأعمال التي يحظر على غير السعودي الاشتغال بها؟,على الوزير أن يحدد بقرار منه المهن والأعمال التي يحظر على غير السعودي الاشتغال بها. (المادة السادسة والثلاثون),المادة السادسة والثلاثون ,على الوزير أن يحدد بقرار منه المهن والأعمال التي يحظر على غير السعودي الاشتغال بها.,0.8235294117647058,0.8235294117647058,1.0,18,15
السابعة والثلاثون,فيما يخص عقد عمل غير السعودي، ما هو شكل العقد، ومتى تُعد مدته سنة واحدة؟,يجب أن يكون العقد مكتوباً ومحدد المدة. وإذا خلا العقد من بيان مدته، تعد مدته (سنة) من تاريخ مباشرة العامل الفعلية. (المادة السابعة والثلاثون),المادة السابعة والثلاثون ,"- صدر المرسوم الملكي رقم (م/44) وتاريخ 1446/2/8هـ، وذلك بالموافقة على تعديلات بعض مواد نظام العمل (ويعمل بها من تاريخ 1446/8/20هـ) وعدلت هذه المادة لتكون بالنص الآتي ""يجب أن يكون عقد عمل غير السعودي مكتوباً ومحدد المدة. وإذا خلا العقد من بيان مدته تعد مدته (سنة) من تاريخ مباشرة العامل الفعلية، وإذا استمر العمل بعد انتهاء هذه المدة، عُدَّ متجدداً لمدة مماثلة"".",0.3220338983050847,0.9047619047619048,0.3333333333333333,24,66
الأربعون,ما هي التكاليف الرئيسية التي يتحملها صاحب العمل عن العامل غير السعودي؟ اذكر ثلاثة منها.,يتحمل صاحب العمل: رسوم استقدام العامل غير السعودي، ورسوم الإقامة ورخصة العمل وتجديدهما، وتذكرة عودة العامل إلى موطنه بعد انتهاء العلاقة بين الطرفين. (المادة الأربعون),المادة الأربعون ,"- صدر المرسوم الملكي رقم (م/44) وتاريخ 1446/2/8هـ، وذلك بالموافقة على تعديلات بعض مواد نظام العمل (ويعمل بها من تاريخ 1446/8/20هـ) وعدلت الفقرة (1) من هذه المادة لتكون بالنص الآتي "" يتحمل صاحب العمل رسوم استقدام العامل غير السعودي، ورسوم الإقامة ورخصة العمل وتجديدهما، وما يترتب على تأخير ذلك من غرامات يتسبب بها صاحب العمل، ورسوم تغيير المهنة، والخروج والعودة، وتذكرة عودة العامل إلى موطنه بعد انتهاء العلاقة بين الطرفين "".",0.3492063492063492,0.9565217391304348,0.3548387096774194,25,73
التاسعة والثلاثون,ما هي المحظورات النظامية على كل من صاحب العمل والعامل فيما يخص العمل لدى الغير أو العمل لحساب الخاص؟,لا يجوز لصاحب العمل أن يترك عامله يعمل لدى الغير أو لحسابه الخاص، ولا يجوز للعامل أن يعمل لدى صاحب عمل آخر أو لحسابه الخاص. (المادة التاسعة والثلاثون),المادة التاسعة والثلاثون ,"تم تعديل هذه المادة بموجب المرسوم الملكي رقم ( م / 24 ) وتاريخ 12 / 5 / 1434 هـ ، لتصبح بالنص الآتى ""المادة التاسعة والثلاثون 1 ) لا يجوز - بغير اتباع القواعد والاجراءات النظامية المقررة – أن يترك صاحب العمل عامله يعمل لدى الغير، ولا يجوز للعامل أن يعمل لدى صاحب عمل آخر، كما لا يجوز لصاحب العمل توظيف عامل غيره، وتتولى وزارة العمل التفتيش على المنشآت، والتحقيق في المخالفات التي يتم ضبطها من قبل مفتشيها، ومن ثم إحالتها إلى وزارة الداخلية لتطبيق العقوبات المقررة بشأنها. 2 ) لا يجوز لصاحب العمل أن يترك عامله يعمل لحسابه الخاص، كما لا يجوز للعامل أن يعمل لحسابه الخاص، وتتولى وزارة الداخلية ضبط وإيقاف وترحيل وإيقاع العقوبات على المخالفين من العاملين لحسابهم الخاص (العمالة السائبة) في الشوارع والميادين والمتغيبين عن العمل (الهاربين) وكذلك أصحاب العمل والمشغلين لهؤلاء والمتسترين عليهم والناقلين لهم وكل من له دور في المخالفة وتطبيق العقوبات المقررة بحقهم "".",0.2,0.9523809523809523,0.20202020202020202,28,141
الثامنة والثلاثون,ما هو الإجراء النظامي المطلوب قبل أن يشتغل العامل في مهنة غير المهنة المدونة في رخصة عمله؟,يُحظر على العامل الاشتغال في غير مهنته قبل اتخاذ الإجراءات النظامية لتغيير المهنة. (المادة الثامنة والثلاثون),المادة الثامنة والثلاثون ,لا يجوز لصاحب العمل توظيف العامل في مهنة غير المهنة المدونة في رخصة عمله، ويحظر على العامل الاشتغال في غير مهنته قبل اتخاذ الإجراءات النظامية لتغيير المهنة.,0.46153846153846156,0.75,0.5454545454545454,16,27
الحادية والأربعون,ما هو الهدف من وضع صاحب العمل سياسة لتدريب وتأهيل عماله السعوديين؟,لأجل رفع مهاراتهم وتحسين مستواهم في الأعمال الفنية والإدارية والمهنية وغيرها. (المادة الحادية والأربعون),المادة الحادية والأربعون ,تحدد اللائحة شروط الاستقدام، ونقل الخدمات، وتغيير المهنة، وضوابط ذلك وإجراءاته.,0.0,0.0,0.0,14,11
الثانية والأربعون,ما هي النسبة الدنيا الواجب على صاحب العمل الذي يشغّل خمسين عاملًا فأكثر أن يؤهلها أو يدربها من عماله السعوديين سنويًا؟,ما لا يقل عن (12%) من مجموع عماله سنوياً، ويدخل ضمن هذه النسبة العمال السعوديون الذين يكملون دراساتهم إذا كان صاحب العمل يتحمل تكاليف الدراسة. (المادة الثانية والأربعون),المادة الثانية والأربعون ,"- صدر المرسوم الملكي رقم (م/44) وتاريخ 1446/2/8هـ، وذلك بالموافقة على تعديلات بعض مواد نظام العمل (ويعمل بها من تاريخ 1446/8/20هـ) وعدلت هذه المادة لتكون بالنص الآتي "" على كل صاحب عمل وضع سياسة لتدريب عماله السعوديين وتأهيلهم، من أجل رفع مهاراتهم وتحسين مستواهم في الأعمال الفنية والإدارية والمهنية وغيرها. وتحدد اللائحة الأحكام المتصلة بذلك "".",0.07792207792207792,0.21428571428571427,0.10909090909090909,28,58
الثالثة والأربعون,ما هي العناصر التي يجب أن يشتمل عليها برنامج التدريب؟,يجب أن يشتمل على: المهارة التي يتدرب العامل عليها، القواعد والشروط المتبعة في التدريب، مدته وعدد ساعاته، والبرامج التدريبية النظرية والعملية، وطريقة الاختبار والشهادات التي تمنح في هذا الشأن. (المادة الثالثة والأربعون),المادة الثالثة والأربعون ,"تم تعديل هذه المادة بموجب المرسوم الملكي رقم ( م/ 46) وتاريخ 5 / 6 / 1436 هـ ؛ لتكون بالنص الآتي ""مع عدم الإخلال بما تنص عليه اتفاقيات الامتياز وغيرها من الاتفاقيات من شروط وقواعد خاصة بالتدريب والتأهيل؛ على كل صاحب عمل يشغّل خمسين عاملاً فأكثر أن يؤهل أو يدرب على أعماله من عماله السعوديين ما لا يقل عن (12%) من مجموع عماله سنوياً، ويدخل ضمن هذه النسبة العمال السعوديون الذين يكملون دراساتهم إذا كان صاحب العمل يتحمل تكاليف الدراسة. وللوزير أن يرفع هذه النسبة في بعض المنشآت التي يحددها بقرار منه"".",0.047619047619047616,0.16666666666666666,0.0625,32,90
الرابعة والأربعون والخامسة والأربعون,ما هو تعريف عقد التأهيل والتدريب، وما هي الضوابط المتعلقة بمكافأة المتدرب؟,هو عقد يلتزم بمقتضاه صاحب العمل بتأهيل أو تدريب شخص لإعداده في مهنة معينة. ويجب أن يحدد فيه مقدار المكافأة على ألا يكون تحديدها على أساس القطعة أو الإنتاج. (المادة الرابعة والأربعون والمادة الخامسة والأربعون),,,0.0,0.0,0.0,35,0
السادسة والأربعون,ما هي الفئة التي يجوز للوزير إلزام المنشآت بقبول عدد أو نسبة محددة منها بغية التدريب واستكمال الخبرة العملية؟,طلاب الجامعات والكليات والمعاهد والمراكز وخريجيها. (المادة السادسة والأربعون),المادة السادسة والأربعون ,"- صدر المرسوم الملكي رقم (م/44) وتاريخ 1446/2/8هـ، وذلك بالموافقة على تعديلات بعض مواد نظام العمل (ويعمل بها من تاريخ 1446/8/20هـ) وعدلت هذه المادة لتكون بالنص الآتي "" يجب أن يكون عقد التأهيل أو التدريب مكتوباً، وأن يحدد فيه نوع المهنة المتعاقد للتدريب عليها، ومقدار المكافأة التي تعطى للمتدرب في كل مرحلة، على ألا يكون تحديدها على أساس القطعة أو الإنتاج، ويجب أن تُبيَّن في العقد حقوق المتدرب وصاحب العمل وواجباتهما، وما إذا كان التأهيل أو التدريب في منشأة تتبع صاحب العمل أو لدى منشأة أخرى "".",0.012195121951219513,0.1111111111111111,0.013513513513513514,9,89
السابعة والأربعون,ما هو الشرط الواجب على الطرف الذي يرغب في إنهاء عقد التأهيل أو التدريب قبل الأوان؟,عليه إبلاغ الطرف الآخر بذلك قبل أسبوع على الأقل من تاريخ التوقف عن التدريب أو التأهيل. (المادة السابعة والأربعون),المادة السابعة والأربعون ,"- صدر المرسوم الملكي رقم (م/44) وتاريخ 1446/2/8هـ، وذلك بالموافقة على تعديلات بعض مواد نظام العمل (ويعمل بها من تاريخ 1446/8/20هـ) وعدلت هذه المادة لتكون بالنص الآتي "" للوزير أن يلزم المنشآت بقبول عدد أو تنسبة محددة من طلاب الجامعات والكليات والمعاهد والمراكز وخريجيها؛ بغية التدريب واستكمال الخبرة العملية، وفق الشروط والأوضاع والمدد التي تحددها اللائحة، على أن يُبرم عقد تدريب بين المتدرب وصاحب العمل تطبق في شأنه الأحكام الواردة في هذا الفصل. وللمنشأة أن تقدم مكافأة للمتدرب "".",0.06896551724137931,0.3157894736842105,0.08108108108108109,19,81
السابعة والأربعون,ما هي التبعات المالية على المتدرب إذا رفض العمل لدى صاحب العمل مدة مماثلة لمدة التدريب بعد إكمال تدريبه؟,وجب عليه أن يدفع لصاحب العمل تكاليف التدريب أو التأهيل التي تحملها صاحب العمل أو بنسبة المدة الباقية منها. (المادة السابعة والأربعون),المادة السابعة والأربعون ,"- صدر المرسوم الملكي رقم (م/44) وتاريخ 1446/2/8هـ، وذلك بالموافقة على تعديلات بعض مواد نظام العمل (ويعمل بها من تاريخ 1446/8/20هـ) وعدلت هذه المادة لتكون بالنص الآتي "" للوزير أن يلزم المنشآت بقبول عدد أو تنسبة محددة من طلاب الجامعات والكليات والمعاهد والمراكز وخريجيها؛ بغية التدريب واستكمال الخبرة العملية، وفق الشروط والأوضاع والمدد التي تحددها اللائحة، على أن يُبرم عقد تدريب بين المتدرب وصاحب العمل تطبق في شأنه الأحكام الواردة في هذا الفصل. وللمنشأة أن تقدم مكافأة للمتدرب "".",0.06818181818181818,0.3,0.08108108108108109,22,81
الثانية والخمسون,ما هي الجهة التي تضع نموذج عقد العمل الموحد، وما هي المعلومات الأساسية التي يجب أن يحتوي عليها هذا النموذج؟,تضع الوزارة نموذجاً موحداً لعقد العمل، ويحتوي بصورة أساسية على اسم صاحب العمل ومكانه، واسم العامل وجنسيته، وما يلزم لإثبات شخصيته، وعنوان إقامته، والأجر المتفق عليه، ونوع العمل ومكانه، وتاريخ الالتحاق به، ومدته إن كان محدد المدة. (المادة الثانية والخمسون),المادة الثانية والخمسون ,"تم تعديل هذه المادة بموجب المرسوم الملكي رقم ( م/ 46) وتاريخ 5 / 6 / 1436 هـ ؛ لتكون بالنص الآتي ""1 - مع مراعاة ما ورد في المادة (السابعة والثلاثين) من هذا النظام، تضع الوزارة نموذجاً موحداً لعقد العمل، يحتوي بصورة أساسية على اسم صاحب العمل ومكانه، واسم العامل وجنسيته، وما يلزم لإثبات شخصيته، وعنوان إقامته، والأجر المتفق عليه بما في ذلك المزايا والبدلات، ونوع العمل ومكانه، وتاريخ الالتحاق به، ومدته إن كان محدد المدة. 2 - يجب أن يكون عقد العمل وفق النموذج المشار إليه في الفقرة (1) من هذه المادة، ولطرفي العقد أن يضيفا إليه بنوداً أخرى، بما لا يتعارض مع أحكام هذا النظام ولائحته والقرارات الصادرة تنفيذاً له"".",0.3655913978494624,0.918918918918919,0.37777777777777777,40,108
الثانية والخمسون,هل يجوز لطرفي عقد العمل إضافة بنود جديدة إلى نموذج العقد الموحد؟,نعم، يجوز لطرفي العقد أن يضيفا إليه بنوداً أخرى، بشرط ألا تتعارض هذه البنود مع أحكام نظام العمل ولائحته والقرارات الصادرة تنفيذاً له. (المادة الثانية والخمسون),المادة الثانية والخمسون ,"تم تعديل هذه المادة بموجب المرسوم الملكي رقم ( م/ 46) وتاريخ 5 / 6 / 1436 هـ ؛ لتكون بالنص الآتي ""1 - مع مراعاة ما ورد في المادة (السابعة والثلاثين) من هذا النظام، تضع الوزارة نموذجاً موحداً لعقد العمل، يحتوي بصورة أساسية على اسم صاحب العمل ومكانه، واسم العامل وجنسيته، وما يلزم لإثبات شخصيته، وعنوان إقامته، والأجر المتفق عليه بما في ذلك المزايا والبدلات، ونوع العمل ومكانه، وتاريخ الالتحاق به، ومدته إن كان محدد المدة. 2 - يجب أن يكون عقد العمل وفق النموذج المشار إليه في الفقرة (1) من هذه المادة، ولطرفي العقد أن يضيفا إليه بنوداً أخرى، بما لا يتعارض مع أحكام هذا النظام ولائحته والقرارات الصادرة تنفيذاً له"".",0.16,0.6153846153846154,0.17777777777777778,26,108
الثانية والخمسون,ما هو الغرض الأساسي من وضع الوزارة لنموذج موحد لعقد العمل؟,لتوفير إطار أساسي وموحد يضمن وجود البيانات الجوهرية والالتزام بالأحكام النظامية عند إبرام عقود العمل في القطاع الخاص. (المادة الثانية والخمسون),المادة الثانية والخمسون ,"تم تعديل هذه المادة بموجب المرسوم الملكي رقم ( م/ 46) وتاريخ 5 / 6 / 1436 هـ ؛ لتكون بالنص الآتي ""1 - مع مراعاة ما ورد في المادة (السابعة والثلاثين) من هذا النظام، تضع الوزارة نموذجاً موحداً لعقد العمل، يحتوي بصورة أساسية على اسم صاحب العمل ومكانه، واسم العامل وجنسيته، وما يلزم لإثبات شخصيته، وعنوان إقامته، والأجر المتفق عليه بما في ذلك المزايا والبدلات، ونوع العمل ومكانه، وتاريخ الالتحاق به، ومدته إن كان محدد المدة. 2 - يجب أن يكون عقد العمل وفق النموذج المشار إليه في الفقرة (1) من هذه المادة، ولطرفي العقد أن يضيفا إليه بنوداً أخرى، بما لا يتعارض مع أحكام هذا النظام ولائحته والقرارات الصادرة تنفيذاً له"".",0.027777777777777776,0.14285714285714285,0.03333333333333333,21,108
الثالثة والخمسون,ما هي المدة القصوى لفترة التجربة التي يجب النص عليها صراحة في عقد العمل؟ وما هي المدة التي يمكن تمديدها إليها بحد أقصى؟,المدة القصوى لفترة التجربة هي تسعون يوماً. ويجوز باتفاق مكتوب بين العامل وصاحب العمل تمديدها على ألا تزيد على مائة وثمانين يوماً كحد أقصى. (المادة الثالثة والخمسون),المادة الثالثة والخمسون ,"تم تعديل هذه المادة بموجب المرسوم الملكي رقم ( م/ 46) وتاريخ 5 / 6 / 1436 هـ ؛ لتكون بالنص الآتي ""إذا كان العامل خاضعاً لفترة تجربة، وجب النص على ذلك صراحة في عقد العمل، وتحديدها بوضوح، بحيث لا تزيد على تسعين يوماً. ويجوز باتفاق مكتوب بين العامل وصاحب العمل تمديد فترة التجربة، على ألا تزيد على مائة وثمانين يوماً. ولا تدخل في حساب فترة التجربة إجازة عيدي الفطر والأضحى والإجازة المرضية. ولكل من الطرفين الحق في إنهاء العقد خلال هذه الفترة ما لم يتضمن العقد نصّا يعطي الحق في الإنهاء لأحدهما"".",0.19047619047619047,0.64,0.21333333333333335,27,90
الثالثة والخمسون,ما هي الإجازات التي لا تدخل في حساب فترة التجربة؟,لا تدخل في حساب فترة التجربة إجازة عيدي الفطر والأضحى والإجازة المرضية. (المادة الثالثة والخمسون),المادة الثالثة والخمسون ,"تم تعديل هذه المادة بموجب المرسوم الملكي رقم ( م/ 46) وتاريخ 5 / 6 / 1436 هـ ؛ لتكون بالنص الآتي ""إذا كان العامل خاضعاً لفترة تجربة، وجب النص على ذلك صراحة في عقد العمل، وتحديدها بوضوح، بحيث لا تزيد على تسعين يوماً. ويجوز باتفاق مكتوب بين العامل وصاحب العمل تمديد فترة التجربة، على ألا تزيد على مائة وثمانين يوماً. ولا تدخل في حساب فترة التجربة إجازة عيدي الفطر والأضحى والإجازة المرضية. ولكل من الطرفين الحق في إنهاء العقد خلال هذه الفترة ما لم يتضمن العقد نصّا يعطي الحق في الإنهاء لأحدهما"".",0.16883116883116883,0.8666666666666667,0.17333333333333334,15,90
الثالثة والخمسون,ما هو حق الطرفين (صاحب العمل والعامل) في إنهاء العقد خلال فترة التجربة؟,لكل من الطرفين الحق في إنهاء العقد خلال هذه الفترة ما لم يتضمن العقد نصّاً يعطي الحق في الإنهاء لأحدهما فقط. (المادة الثالثة والخمسون),المادة الثالثة والخمسون ,"تم تعديل هذه المادة بموجب المرسوم الملكي رقم ( م/ 46) وتاريخ 5 / 6 / 1436 هـ ؛ لتكون بالنص الآتي ""إذا كان العامل خاضعاً لفترة تجربة، وجب النص على ذلك صراحة في عقد العمل، وتحديدها بوضوح، بحيث لا تزيد على تسعين يوماً. ويجوز باتفاق مكتوب بين العامل وصاحب العمل تمديد فترة التجربة، على ألا تزيد على مائة وثمانين يوماً. ولا تدخل في حساب فترة التجربة إجازة عيدي الفطر والأضحى والإجازة المرضية. ولكل من الطرفين الحق في إنهاء العقد خلال هذه الفترة ما لم يتضمن العقد نصّا يعطي الحق في الإنهاء لأحدهما"".",0.2,0.7619047619047619,0.21333333333333335,24,90
الرابعة والخمسون,هل يجوز وضع العامل تحت التجربة أكثر من مرة واحدة لدى صاحب عمل واحد؟,الأصل هو لا يجوز وضع العامل تحت التجربة أكثر من مرة واحدة لدى صاحب عمل واحد. (المادة الرابعة والخمسون),المادة الرابعة والخمسون ,"تم تعديل هذه المادة بموجب المرسوم الملكي رقم ( م/ 46) وتاريخ 5 / 6 / 1436 هـ ؛ لتكون بالنص الآتي ""لا يجوز وضع العامل تحت التجربة أكثر من مرة واحدة لدى صاحب عمل واحد. واستثناء من ذلك يجوز باتفاق طرفي العقد - كتابة - إخضاع العامل لفترة تجربة أخرى بشرط أن تكون في مهنة أخرى أو عمل آخر، أو أن يكون قد مضى على انتهاء علاقة العامل بصاحب العمل مدة لا تقل عن ستة أشهر. وإذا أنهي العقد خلال فترة التجربة فإن أيًّا من الطرفين لا يستحق تعويضاً، كما لا يستحق العامل مكافأة نهاية الخدمة عن ذلك"".",0.1875,0.7894736842105263,0.19736842105263158,19,94
الرابعة والخمسون,ما هما الاستثناءان اللذان يجوز فيهما إخضاع العامل لفترة تجربة أخرى لدى صاحب العمل نفسه؟,يجوز باتفاق الطرفين كتابة إخضاع العامل لفترة تجربة أخرى بشرط أن تكون في مهنة أخرى أو عمل آخر، أو أن يكون قد مضى على انتهاء علاقة العامل بصاحب العمل مدة لا تقل عن ستة أشهر. (المادة الرابعة والخمسون),المادة الرابعة والخمسون ,"تم تعديل هذه المادة بموجب المرسوم الملكي رقم ( م/ 46) وتاريخ 5 / 6 / 1436 هـ ؛ لتكون بالنص الآتي ""لا يجوز وضع العامل تحت التجربة أكثر من مرة واحدة لدى صاحب عمل واحد. واستثناء من ذلك يجوز باتفاق طرفي العقد - كتابة - إخضاع العامل لفترة تجربة أخرى بشرط أن تكون في مهنة أخرى أو عمل آخر، أو أن يكون قد مضى على انتهاء علاقة العامل بصاحب العمل مدة لا تقل عن ستة أشهر. وإذا أنهي العقد خلال فترة التجربة فإن أيًّا من الطرفين لا يستحق تعويضاً، كما لا يستحق العامل مكافأة نهاية الخدمة عن ذلك"".",0.41025641025641024,0.9411764705882353,0.42105263157894735,38,94
الرابعة والخمسون,في حال إنهاء عقد العمل خلال فترة التجربة، هل يستحق العامل تعويضاً أو مكافأة نهاية خدمة؟,إذا أنهي العقد خلال فترة التجربة، فإن أيّاً من الطرفين لا يستحق تعويضاً، كما لا يستحق العامل مكافأة نهاية الخدمة عن ذلك. (المادة الرابعة والخمسون),المادة الرابعة والخمسون ,"تم تعديل هذه المادة بموجب المرسوم الملكي رقم ( م/ 46) وتاريخ 5 / 6 / 1436 هـ ؛ لتكون بالنص الآتي ""لا يجوز وضع العامل تحت التجربة أكثر من مرة واحدة لدى صاحب عمل واحد. واستثناء من ذلك يجوز باتفاق طرفي العقد - كتابة - إخضاع العامل لفترة تجربة أخرى بشرط أن تكون في مهنة أخرى أو عمل آخر، أو أن يكون قد مضى على انتهاء علاقة العامل بصاحب العمل مدة لا تقل عن ستة أشهر. وإذا أنهي العقد خلال فترة التجربة فإن أيًّا من الطرفين لا يستحق تعويضاً، كما لا يستحق العامل مكافأة نهاية الخدمة عن ذلك"".",0.2375,0.8260869565217391,0.25,25,94
الخامسة والخمسون,ماذا يحدث لعقد العمل المحدد المدة إذا استمر طرفاه في تنفيذه بعد انقضاء مدته دون تجديد مكتوب؟,إذا استمر طرفاه في تنفيذ عُدَّ العقدُ مجدداً لمدة غير محددة، مع مراعاة ما نصت عليه المادة (السابعة والثلاثون) من هذا النظام بالنسبة إلى غير السعوديين. (المادة الخامسة والخمسون),المادة الخامسة والخمسون ,"تم تعديل هذه المادة بموجب المرسوم الملكي رقم ( م/ 46) وتاريخ 5 / 6 / 1436 هـ ؛ لتكون بالنص الآتي ""1 - ينتهي عقد العمل المحدد المدة بانقضاء مدته، فإذا استمر طرفاه في تنفيذ عُدَّ العقدُ مجدداً لمدة غير محددة. مع مراعاة ما نصت عليه المادة (السابعة والثلاثون) من هذا النظام بالنسبة إلى غير السعوديين. 2 - إذا تضمن العقد المحدد المدة شرطاً يقضي بتجديده لمدة مماثلة أو لمدة محددة، فإنه يتجدد للمدة المتفق عليها. فإن تعدد التجديد ثلاث مرات متتالية، أو بلغت مدة العقد الأصلي مع مدة التجديد أربع سنوات أيهما أقل واستمر الطرفان في تنفيذه؛ تحوّل العقد إلى عقد غير محدد المدة"".",0.27906976744186046,0.8888888888888888,0.2891566265060241,29,101
الخامسة والخمسون,متى يتحول العقد المحدد المدة الذي يتضمن شرطاً بالتجديد، إلى عقد غير محدد المدة؟,يتحول العقد إلى عقد غير محدد المدة إذا تعدد التجديد ثلاث مرات متتالية، أو بلغت مدة العقد الأصلي مع مدة التجديد أربع سنوات أيهما أقل، واستمر الطرفان في تنفيذه. (المادة الخامسة والخمسون),المادة الخامسة والخمسون ,"تم تعديل هذه المادة بموجب المرسوم الملكي رقم ( م/ 46) وتاريخ 5 / 6 / 1436 هـ ؛ لتكون بالنص الآتي ""1 - ينتهي عقد العمل المحدد المدة بانقضاء مدته، فإذا استمر طرفاه في تنفيذ عُدَّ العقدُ مجدداً لمدة غير محددة. مع مراعاة ما نصت عليه المادة (السابعة والثلاثون) من هذا النظام بالنسبة إلى غير السعوديين. 2 - إذا تضمن العقد المحدد المدة شرطاً يقضي بتجديده لمدة مماثلة أو لمدة محددة، فإنه يتجدد للمدة المتفق عليها. فإن تعدد التجديد ثلاث مرات متتالية، أو بلغت مدة العقد الأصلي مع مدة التجديد أربع سنوات أيهما أقل واستمر الطرفان في تنفيذه؛ تحوّل العقد إلى عقد غير محدد المدة"".",0.28735632183908044,0.8620689655172413,0.30120481927710846,32,101
السادسة والخمسون,كيف تُعامل المدة التي يتجدد إليها العقد المحدد المدة في تحديد حقوق العامل؟,تعد المدة التي تجدد إليها العقد امتداداً للمدة الأصلية في تحديد حقوق العامل التي تدخل مدة الخدمة في حسابها. (المادة السادسة والخمسون),المادة السادسة والخمسون ,في جميع الحالات التي يتجدد فيها العقد لمدة محددة، تعد المدة التي تجدد إليها العقد امتدادًا للمدة الأصلية في تحديد حقوق العامل التي تدخل مدة الخدمة في حسابها.,0.5925925925925926,0.8,0.6956521739130435,22,28
السابعة والخمسون,متى ينتهي عقد العمل الذي يبرم من أجل القيام بعمل معين؟,إذا كان العقد من أجل القيام بعمل معين فإنه ينتهي بإنجاز العمل المتفق عليه. (المادة السابعة والخمسون),المادة السابعة والخمسون ,إذا كان العقد من أجل القيام بعمل معين فإنه ينتهي بإنجاز العمل المتفق عليه.,0.8235294117647058,0.8235294117647058,1.0,17,14
الثامنة والخمسون,ما هو الشرط الواجب توافره على صاحب العمل لنقل العامل من مكان عمله الأصلي إلى مكان آخر يقتضي تغيير محل إقامته؟,لا يجوز لصاحب العمل أن ينقل العامل بغير موافقته – كتابةً – من مكان عمله الأصلي إلى مكان آخر يقتضي تغيير محل إقامته. (المادة الثامنة والخمسون),المادة الثامنة والخمسون ,"تم تعديل هذه المادة بموجب المرسوم الملكي رقم ( م/ 46) وتاريخ 5 / 6 / 1436 هـ ؛ لتكون بالنص الآتي ""1 - لا يجوز لصاحب العمل أن ينقل العامل بغير موافقته – كتابةً – من مكان عمله الأصلي إلى مكان آخر يقتضي تغيير محل إقامته. 2 - لصاحب العمل - في حالات الضرورة التي قد تقتضيها ظروف عارضة ولمدة لا تتجاوز ثلاثين يوماً في السنة – تكليف العامل بعمل في مكان يختلف عن المكان المتفق عليه دون اشتراط موافقته، على أن يتحمل صاحب العمل تكاليف انتقال العامل وإقامته خلال تلك المدة"".",0.28378378378378377,0.9130434782608695,0.2916666666666667,24,84
الثامنة والخمسون,في حالات الضرورة العارضة، ما هي أقصى مدة يجوز فيها لصاحب العمل تكليف العامل بعمل في مكان يختلف عن المكان المتفق عليه دون موافقته، وماذا يلتزم به صاحب العمل في هذه الحالة؟,المدة لا تتجاوز ثلاثين يوماً في السنة. ويلتزم صاحب العمل بأن يتحمل تكاليف انتقال العامل وإقامته خلال تلك المدة. (المادة الثامنة والخمسون),المادة الثامنة والخمسون ,"تم تعديل هذه المادة بموجب المرسوم الملكي رقم ( م/ 46) وتاريخ 5 / 6 / 1436 هـ ؛ لتكون بالنص الآتي ""1 - لا يجوز لصاحب العمل أن ينقل العامل بغير موافقته – كتابةً – من مكان عمله الأصلي إلى مكان آخر يقتضي تغيير محل إقامته. 2 - لصاحب العمل - في حالات الضرورة التي قد تقتضيها ظروف عارضة ولمدة لا تتجاوز ثلاثين يوماً في السنة – تكليف العامل بعمل في مكان يختلف عن المكان المتفق عليه دون اشتراط موافقته، على أن يتحمل صاحب العمل تكاليف انتقال العامل وإقامته خلال تلك المدة"".",0.2236842105263158,0.8095238095238095,0.2361111111111111,22,84
التاسعة والخمسون,ما هو الشرط الذي يسمح بنقل العامل ذي الأجر الشهري إلى فئة عمال اليومية أو العمال المعينين بالأجر الأسبوعي أو بالقطعة أو بالساعة؟,الشرط هو موافقة العامل على ذلك كتابةً، ومع عدم الإخلال بالحقوق التي اكتسبها العامل في المدة التي قضاها بالأجر الشهري. (المادة التاسعة والخمسون),المادة التاسعة والخمسون ,لا يجوز نقل العامل ذي الأجر الشهري إلى فئة عمال اليومية أو العمال المعينين بالأجر الأسبوعي أو بالقطعة أو بالساعة، إلا إذا وافق العامل على ذلك كتابة، ومع عدم الإخلال بالحقوق التي اكتسبها العامل في المدة التي قضاها بالأجر الشهري.,0.35,0.6666666666666666,0.42424242424242425,23,40
الستون,متى يجوز لصاحب العمل تكليف العامل بعمل يختلف اختلافاً جوهرياً عن العمل المتفق عليه بغير موافقته الكتابية؟,يجوز ذلك فقط في حالات الضرورة التي قد تقتضيها ظروف عارضة، ولمدة لا تتجاوز ثلاثين يومًا في السنة. (المادة الستون),المادة الستون ,مع عدم الإخلال بما تضمنته المادة (الثامنة والثلاثون) من هذا النظام، لا يجوز تكليف العامل بعمل يختلف اختلافًا جوهريًّا عن العمل المتفق عليه بغير موافقته الكتابية، إلا في حالات الضرورة التي قد تقتضيها ظروف عارضة، ولمدة لا تتجاوز ثلاثين يومًا في السنة.,0.37209302325581395,0.8421052631578947,0.4,20,42
الحادية والستون,اذكر اثنين من الالتزامات الجديدة التي أضيفت على صاحب العمل بموجب المرسوم الملكي رقم (م/44) بخصوص تكافؤ الفرص والسكن والمواصلات.,1. أن يمتنع عن القيام بكل ما من شأنه إبطال أو إضعاف تطبيق تكافؤ الفرص أو المعاملة في الاستخدام والمهنة على أساس التمييز. 2. أن يوفر السكن اللائق لعماله، وله أن يستعيض عن ذلك ببدل نقدي مناسب، أو أن يوفر وسيلة مواصلات مناسبة لعماله وله أن يستعيض عن ذلك ببدل نقدي مناسب. (المادة الحادية والستون),المادة الحادية والستون ,"- صدر المرسوم الملكي رقم (م/44) وتاريخ 1446/2/8هـ، وذلك بالموافقة على تعديلات بعض مواد نظام العمل (ويعمل بها من تاريخ 1446/8/20هـ) وعدلت هذه المادة وذلك بإضافة الفقرات الآتية ""4- أن يمتنع عن القيام بكل ما من شأنه إبطال أو إضعاف تطبيق تكافؤ الفرص أو المعاملة في الاستخدام والمهنة، سواء من خلال الاستبعاد أو التفريق أو التفضيل بين المتقدمين للعمل أو العاملين لديه على أساس العرق أو اللون أو الجنس أو السن أو الإعاقة أو الحالة الاجتماعية أو أي شكل من أشكال التمييز الأخرى. 5- أن يوفر السكن اللائق لعماله. وله أن يستعيض عن ذلك ببدل نقدي مناسب يدفعه لهم مع الأجر. 6- أن يوفر وسيلة مواصلات مناسبة لعماله من مقر سكنهم إلى مقر العمل. وله أن يستعيض عن ذلك ببدل نقدي مناسب يدفعه لهم مع الأجر "".",0.375,0.9230769230769231,0.3870967741935484,55,130
الثانية والستون,متى يكون للعامل الحق في أجر المدة التي لا يؤدي فيها العمل؟,إذا حضر العامل لأداء عمله في الوقت المحدد لذلك، أو بين أنه مستعد لأداء عمله في هذا الوقت، ولم يمنعه عن العمل إلا سبب راجع إلى صاحب العمل. (المادة الثانية والستون),المادة الثانية والستون,إذا حضر العامل لأداء عمله في الوقت المحدد لذلك، أو بين أنه مستعد لأداء عمله في هذا الوقت، ولم يمنعه عن العمل إلا سبب راجع إلى صاحب العمل؛ كان له الحق في أجر المدة التي لا يؤدي فيها العمل.,0.6388888888888888,0.8846153846153846,0.696969696969697,31,39
الثالثة والستون,ما هو الإجراء الذي يجب على صاحب العمل أو وكيله اتخاذه بخصوص المواد المحرمة شرعًا في أماكن العمل؟,على صاحب العمل أو وكيله أو أي شخص له سلطة على العمال، منع دخول أي مادة محرمة شرعًا إلى أماكن العمل، ويطبق بحق من وجدت لديه أو من تعاطاها العقوبات المقررة في هذا النظام. (المادة الثالثة والستون),المادة الثالثة والستون ,على صاحب العمل أو وكيله أو أي شخص له سلطة على العمال، منع دخول أي مادة محرمة شرعًا إلى أماكن العمل، ويطبق بحق من وجدت لديه أو من تعاطاها العقوبات المقررة في هذا النظام، مع عدم الإخلال بالعقوبات الشرعية.,0.7777777777777778,0.9032258064516129,0.8484848484848485,37,39
الرابعة والستون,ما هما الالتزامان اللذان يقعان على صاحب العمل عند انتهاء عقد العمل بخصوص وثائق العامل؟,1. أن يعطي العامل – بناءً على طلبه – شهادة خدمة دون مقابل، يوضح فيها تاريخ الالتحاق والانتهاء والمهنة والأجر الأخير، دون تضمين ما يسيء إلى سمعة العامل. 2. أن يعيد إلى العامل جميع ما أودعه لديه من شهادات أو وثائق. (المادة الرابعة والستون),المادة الرابعة والستون ,"تم تعديل هذه المادة بموجب المرسوم الملكي رقم ( م/ 46) وتاريخ 5 / 6 / 1436 هـ ؛ لتكون بالنص الآتي "" يلتزم صاحب العمل عند انتهاء عقد العمل بما يأتي 1 - أن يعطي العامل – بناءً على طلبه – شهادة خدمة دون مقابل، يوضح فيها تاريخ التحاقه بالعمل، وتاريخ انتهاء علاقته به، ومهنته، ومقدار أجره الأخير. ولا يجوز لصاحب العمل تضمين الشهادة ما قد يسيء إلى سمعة العامل أو يقلل من فرص العمل أمامه. 2 - أن يعيد إلى العامل جميع ما أودعه لديه من شهادات أو وثائق"".",0.38961038961038963,0.8333333333333334,0.4225352112676056,42,83
السادسة والستون,اذكر ثلاث من الواجبات المنصوص عليها على العامل، بالإضافة إلى ما ورد في النظام واللوائح.,1. أن ينجز العمل وفقًا لأصول المهنة ووفق تعليمات صاحب العمل المشروعة. 2. أن يعتني عناية كافية بالآلات والأدوات والمهمات والخامات المملوكة لصاحب العمل. 3. أن يلتزم حسن السلوك والأخلاق أثناء العمل. 4. أن يقدم كل عون ومساعدة دون أجر إضافي في حالات الكوارث والأخطار. 5. أن يخضع للفحوص الطبية التي يطلبها صاحب العمل. 6. أن يحفظ الأسرار الفنية والتجارية والصناعية للمنشأة. (المادة السادسة والستون),المادة السادسة والستون ,الجزاءات التأديبية التي يجوز لصاحب العمل توقيعها على العامل 1 - الإنذار. 2 - الغرامة. 3 - الحرمان من العلاوة أو تأجيلها لمدة لا تزيد على سنة متى كانت مقررة من صاحب العمل. 4 - تأجيل الترقية مدة لا تزيد على سنة متى كانت مقررة من صاحب العمل. 5 - الإيقاف عن العمل مع الحرمان من الأجر. 6- الفصل من العمل في الحالات المقررة في النظام.,0.12790697674418605,0.2,0.2619047619047619,65,61
السادسة والستون,اذكر أربعة من الجزاءات التأديبية التي يجوز لصاحب العمل توقيعها على العامل.,1. الإنذار. 2. الغرامة. 3. الحرمان من العلاوة أو تأجيلها لمدة لا تزيد على سنة. 4. تأجيل الترقية مدة لا تزيد على سنة. 5. الإيقاف عن العمل مع الحرمان من الأجر. 6. الفصل من العمل في الحالات المقررة في النظام. (المادة السادسة والستون),المادة السادسة والستون ,الجزاءات التأديبية التي يجوز لصاحب العمل توقيعها على العامل 1 - الإنذار. 2 - الغرامة. 3 - الحرمان من العلاوة أو تأجيلها لمدة لا تزيد على سنة متى كانت مقررة من صاحب العمل. 4 - تأجيل الترقية مدة لا تزيد على سنة متى كانت مقررة من صاحب العمل. 5 - الإيقاف عن العمل مع الحرمان من الأجر. 6- الفصل من العمل في الحالات المقررة في النظام.,0.6888888888888889,0.9117647058823529,0.7380952380952381,43,61
الثامنة والستون,ما هو القيد الزمني على تشديد الجزاء على العامل في حال تكرار المخالفة؟,لا يجوز تشديد الجزاء في حالة تكرار المخالفة إذا كان قد انقضى على المخالفة السابقة مائة وثمانون يومًا من تاريخ إبلاغ العامل بتوقيع الجزاء عليه عن تلك المخالفة. (المادة الثامنة والستون),المادة الثامنة والستون ,لا يجوز تشديد الجزاء في حالة تكرار المخالفة إذا كان قد انقضى على المخالفة السابقة مائة وثمانون يومًا من تاريخ إبلاغ العامل بتوقيع الجزاء عليه عن تلك المخالفة.,0.8928571428571429,0.8928571428571429,1.0,31,28
التاسعة والستون,ما هي المدة القصوى المسموح بها لاتهام العامل بمخالفة من تاريخ كشفها؟,لا يجوز اتهام العامل بمخالفة مضى على كشفها أكثر من ثلاثين يومًا. (المادة التاسعة والستون),المادة التاسعة والستون ,لا يجوز اتهام العامل بمخالفة مضى على كشفها أكثر من ثلاثين يومًا، ولا يجوز توقيع جزاء تأديبي بعد تاريخ انتهاء التحقيق في المخالفة وثبوتها في حق العامل بأكثر من ثلاثين يومًا.,0.42857142857142855,0.8,0.48,15,31
التاسعة والستون,ما هي المدة القصوى المسموح بها لتوقيع الجزاء التأديبي على العامل بعد تاريخ انتهاء التحقيق وثبوت المخالفة؟,لا يجوز توقيع جزاء تأديبي بعد تاريخ انتهاء التحقيق في المخالفة وثبوتها في حق العامل بأكثر من ثلاثين يومًا. (المادة التاسعة والستون),المادة التاسعة والستون ,لا يجوز اتهام العامل بمخالفة مضى على كشفها أكثر من ثلاثين يومًا، ولا يجوز توقيع جزاء تأديبي بعد تاريخ انتهاء التحقيق في المخالفة وثبوتها في حق العامل بأكثر من ثلاثين يومًا.,0.6428571428571429,0.8571428571428571,0.72,22,31
السبعون,ما هي القيود المفروضة على توقيع الغرامة على العامل عن المخالفة الواحدة في الشهر؟,لا يجوز أن تزيد الغرامة عن المخالفة الواحدة على أجرة خمسة أيام، ولا أن تقتطع من أجره وفاءً للغرامات التي توقع عليه أكثر من أجر خمسة أيام في الشهر الواحد. (المادة السبعون),المادة السبعون ,لا يجوز توقيع جزاء تأديبي على العامل لأمر ارتكبه خارج مكان العمل ما لم يكن متصلًا بالعمل أو بصاحبه أو مديره المسؤول، كما لا يجوز أن يوقع على العامل عن المخالفة الواحدة غرامة تزيد قيمتها على أجرة خمسة أيام، ولا توقيع أكثر من جزاء واحد على المخالفة الواحدة، ولا أن تُقتطع من أجره وفاءً للغرامات التي توقع عليه أكثر من أجر خمسة أيام في الشهر الواحد، ولا أن تزيد مدة إيقافه عن العمل دون أجر على خمسة أيام في الشهر.,0.43636363636363634,0.8571428571428571,0.47058823529411764,32,80
الحادية والسبعون,ما هي الإجراءات الواجب اتباعها لتوقيع جزاء تأديبي على العامل؟ وما هو الاستثناء في المخالفات البسيطة؟,يجب توقيع الجزاء بعد إبلاغه كتابة بما نسب إليه واستجوابه وتحقيق دفاعه وإثبات ذلك في محضر. ويجوز أن يكون الاستجواب شفاهة في المخالفات البسيطة التي لا يتعدى الجزاء فيها الإنذار أو الغرامة باقتطاع ما لا يزيد على أجر يوم واحد. (المادة الحادية والسبعون),المادة الحادية والسبعون ,لا يجوز توقيع جزاء تأديبي على العامل إلا بعد إبلاغه كتابة بما نسب إليه واستجوابه وتحقيق دفاعه وإثبات ذلك في محضر يودع في ملفه الخاص، ويجوز أن يكون الاستجواب شفاهة في المخالفات البسيطة التي لا يتعدى الجزاء المفروض على مرتكبها الإنذار أو الغرامة باقتطاع ما لا يزيد على أجر يوم واحد، على أن يثبت ذلك في المحضر.,0.6730769230769231,0.875,0.7446808510638298,43,57
الثانية والسبعون,ما هي المدة المتاحة للعامل لتقديم تظلمه على قرار توقيع الجزاء على الجهة المختصة لدى صاحب العمل؟,له التظلم كتابة للجهة المختصة لدى صاحب العمل خلال (ثلاثين) يوماً -عدا أيام العطل الرسمية- من تاريخ إبلاغه بالقرار. (المادة الثانية والسبعون),المادة الثانية والسبعون,"- صدر المرسوم الملكي رقم (م/44) وتاريخ 1446/2/8هـ، وذلك بالموافقة على تعديلات بعض مواد نظام العمل (ويعمل بها من تاريخ 1446/8/20هـ) وعدلت هذه المادة لتكون بالنص الآتي "" يجب أن يبلغ العامل بقرار توقيع الجزاء عليه كتابة، فإذا امتنع عن الاستلام أو كان غائباً فيرسل البلاغ بكتاب مسجل على عنوانه المبين في ملفه، وله التظلم كتابة للجهة المختصة لدى صاحب العمل خلال (ثلاثين) يوماً -عدا أيام العطل الرسمية- من تاريخ إبلاغه بالقرار، فإن رُفض تظلمه أو لم يُبت فيه كتابة خلال (خمسة عشر) يوماً من تقديمه كان له حق الاعتراض أمام المحاكم العمالية على القرار الخاص بتوقيع الجزاء عليه خلال (ثلاثين) يوماً -عدا أيام العطل الرسمية- من تاريخ رفض تظلمه أو انتهاء المدة المحددة للبت في التظلم أيهما أقرب"".",0.20833333333333334,0.9090909090909091,0.2127659574468085,22,122
الثالثة والسبعون,ما هو الإجراء الواجب على صاحب العمل اتخاذه بخصوص الغرامات التي يوقعها على العامل، وكيف يتم التصرف بهذه الغرامات؟,يجب على صاحب العمل أن يكتب الغرامات في سجل خاص. ولا يجوز التصرف في الغرامات إلا فيما يعود بالنفع على عمال المنشأة، على أن يكون التصرف بها من قبل اللجنة العمالية في المنشأة أو بموافقة الوزارة في حالة عدم وجود لجنة. (المادة الثالثة والسبعون),المادة الثالثة والسبعون ,"تم تعديل هذه المادة بموجب المرسوم الملكي رقم ( م/ 46) وتاريخ 5 / 6 / 1436 هـ ؛ لتكون بالنص الآتي ""يجب على صاحب العمل أن يكتب الغرامات التي يوقعها على العامل في سجل خاص، مع بيان اسم العامل ومقدار أجره ومقدار الغرامة وسبب توقيعها وتاريخ ذلك. ولا يجوز التصرف في الغرامات إلا فيما يعود بالنفع على عمال المنشأة، على أن يكون التصرف بهذه الغرامات من قبل اللجنة العمالية في المنشأة، وفي حالة عدم وجود لجنة يكون التصرف في الغرامات بموافقة الوزارة"".",0.4626865671641791,0.8857142857142857,0.49206349206349204,44,80
الرابعة والسبعون,اذكر أربعة من الأحوال التي ينتهي فيها عقد العمل.,1. إذا اتفق الطرفان على إنهائه، بشرط أن تكون موافقة العامل كتابية. 2. إذا انتهت المدة المحددة في العقد. 3. بناءً على إرادة أحد الطرفين في العقود غير المحددة المدة. 4. بلوغ العامل سن التقاعد (60 سنة للعمال و55 للعاملات). 5. القوة القاهرة. 6. إغلاق المنشأة نهائياً. 7. إنهاء النشاط الذي يعمل فيه العامل. (المادة الرابعة والسبعون),المادة الرابعة والسبعون ,"تم تعديل هذه المادة بموجب المرسوم الملكي رقم ( م/ 46) وتاريخ 5 / 6 / 1436 هـ ؛ لتكون بالنص الآتي "" ينتهي عقد العمل في أي من الأحوال الآتية 1 - إذا اتفق الطرفان على إنهائه، بشرط أن تكون موافقة العامل كتابية. 2 - إذا انتهت المدة المحددة في العقد، ما لم يكن العقد قد تجدد صراحة وفق أحكام هذا النظام؛ فيستمر إلى أجله. 3 - بناءً على إرادة أحد الطرفين في العقود غير المحددة المدة، وفقاً لما ورد في المادة (الخامسة والسبعين) من هذا النظام. 4 - بلوغ العامل سن التقاعد - وهي ستون سنة للعمال وخمس وخمسون سنة للعاملات - ما لم يتفق الطرفان على الاستمرار في العمل بعد هذه السن، ويجوز تخفيض سن التقاعد في حالات التقاعد المبكر الذي ينص عليه في لائحة تنظيم العمل. وإذا كان عقد العمل محدد المدة، وكانت مدته تمتد إلى ما بعد بلوغ سن التقاعد؛ ففي هذه الحالة ينتهي العقد بانتهاء مدته. 5 - القوة القاهرة. 6 - إغلاق المنشأة نهائياً. 7 - إنهاء النشاط الذي يعمل فيه العامل، ما لم يُتفق على غير ذلك. 8 - أي حالة أخرى ينص عليها نظام آخر"".",0.36507936507936506,0.92,0.3770491803278688,57,170
الخامسة والسبعون,في حال العقد غير محدد المدة، كم يجب أن تكون مدة الإشعار الكتابي للطرف الآخر إذا كان أجر العامل يدفع شهريًا؟ وكم هي المدة لغيره؟,يجب ألا تقل مدة الإشعار عن ستين يوماً إذا كان أجر العامل يدفع شهريًّا، ولا تقل عن ثلاثين يوماً بالنسبة إلى غيره. (المادة الخامسة والسبعون),المادة الخامسة والسبعون ,"تم تعديل هذه المادة بموجب المرسوم الملكي رقم ( م/ 46) وتاريخ 5 / 6 / 1436 هـ ؛ لتكون بالنص الآتي ""إذا كان العقد غير محدد المدة، جاز لأي من طرفيه إنهاؤه بناءً على سبب مشروع يجب بيانه بموجب إشعار يوجه إلى الطرف الآخر كتابةً قبل الإنهاء بمدة تحدد في العقد، على ألا تقل عن ستين يوماً إذا كان أجر العامل يدفع شهريًّا، ولا تقل عن ثلاثين يوماً بالنسبة إلى غيره"".",0.26153846153846155,0.7727272727272727,0.2833333333333333,25,69
السادسة والسبعون,ما هو التعويض المستحق للطرف الآخر إذا لم يراعِ الطرف الذي أنهى العقد غير المحدد المدة مهلة الإشعار النظامية؟,يلتزم بأن يدفع للطرف الآخر عن مهلة الإشعار مبلغاً مساوياً لأجر العامل عن المهلة نفسها، ما لم يتفق الطرفان على أكثر من ذلك. (المادة السادسة والسبعون),المادة السادسة والسبعون ,"تم تعديل هذه المادة بموجب المرسوم الملكي رقم ( م/ 46) وتاريخ 5 / 6 / 1436 هـ ؛ لتكون بالنص الآتي ""إذا لم يراع الطرف الذي أنهى العقد غير المحدد المدة المهلة المحدد للإشعار وفقاً للمادة (الخامسة والسبعين) من هذا النظام، فإنه يلتزم بأن يدفع للطرف الآخر عن مهلة الإشعار مبلغاً مساوياً لأجر العامل عن المهلة نفسها، ما لم يتفق الطرفان على أكثر من ذلك"".",0.38333333333333336,0.92,0.39655172413793105,26,63
السابعة والسبعون,في حال إنهاء عقد العمل غير المحدد المدة لسبب غير مشروع، كم يُقدر التعويض إذا لم يتضمن العقد تعويضاً محدداً؟,يستحق الطرف المتضرر تعويضاً يعادل أجر خمسة عشر يوماً عن كل سنة من سنوات خدمة العامل، على ألا يقل عن أجر العامل لمدة شهرين. (المادة السابعة والسبعون),المادة السابعة والسبعون ,"تم تعديل هذه المادة بموجب المرسوم الملكي رقم ( م/ 46) وتاريخ 5 / 6 / 1436 هـ ؛ لتكون بالنص الآتي ""ما لم يتضمن العقد تعويضاً محدداً مقابل إنهائه من أحد الطرفين لسبب غير مشروع، يستحق الطرف المتضرر من إنهاء العقد تعويضاً على النحو الآتي 1 - أجر خمسة عشر يوماً عن كل سنة من سنوات خدمة العامل، إذا كان العقد غير محدد المدة. 2 - أجر المدة الباقية من العقد إذا كان العقد محدد المدة. 3 - يجب ألا يقل التعويض المشار إليه في الفقرتين (1) و(2) من هذه المادة عن أجر العامل لمدة شهرين"".",0.29577464788732394,0.875,0.3088235294117647,27,92
السابعة والسبعون,في حال إنهاء عقد العمل المحدد المدة لسبب غير مشروع، كم يُقدر التعويض إذا لم يتضمن العقد تعويضاً محدداً؟,يستحق الطرف المتضرر تعويضاً يعادل أجر المدة الباقية من العقد، على ألا يقل التعويض عن أجر العامل لمدة شهرين. (المادة السابعة والسبعون),المادة السابعة والسبعون ,"تم تعديل هذه المادة بموجب المرسوم الملكي رقم ( م/ 46) وتاريخ 5 / 6 / 1436 هـ ؛ لتكون بالنص الآتي ""ما لم يتضمن العقد تعويضاً محدداً مقابل إنهائه من أحد الطرفين لسبب غير مشروع، يستحق الطرف المتضرر من إنهاء العقد تعويضاً على النحو الآتي 1 - أجر خمسة عشر يوماً عن كل سنة من سنوات خدمة العامل، إذا كان العقد غير محدد المدة. 2 - أجر المدة الباقية من العقد إذا كان العقد محدد المدة. 3 - يجب ألا يقل التعويض المشار إليه في الفقرتين (1) و(2) من هذه المادة عن أجر العامل لمدة شهرين"".",0.2535211267605634,0.8571428571428571,0.2647058823529412,22,92
الثامنة والسبعون,ما هو حق العامل في التغيب خلال مهلة الإشعار إذا كان الإشعار من جانب صاحب العمل، وما هو الغرض من هذا الغياب؟,يحق للعامل أن يتغيب خلال مهلة الإشعار يوماً كاملاً في الأسبوع أو ثماني ساعات أثناء الأسبوع، وذلك للبحث عن عمل آخر مع استحقاقه لأجر هذا اليوم أو ساعات الغياب. (المادة الثامنة والسبعون),المادة الثامنة والسبعون ,"تم إلغاء نص هذه المادة بموجب المرسوم الملكي رقم ( م/ 46) وتاريخ 5 / 6 / 1436 هـ ؛ وإحلال النص الآتي محله ""إذا كان الإشعار من جانب صاحب العمل، فيحق للعامل أن يتغيب خلال مهلة الإشعار يوماً كاملاً في الأسبوع أو ثماني ساعات أثناء الأسبوع، وذلك للبحث عن عمل آخر مع استحقاقه لأجر هذا اليوم أو ساعات الغياب. ويكون للعامل تحديد يوم الغياب وساعاته بشرط أن يُشعر صاحب العمل بذلك في اليوم السابق للغياب على الأقل. ولصاحب العمل أن يعفي العامل من العمل أثناء مهلة الإشعار مع احتساب مدة خدمته مستمرة إلى حين انتهاء تلك المهلة، والتزام صاحب العمل بما يترتب على ذلك من آثار وبخاصة استحقاق العامل أجره عن مهلة الإشعار"".",0.2988505747126437,0.896551724137931,0.30952380952380953,32,111
التاسعة والسبعون,متى ينقضي عقد العمل بوفاة صاحب العمل؟ ومتى ينتهي بوفاة العامل؟,لا ينقضي عقد العمل بوفاة صاحب العمل، ما لم تكن شخصيته قد روعيت في إبرام العقد. وينتهي بوفاة العامل أو بعجزه عن أداء عمله. (المادة التاسعة والسبعون),المادة التاسعة والسبعون ,لا ينقضي عقد العمل بوفاة صاحب العمل، ما لم تكن شخصيته قد روعيت في إبرام العقد، ولكنه ينتهي بوفاة العامل أو بعجزه عن أداء عمله، وذلك بموجب شهادة طبية معتمدة من الجهات الصحية المخولة، أو من الطبيب المخول الذي يعينه صاحب العمل.,0.525,0.84,0.5833333333333334,27,42
الثمانون,اذكر أربع من الحالات التي يجوز فيها لصاحب العمل فسخ العقد دون مكافأة أو إشعار أو تعويض، شريطة أن يتيح للعامل الفرصة لإبداء أسباب معارضته.,1. إذا وقع من العامل اعتداء على صاحب العمل أو المدير المسؤول أو أحد رؤسائه أو مرؤوسيه أثناء العمل أو بسببه. 2. إذا لم يؤدِّ العامل التزاماته الجوهرية أو لم يطع الأوامر المشروعة أو لم يراعِ التعليمات الخاصة بسلامة العمل رغم إنذاره. 3. إذا ثبت اتباع العامل سلوكاً سيئاً، أو ارتكابه عملاً مخلاً بالشرف أو الأمانة. 4. إذا وقع من العامل - عمداً - أيُّ فعلٍ يقصد به إلحاق خسارة مادية بصاحب العمل. 5. إذا ثبت أن العامل لجأ إلى التزوير ليحصل على العمل. 6. إذا كان العامل مُعيَّناً تحت الاختبار. 7. إذا تغيب العامل دون سبب مشروع أكثر من ثلاثين يوماً خلال السنة العقدية الواحدة. 8. إذا ثبت أن العامل استغل مركزه الوظيفي بطريقة غير مشروعة. 9. إذا ثبت أن العامل أفشى الأسرار الصناعية أو التجارية الخاصة بالعمل. (المادة الثمانون),المادة الثمانون ,"تم تعديل هذه المادة بموجب المرسوم الملكي رقم ( م/ 46) وتاريخ 5 / 6 / 1436 هـ ؛ لتكون بالنص الآتي ""لا يجوز لصاحب العمل فسخ العقد دون مكافأة العامل، أو إشعاره، أو تعويضه؛ إلا في الحالات الآتية، وبشرط أن يتيح له الفرصة لكي يبدي أسباب معارضته للفسخ 1 - إذا وقع من العامل اعتداء على صاحب العمل أو المدير المسؤول أو أحد رؤسائه أو مرؤوسيه أثناء العمل أو بسببه. 2 - إذا لم يؤدِّ العامل التزاماته الجوهرية المترتبة على عقد العمل أو لم يطع الأوامر المشروعة أو لم يراعِ عمداً التعليمات – التي أعلن عنها صاحب العمل في مكان ظاهر – الخاصة بسلامة العمل والعمال رغم إنذاره كتابة. 3 - إذا ثبت اتباع العامل سلوكاً سيئاً، أو ارتكابه عملاً مخلاً بالشرف أو الأمانة. 4 - إذا وقع من العامل - عمداً - أيُّ فعلٍ أو تقصيرٍ يقصد به إلحاق خسارة مادية بصاحب العمل، بشرط أن يبلغ صاحب العمل الجهات المختصة بالحادث خلال أربع وعشرين ساعة من وقت علمه بوقوعه. 5 - إذا ثبت أن العامل لجأ إلى التزوير ليحصل على العمل. 6 - إذا كان العامل مُعيَّناً تحت الاختبار. 7 - إذا تغيب العامل دون سبب مشروع أكثر من ثلاثين يوماً خلال السنة العقدية الواحدة أو أكثر من خمسة عشر يوماً متتالية، على أن يسبق الفصل إنذار كتابي من صاحب العمل للعامل بعد غيابه عشرين يوماً في الحالة الأولى وانقطاعه عشرة أيام في الحالة الثانية. 8 - إذا ثبت أن العامل استغل مركزه الوظيفي بطريقة غير مشروعة للحصول على نتائج ومكاسب شخصية. 9 - إذا ثبت أن العامل أفشى الأسرار الصناعية أو التجارية الخاصة بالعمل الذي يعمل فيه"".",0.4885057471264368,0.9550561797752809,0.5,129,244
الحادية والثمانون,متى يحق للعامل أن يترك العمل دون إشعار مع احتفاظه بحقوقه النظامية كلها؟ اذكر حالتين.,1. إذا لم يقم صاحب العمل بالوفاء بالتزاماته العقدية أو النظامية الجوهرية إزاء العامل. 2. إذا ثبت أن صاحب العمل أو من يمثله قد أدخل عليه الغش وقت التعاقد فيما يتعلق بشروط العمل وظروفه. 3. إذا كلفه صاحب العمل دون رضاه بعمل يختلف جوهريًّا عن العمل المتفق عليه. 4. إذا وقع من صاحب العمل أو من أحد أفراد أسرته أو من المدير المسؤول اعتداء يتسم بالعنف. 5. إذا اتسمت معاملة صاحب العمل أو المدير المسؤول بمظاهر من القسوة والجور أو الإهانة. 6. إذا كان في مقر العمل خطر جسيم يهدد سلامة العامل أو صحته. (المادة الحادية والثمانون),المادة الحادية والثمانون ,يحق للعامل أن يترك العمل دون إشعار مع احتفاظه بحقوقه النظامية كلها، وذلك في أي من الحالات الآتية 1 - إذا لم يقم صاحب العمل بالوفاء بالتزاماته العقدية أو النظامية الجوهرية إزاء العامل. 2 - إذا ثبت أن صاحب العمل أو من يمثله قد أدخل عليه الغش وقت التعاقد فيما يتعلق بشروط العمل وظروفه. 3 - إذا كلفه صاحب العمل دون رضاه بعمل يختلف جوهريًّا عن العمل المتفق عليه، وخلافًا لما تقرره المادة الستون من هذا النظام. 4 - إذا وقع من صاحب العمل أو من أحد أفراد أسرته أو من المدير المسؤول اعتداء يتسم بالعنف، أو سلوك مخل بالآداب نحو العامل أو أحد أفراد أسرته. 5 - إذا اتسمت معاملة صاحب العمل أو المدير المسؤول بمظاهر من القسوة والجور أو الإهانة. 6 - إذا كان في مقر العمل خطر جسيم يهدد سلامة العامل أو صحته، بشرط أن يكون صاحب العمل قد علم بوجوده، ولم يتخذ من الإجراءات ما يدل على إزالته. 7 - إذا كان صاحب العمل أو من يمثله قد دفع العامل بتصرفاته وعلى الأخص بمعاملته الجائرة أو بمخالفته شروط العقد إلى أن يكون العامل في الظاهر هو الذي أنهى العقد.,0.5517241379310345,0.9552238805970149,0.5663716814159292,97,176
الثانية والثمانون,هل يجوز لصاحب العمل إنهاء خدمة العامل بسبب المرض؟,لا يجوز لصاحب العمل إنهاء خدمة العامل بسبب المرض، قبل استنفاذه المدد المحددة للإجازة المنصوص عليها في هذا النظام. (المادة الثانية والثمانون),المادة الثانية والثمانون ,لا يجوز لصاحب العمل إنهاء خدمة العامل بسبب المرض، قبل استنفاذه المدد المحددة للإجازة المنصوص عليها في هذا النظام، وللعامل الحق في أن يطلب وصل إجازته السنوية بالمرضية.,0.6333333333333333,0.8636363636363636,0.7037037037037037,22,28
الثالثة والثمانون,ما هي الشروط الواجب توافرها لصحة شرط عدم المنافسة على العامل بعد انتهاء العقد؟,يجب لصحة هذا الشرط أن يكون مُحرراً ومُحدداً، من حيث الزمان والمكان ونوع العمل، ويجب ألا تزيد مدته على سنتين من تاريخ انتهاء العلاقة بين الطرفين. (المادة الثالثة والثمانون),المادة الثالثة والثمانون ,"تم تعديل هذه المادة بموجب المرسوم الملكي رقم ( م/ 46) وتاريخ 5 / 6 / 1436 هـ ؛ لتكون بالنص الآتي ""1 - إذا كان العمل المنوط بالعامل يسمح له بمعرفة عملاء صاحب العمل، جاز لصاحب العمل – حمايةً لمصالحه المشروعة – أن يشترط على العامل ألا يقوم بعد انتهاء العقد بمنافسته، ويجب لصحة هذا الشرط أن يكون مُحرراً ومُحدداً، من حيث الزمان والمكان ونوع العمل، ويجب ألا تزيد مدته على سنتين من تاريخ انتهاء العلاقة بين الطرفين. 2 - إذا كان العمل المنوط بالعامل يسمح له بالاطلاع على أسرار عمله، جاز لصاحب العمل – حمايةً لمصالحه المشروعة – أن يشترط على العامل ألا يقوم بعد انتهاء العقد بإفشاء أسراره، ويجب لصحة هذا الشرط أن يكون محرراً ومحدداً، من حيث الزمان والمكان ونوع العمل. 3 - استثناء من أحكام هذا النظام، لصاحب العمل رفع دعوى خلال سنة من تاريخ اكتشاف مخالفة العامل لأيٍّ من التزاماته الواردة في هذه المادة"".",0.2808988764044944,0.8928571428571429,0.29069767441860467,29,140
الرابعة والثمانون,كيف يتم احتساب مكافأة نهاية الخدمة للعامل الذي أكمل 10 سنوات خدمة؟,تحسب على أساس أجر نصف شهر عن كل سنة من السنوات الخمس الأولى، وأجر شهر عن كل سنة من السنوات التالية، ويتخذ الأجر الأخير أساسًا لحساب المكافأة. (المادة الرابعة والثمانون),المادة الرابعة والثمانون ,إذا انتهت علاقة العمل وجب على صاحب العمل أن يدفع إلى العامل مكافأة عن مدة خدمته تحسب على أساس أجر نصف شهر عن كل سنة من السنوات الخمس الأولى، وأجر شهر عن كل سنة من السنوات التالية، ويتخذ الأجر الأخير أساسًا لحساب المكافأة، ويستحق العامل مكافأة عن أجزاء السنة بنسبة ما قضاه منها في العمل.,0.4666666666666667,0.875,0.5,30,55
الخامسة والثمانون,كم يستحق العامل من مكافأة نهاية الخدمة في حال الاستقالة إذا بلغت مدة خدمته سبع سنوات متتالية؟,يستحق ثلثي المكافأة (ثلثيها) إذا زادت مدة خدمته على خمس سنوات متتالية ولم تبلغ عشر سنوات. (المادة الخامسة والثمانون),المادة الخامسة والثمانون ,إذا كان انتهاء علاقة العمل بسبب استقالة العامل يستحق في هذه الحالة ثلث المكافأة بعد خدمة لا تقل مدتها عن سنتين متتاليتين، ولا تزيد على خمس سنوات، ويستحق ثلثيها إذا زادت مدة خدمته على خمس سنوات متتالية ولم تبلغ عشر سنوات، ويستحق المكافأة كاملة إذا بلغت مدة خدمته عشر سنوات فأكثر.,0.32558139534883723,0.7777777777777778,0.358974358974359,19,51
الخامسة والثمانون مكرر,هل يجوز الاتفاق على عدم احتساب العمولات أو النسب المئوية عن ثمن المبيعات في الأجر الذي تُسوّى على أساسه مكافأة نهاية الخدمة؟,نعم، يجوز الاتفاق على ألا تحسب في الأجر الذي تسوى على أساسه مكافأة نهاية الخدمة جميع مبالغ العمولات أو بعضها والنسب المئوية عن ثمن المبيعات وما أشبه ذلك، وتكون قابلة بطبيعتها للزيادة والنقص. (المادة الخامسة والثمانون مكرر),,,0.0,0.0,0.0,37,0
السادسة والثمانون,في أي حالتين تستحق العاملة مكافأة نهاية الخدمة كاملة استثناءً من حكم الاستقالة؟,تستحق المكافأة كاملة إذا أنهت العقد خلال ستة أشهر من تاريخ عقد زواجها أو ثلاثة أشهر من تاريخ وضعها. (المادة السادسة والثمانون),المادة السادسة والثمانون ,استثناء من حكم المادة (الثامنة) من هذا النظام، يجوز الاتفاق على ألا تحسب في الأجر الذي تسوى على أساسه مكافأة نهاية الخدمة جميع مبالغ العمولات أو بعضها والنسب المئوية عن ثمن المبيعات وما أشبه ذلك من عناصر الأجر الذي يدفع إلى العامل وتكون قابلة بطبيعتها للزيادة والنقص.,0.05172413793103448,0.15789473684210525,0.07142857142857142,22,47
السابعة والثمانون,ما هي المدة المحددة على صاحب العمل لتصفية حقوق العامل ودفع أجره إذا انتهت علاقة العمل (إنهاء من طرف صاحب العمل)؟ وما هي المدة إذا كان العامل هو من أنهى العقد؟,إذا انتهت علاقة العمل، وجب على صاحب العمل دفع أجره وتصفية حقوقه خلال أسبوع - على الأكثر. وإذا كان العامل هو الذي أنهى العقد، وجب على صاحب العمل تصفية حقوقه كاملة خلال مدة لا تزيد على أسبوعين. (المادة السابعة والثمانون),المادة السابعة والثمانون ,استثناءً مما ورد في المادة الخامسة والثمانين من هذا النظام تستحق المكافأة كاملة في حالة ترك العامل العمل نتيجة لقوة قاهرة خارجة عن إرادته، كما تستحقها العاملة إذا أنهت العقد خلال ستة أشهر من تاريخ عقد زواجها أو ثلاثة أشهر من تاريخ وضعها.,0.11475409836065574,0.23333333333333334,0.18421052631578946,39,43
الثامنة والثمانون,من هي الجهة المخولة بوضع حد أدنى للأجور؟,لمجلس الوزراء عند الاقتضاء - وبناءً على اقتراح الوزير - وضع حد أدنى للأجور. (المادة الثامنة والثمانون),المادة الثامنة والثمانون ,إذا انتهت خدمة العامل وجب على صاحب العمل دفع أجره وتصفية حقوقه خلال أسبوع- على الأكثر- من تاريخ انتهاء العلاقة العقدية، أما إذا كان العامل هو الذي أنهى العقد وجب على صاحب العمل تصفية حقوقه كاملة خلال مدة لا تزيد على أسبوعين. ولصاحب العمل أن يحسم أي دين مستحق له بسبب العمل من المبالغ المستحقة للعامل.,0.017543859649122806,0.06666666666666667,0.023255813953488372,15,56
التسعون,ما هي مواعيد صرف أجور العمال باليومية والعمال ذوي الأجور الشهرية؟,العمال باليومية تصرف أجورهم مرة كل أسبوع على الأقل. والعمال ذوو الأجور الشهرية تصرف أجورهم مرة في الشهر. (المادة التسعون),المادة التسعون ,"تم تعديل هذه المادة بموجب المرسوم الملكي رقم ( م/ 46) وتاريخ 5 / 6 / 1436 هـ ؛ لتكون بالنص الآتي "" 1 - يجب دفع أجر العامل وكل مبلغ مستحق له بالعملة الرسمية للبلاد طبقاً للأحكام الآتية أ - العمال باليومية تصرف أجورهم مرة كل أسبوع على الأقل. ب - العمال ذوو الأجور الشهرية تصرف أجورهم مرة في الشهر. ج - إذا كان العمل يؤدى بالقطعة، ويحتاج لمدة تزيد على أسبوعين، فيجب أن يحصل العامل على دفعة كل أسبوع تتناسب مع ما أتمه من العمل، ويصرف باقي الأجر كاملاً خلال الأسبوع التالي لتسليم العمل. د - في غير ما ذكر، تؤدى إلى العمال أجورهم مرة كل أسبوع على الأقل. 2 - تلزم المنشآت بدفع الأجور في حسابات العمال عن طريق البنوك المعتمدة في المملكة، بشرط ألا يتجاوز موعد استحقاقها المواعيد المحددة أعلاه، ويجوز للوزير استثناء بعض المنشآت من ذلك"".",0.14018691588785046,0.8823529411764706,0.14285714285714285,20,131
الحادية والتسعون,في حال تسبب عامل في فقد أو إتلاف منتجات بسبب خطئه، كم هو الحد الأقصى المسموح لصاحب العمل باقتطاعه من أجر العامل لهذا الغرض في الشهر الواحد؟,لا يزيد ما يقتطع لهذا الغرض على أجر خمسة أيام في كل شهر. (المادة الحادية والتسعون),المادة الحادية والتسعون ,1- إذا تسبب عامل في فقد أو إتلاف أو تدمير آلات أو منتجات يملكها صاحب العمل أو هي في عهدته وكان ذلك ناشئًا عن خطأ العامل أو مخالفته تعليمات صاحب العمل ولم يكن نتيجة لخطأ الغير أو ناشئًا عن قوة قاهرة، فلصاحب العمل أن يقتطع من أجر العامل المبلغ اللازم للإصلاح أو لإعادة الوضع إلى ما كان عليه على ألا يزيد ما يقتطع لهذا الغرض على أجر خمسة أيام في كل شهر، ولصاحب العمل الحق في التظلم عند الاقتضاء، وذلك بطلب ما هو أكثر من ذلك إذا كان للعامل مال آخر يمكن الاستيفاء منه، وللعامل أن يتظلم مما نسب إليه أو من تقدير صاحب العمل للتعويض أمام هيئة تسوية الخلافات العمالية، فإذا حكمت بعدم أحقية صاحب العمل في الرجوع على العامل بما اقتطعه منه أو حكمت بأقل منه وجب على صاحب العمل أن يرد إلى العامل ما اقتطع منه دون وجه حق خلال سبعة أيام من تاريخ صدور الحكم. 2 - يكون تظلم أي من الطرفين خلال خمسة عشر يوم عمل، وإلا سقط الحق فيه، ويبدأ موعد التظلم بالنسبة إلى صاحب العمل من تاريخ اكتشاف الواقعة، وبالنسبة إلى العامل من تاريخ إبلاغ صاحب العمل له بذلك.,0.0967741935483871,0.75,0.1,16,185
الثانية والتسعون,اذكر ثلاث حالات يجوز فيها حسم مبلغ من أجور العامل دون موافقته الخطية.,1. استرداد قروض صاحب العمل (بشرط ألا يزيد ما يحسم على 10% من أجره). 2. اشتراكات التأمينات الاجتماعية. 3. الغرامات التي توقع على العامل بسبب المخالفات التي يرتكبها. 4. استيفاء دين إنفاذًا لأي حكم قضائي (بشرط ألا يزيد على ربع الأجر). (المادة الثانية والتسعون),المادة الثانية والتسعون ,لا يجوز حسم أي مبلغ من أجور العامل لقاء حقوق خاصة دون موافقة خطية منه، إلا في الحالات الآتية 1 - استرداد قروض صاحب العمل، بشرط ألا يزيد ما يحسم من العامل في هذه الحالة على 10% من أجره. 2 - اشتراكات التأمينات الاجتماعية ، وأي اشتراكات أخرى مستحقة على العامل ومقررة نظامًا. 3 - اشتراكات العامل في صندوق الادخار والقروض المستحقة للصندوق. 4 - أقساط أي مشروع يقوم به صاحب العمل لبناء المساكن بقصد تمليكها للعمال أو أي مزية أخرى. 5 - الغرامات التي توقع على العامل بسبب المخالفات التي يرتكبها، وكذلك المبلغ الذي يقتطع منه مقابل ما أتلفه. 6 - استيفاء دين إنفاذًا لأي حكم قضائي، على ألَّا يزيد ما يحسم شهريًّا لقاء ذلك على ربع الأجر المستحق للعامل ما لم يتضمن الحكم خلاف ذلك. ويستوفى دين النفقة أولًا، ثم دين المأكل والملبس والمسكن قبل الديون الأخرى.,0.3333333333333333,0.9210526315789473,0.3431372549019608,44,132
الثالثة والتسعون,ما هي النسبة القصوى للمبالغ المحسومة من أجر العامل المستحق في جميع الأحوال، ومن هي الجهة التي يجوز لها السماح بالزيادة على هذه النسبة؟,لا يجوز أن تزيد نسبة المبالغ المحسومة على نصف أجر العامل المستحق. ويجوز لهيئة تسوية الخلافات العمالية السماح بالزيادة على تلك النسبة. (المادة الثالثة والتسعون),المادة الثالثة والتسعون ,لا يجوز- في جميع الأحوال- أن تزيد نسبة المبالغ المحسومة على نصف أجر العامل المستحق، ما لم يثبت لدى هيئة تسوية الخلافات العمالية إمكان الزيادة في الحسم على تلك النسبة، أو يثبت لديها حاجة العامل إلى أكثر من نصف أجره، وفي هذه الحالة الأخيرة لا يعطى العامل أكثر من ثلاثة أرباع أجره، مهما كان الأمر.,0.3269230769230769,0.7083333333333334,0.37777777777777777,25,55
الرابعة والتسعون,في حال حسم صاحب العمل مبلغاً من أجر العامل لسبب غير مشروع أو تأخر في أداء الأجر، ما هو الإجراء المتاح للعامل أو لمن يمثله أو مدير مكتب العمل؟ وما هي الغرامة التي يجوز توقيعها على صاحب العمل؟,يجوز لهم أن يتقدموا بطلب إلى هيئة تسوية الخلافات العمالية، كي تأمر صاحب العمل برد ما حسمه أو دفع أجوره المتأخرة. ويجوز للهيئة أن توقع عليه غرامة لا تتجاوز ضعف ما حسم من أجر العامل أو ضعف قيمة الأجر المتأخر. (المادة الرابعة والتسعون),المادة الرابعة والتسعون ,1- إذا حسم من أجر العامل أي مبلغ لسبب غير ما هو منصوص عليه في هذا النظام بغير موافقته الكتابية، أو تأخر صاحب العمل عن أداء أجر العامل في موعد استحقاقه المحدد نظامًا دون مسوغ مشروع كان للعامل أو لمن يمثله أو مدير مكتب العمل المختص أن يتقدم بطلب إلى هيئة تسوية الخلافات العمالية، كي تأمر صاحب العمل أن يرد إلى العامل ما حسمه دون وجه حق، أو يدفع له أجوره المتأخرة. 2 - يجوز للهيئة المذكورة إذا ثبت لديها أن صاحب العمل حسم المبالغ المذكورة أو تأخر في سداد الأجر دون مسوغ أن توقع عليه غرامة لا تتجاوز ضعف ما حسم من أجر العامل أو ضعف قيمة الأجر المتأخر.,0.3780487804878049,0.7948717948717948,0.4189189189189189,43,109
الخامسة والتسعون,في حال عدم النص على الأجر في عقد العمل أو لائحة تنظيم العمل، كيف يتم تقدير الأجر الذي يلتزم به صاحب العمل؟,يؤخذ بالأجر المقدر لعمل من النوع ذاته في المنشأة إن وجد، وإلا قُدِّر طبقًا لعرف المهنة، فإن لم يوجد تولت هيئة تسوية الخلافات العمالية تقدير الأجر وفقًا لمقتضيات العدالة. (المادة الخامسة والتسعون),المادة الخامسة والتسعون ,1- إذا لم ينص عقد العمل أو لائحة تنظيم العمل على الأجر الذي يلتزم به صاحب العمل يؤخذ بالأجر المقدر لعمل من النوع ذاته في المنشأة إن وجد، وإلا قدر الأجر طبقًا لعرف المهنة في الجهة التي يؤدى فيها العمل، فإن لم يوجد تولت هيئة تسوية الخلافات العمالية تقدير الأجر وفقًا لمقتضيات العدالة. 2 - ويتبع ذلك أيضًا في تحديد نوع الخدمة الواجب على العامل أداؤها، وفي تحديد مداها.,0.45161290322580644,0.875,0.4827586206896552,32,68
الثامنة والتسعون,ما هي المدة القصوى لساعات العمل الفعلية في اليوم والأسبوع إذا اعتمد صاحب العمل المعيار اليومي أو الأسبوعي؟ وما هي ساعات العمل المخفضة خلال شهر رمضان للمسلمين؟,الحد الأقصى هو ثماني ساعات في اليوم أو ثمان وأربعين ساعة في الأسبوع. وتخفض ساعات العمل الفعلية خلال شهر رمضان للمسلمين، بحيث لا تزيد على ست ساعات في اليوم، أو ست وثلاثين ساعة في الأسبوع. (المادة الثامنة والتسعون),المادة الثامنة والتسعون ,لا يجوز تشغيل العامل تشغيلًا فعليًّا أكثر من ثماني ساعات في اليوم الواحد، إذا اعتمد صاحب العمل المعيار اليومي، أو أكثر من ثمان وأربعين ساعة في الأسبوع، إذا اعتمد المعيار الأسبوعي. وتخفض ساعات العمل الفعلية خلال شهر رمضان للمسلمين، بحيث لا تزيد على ست ساعات في اليوم، أو ست وثلاثين ساعة في الأسبوع.,0.5238095238095238,0.7857142857142857,0.6111111111111112,38,53
مائة (من فصل تنظيم ساعات العمل),كم هي المدة القصوى لساعات العمل المتتالية المسموح بها للعامل دون فترة راحة؟,لا يعمل العامل أكثر من خمس ساعات متتالية دون فترة للراحة والصلاة والطعام. (المادة مائة),,,0.0,0.0,0.0,15,0
مائة (من فصل تنظيم ساعات العمل),كم هي المدة الدنيا لفترة الراحة والصلاة والطعام المسموح بها للعامل في المرة الواحدة؟,لا تقل فترة الراحة والصلاة والطعام عن نصف ساعة في المرة الواحدة خلال مجموع ساعات العمل. (المادة مائة),,,0.0,0.0,0.0,18,0
مائة (من فصل تنظيم ساعات العمل),ما هو الحد الأقصى لبقاء العامل في مكان العمل خلال اليوم الواحد؟,لا يبقى العامل في مكان العمل أكثر من اثنتي عشرة ساعة في اليوم الواحد. (المادة مائة),,,0.0,0.0,0.0,16,0
مائة وواحد,هل تُحسب الفترات المخصصة للراحة والصلاة والطعام ضمن ساعات العمل الفعلية؟,لا تدخل الفترات المخصصة للراحة والصلاة والطعام ضمن ساعات العمل الفعلية. (المادة مائة وواحد),,,0.0,0.0,0.0,14,0
مائة وواحد,هل يكون العامل تحت سلطة صاحب العمل خلال فترات الراحة والصلاة والطعام؟,لا يكون العامل خلال هذه الفترات تحت سلطة صاحب العمل. (المادة مائة وواحد),,,0.0,0.0,0.0,13,0
مائة وواحد,هل يجوز لصاحب العمل إلزام العامل بالبقاء في مكان العمل خلال فترات الراحة؟,لا يجوز لصاحب العمل أن يلزم العامل بالبقاء خلالها في مكان العمل. (المادة مائة وواحد),,,0.0,0.0,0.0,15,0
مائة واثنان,من هي الجهة المخولة بتحديد الحالات والأعمال التي يتحتم فيها استمرار العمل دون فترة راحة؟,للوزير أن يحدد بقرار منه الحالات والأعمال التي يتحتم فيها استمرار العمل دون فترة راحة لأسباب فنية أو لظروف التشغيل. (المادة مائة واثنان),,,0.0,0.0,0.0,23,0
مائة واثنان,ما هو التزام صاحب العمل في الحالات التي يتطلب فيها العمل الاستمرار دون فترة راحة؟,يلتزم صاحب العمل في هذه الحالات والأعمال بإعطاء فترة للصلاة والطعام والراحة بطريقة تنظمها إدارة المنشأة أثناء العمل. (المادة مائة واثنان),,,0.0,0.0,0.0,21,0
مائة واثنان,ما هو سبب استمرار العمل في بعض الحالات دون فترة راحة؟,يكون استمرار العمل دون فترة راحة بسبب أسباب فنية أو لظروف التشغيل التي يتحتم فيها استمرار العمل. (المادة مائة واثنان),,,0.0,0.0,0.0,20,0
مائة وأربعة,ما هو يوم الراحة الأسبوعية الأساسي لجميع العمال في النظام؟,يوم الجمعة هو يوم الراحة الأسبوعية لجميع العمال. (المادة مائة وأربعة),,,0.0,0.0,0.0,11,0
مائة وأربعة,هل يجوز تعويض يوم الراحة الأسبوعية بمقابل نقدي؟,لا يجوز تعويض يوم الراحة الأسبوعية بمقابل نقدي. (المادة مائة وأربعة),,,0.0,0.0,0.0,11,0
مائة وأربعة,ما هي المدة الدنيا للراحة الأسبوعية المتتالية، وهل تكون بأجر؟,يجب أن تكون مدة الراحة الأسبوعية لا تقل عن أربع وعشرين ساعة متتالية، وتكون بأجر كامل. (المادة مائة وأربعة),,,0.0,0.0,0.0,19,0
مائة وخمسة,ما هي الظروف التي تجيز تجميع الراحات الأسبوعية للعامل؟,يجوز ذلك في الأماكن البعيدة عن العمران وفي الأعمال التي تتطلب طبيعة العمل وظروف التشغيل فيها استمرار العمل. (المادة مائة وخمسة),,,0.0,0.0,0.0,21,0
مائة وخمسة,ما هي المدة القصوى المسموح بها لتجميع الراحات الأسبوعية؟ وما هو الشرط النظامي لتطبيق ذلك؟,المدة القصوى لتجميع الراحات الأسبوعية هي مدة لا تتجاوز ثمانية أسابيع، ويشترط اتفاق صاحب العمل والعمال وموافقة الوزارة على ذلك. (المادة مائة وخمسة),,,0.0,0.0,0.0,23,0
مائة وخمسة,كيف يتم حساب مدة الراحة الأسبوعية المُجَمَّعة؟,يراعى في حسابها أن تبدأ من ساعة وصول العمال إلى أقرب مدينة يتوفر بها وسائل نقل، وتنتهي ساعة العودة إليها. (المادة مائة وخمسة),,,0.0,0.0,0.0,23,0
مائة وستة,اذكر ثلاث من الحالات التي يجوز فيها لصاحب العمل عدم التقيد ببعض أحكام ساعات العمل والراحة الأسبوعية.,1. أعمال الجرد السنوي، وإعداد الميزانية، والتصفية. 2. إذا كان العمل لمنع وقوع حادث خطر، أو إصلاح ما نشأ عنه، أو تلافي خسارة محققة لمواد قابلة للتلف. 3. إذا كان التشغيل بقصد مواجهة ضغط عمل غير عادي. 4. الأعياد والمواسم والمناسبات الأخرى والأعمال الموسمية التي تحدد بقرار من الوزير. (المادة مائة وستة),,,0.0,0.0,0.0,52,0
مائة وستة,في جميع الحالات التي يجوز فيها عدم التقيد بأحكام ساعات العمل، كم هو الحد الأقصى لساعات العمل الفعلية المسموح بها في اليوم والأسبوع؟,لا يجوز أن تزيد ساعات العمل الفعلية على عشر ساعات في اليوم، أو ستين ساعة في الأسبوع. (المادة مائة وستة),,,0.0,0.0,0.0,20,0
مائة وستة,ما هو الحد الأقصى لعدد الأيام المسموح بالعمل فيها في حالة أعمال الجرد السنوي والاستعداد للمواسم؟,بشرط ألا يزيد عدد الأيام التي يشتغل فيها العمال على ثلاثين يومًا في السنة. (المادة مائة وستة),,,0.0,0.0,0.0,17,0
مائة وسبعة,كيف يتم احتساب الأجر الإضافي عن ساعات العمل الإضافية التي يدفعها صاحب العمل للعامل؟,يجب على صاحب العمل أن يدفع للعامل أجراً إضافيًّا يوازي أجر الساعة مضافاً إليه (50%) من أجره الأساسي. (المادة مائة وسبعة),,,0.0,0.0,0.0,21,0
مائة وسبعة,ما هو البديل المتاح لصاحب العمل لتعويض العامل عن الأجر المستحق لساعات العمل الإضافية؟ وما هو الشرط لذلك؟,يجوز لصاحب العمل بموافقة العامل أن يحتسب للعامل أيام إجازة تعويضية مدفوعة الأجر بدلاً عن الأجر المستحق للعامل لساعات العمل الإضافية. (المادة مائة وسبعة),,,0.0,0.0,0.0,24,0
مائة وسبعة,ما هو تاريخ نفاذ تعديلات المادة المتعلقة بالأجر الإضافي بموجب المرسوم الملكي رقم (م/44)؟,يعمل بها من تاريخ 1446/8/20هـ. (المادة مائة وسبعة),,,0.0,0.0,0.0,10,0
مائة وثمانية,اذكر ثلاث فئات من العمال لا تسري عليهم أحكام الحد الأقصى لساعات العمل (المادتين 98 و 101).,1. الأشخاص الذين يشغلون مناصب عالية ذات مسؤولية في الإدارة والتوجيه. 2. الأعمال التجهيزية أو التكميلية التي يجب إنجازها قبل ابتداء العمل أو بعده. 3. العمل الذي يكون متقطعًا بالضرورة. 4. العمال المخصصون للحراسة والنظافة، عدا عمال الحراسة الأمنية المدنية. (المادة مائة وثمانية),,,0.0,0.0,0.0,43,0
مائة وثمانية,ما هو الشرط الواجب توافره في الأشخاص الذين يشغلون مناصب عالية لكي يُستثنوا من أحكام ساعات العمل؟,أن يكون من شأن هذه المناصب أن يتمتع شاغلوها بسلطات صاحب العمل على العمال. (المادة مائة وثمانية),,,0.0,0.0,0.0,17,0
مائة وثمانية,من هي الجهة التي تحدد الأعمال المتقطعة وأعمال الحراسة والنظافة والحد الأقصى لساعات العمل فيها؟,اللائحة تحدد الأعمال المبينة في الفقرات 2، 3، 4 من هذه المادة والحد الأقصى لساعات العمل فيها. (المادة مائة وثمانية),,,0.0,0.0,0.0,20,0
مائة وتسعة,كم هي مدة الإجازة السنوية المستحقة للعامل عن كل عام؟ ومتى تتم زيادتها؟,لا تقل مدتها عن واحد وعشرين يومًا، وتُزاد إلى مدة لا تقل عن ثلاثين يومًا إذا أمضى العامل في خدمة صاحب العمل خمس سنوات متصلة. (المادة مائة وتسعة),,,0.0,0.0,0.0,28,0
مائة وتسعة,ما هو الوضع النظامي للأجر المستحق للإجازة السنوية؟,تكون الإجازة بأجر يدفع مقدمًا. (المادة مائة وتسعة),,,0.0,0.0,0.0,8,0
مائة وتسعة,هل يجوز للعامل النزول عن إجازته السنوية أو الحصول على بدل نقدي عنها أثناء خدمته؟,لا يجوز النزول عنها، أو أن يتقاضى بدلًا نقديًّا عوضًا عن الحصول عليها أثناء خدمته. (المادة مائة وتسعة),,,0.0,0.0,0.0,18,0
مائة وعشرة,ما هو الشرط الذي يجيز للعامل تأجيل إجازته السنوية أو أيامًا منها إلى السنة التالية؟,يجوز له ذلك بموافقة صاحب العمل. (المادة مائة وعشرة),,,0.0,0.0,0.0,9,0
مائة وعشرة,كم هي المدة القصوى التي يحق لصاحب العمل تأجيل إجازة العامل إليها بعد نهاية سنة استحقاقها إذا اقتضت ظروف العمل ذلك؟,لمدة لا تزيد على تسعين يومًا. (المادة مائة وعشرة),,,0.0,0.0,0.0,9,0
مائة وعشرة,في حال استمرار ظروف العمل، ما هو الإجراء المتبع لتأجيل الإجازة لمدة تتجاوز التسعين يومًا؟ وما هو الحد الأقصى للتأجيل في هذه الحالة؟,يجب الحصول على موافقة العامل كتابةً، على ألا يتعدى التأجيل نهاية السنة التالية لسنة استحقاق الإجازة. (المادة مائة وعشرة),,,0.0,0.0,0.0,19,0
مائة وإحدى عشرة,متى يحق للعامل الحصول على أجرة عن أيام الإجازة المستحقة؟,إذا ترك العمل قبل استعماله لها، وذلك بالنسبة إلى المدة التي لم يحصل على إجازته عنها. (المادة مائة وإحدى عشرة),,,0.0,0.0,0.0,20,0
مائة وإحدى عشرة,هل يستحق العامل أجرة الإجازة عن أجزاء السنة في حال ترك العمل؟,نعم، يستحق أجرة الإجازة عن أجزاء السنة بنسبة ما قضاه منها في العمل. (المادة مائة وإحدى عشرة),,,0.0,0.0,0.0,17,0
مائة وإحدى عشرة,ما هو المبدأ العام لاحتساب الأجر المستحق عن الإجازات غير المستخدمة عند نهاية الخدمة؟,هو أجرة الإجازة المستحقة للعامل عن المدة التي لم يحصل على إجازته عنها بنسبة ما قضاه منها في العمل. (المادة مائة وإحدى عشرة),,,0.0,0.0,0.0,23,0
مائة واثنتا عشرة,هل يستحق العامل إجازة بأجر كامل في الأعياد والمناسبات؟,نعم، لكل عامل الحق في إجازة بأجر كامل في الأعياد والمناسبات. (المادة مائة واثنتا عشرة),,,0.0,0.0,0.0,15,0
مائة واثنتا عشرة,من هي الجهة التي تحدد الأعياد والمناسبات التي يستحق فيها العامل الإجازة بأجر كامل؟,الأعياد والمناسبات تحددها اللائحة. (المادة مائة واثنتا عشرة),,,0.0,0.0,0.0,8,0
مائة واثنتا عشرة,هل يشترط لتمتع العامل بإجازات الأعياد والمناسبات أن يكون قد أمضى مدة محددة في الخدمة؟,لا، يستحق كل عامل الحق في هذه الإجازة بأجر كامل. (المادة مائة واثنتا عشرة),,,0.0,0.0,0.0,14,0
مائة وثلاث عشرة,كم هي مدة الإجازة بأجر كامل التي يستحقها العامل في حال زواجه أو وفاة زوجه أو أحد أصوله أو فروعه؟,مدة الإجازة هي خمسة أيام بأجر كامل. (المادة مائة وثلاث عشرة),,,0.0,0.0,0.0,11,0
مائة وثلاث عشرة,كم هي مدة الإجازة المستحقة للعامل في حالة ولادة مولود له؟,مدة الإجازة هي ثلاثة أيام بأجر كامل. (المادة مائة وثلاث عشرة),,,0.0,0.0,0.0,11,0
مائة وثلاث عشرة,هل يحق لصاحب العمل أن يطلب وثائق مؤيدة للحالات المشار إليها (الوفاة، الزواج، الولادة)؟,نعم، يحق لصاحب العمل أن يطلب الوثائق المؤيدة للحالات المشار إليها. (المادة مائة وثلاث عشرة),,,0.0,0.0,0.0,15,0
مائة وأربع عشرة,ما هي المدة التي يستحقها العامل كإجازة لأداء فريضة الحج؟ وكم مرة يستحقها؟,الحق في إجازة بأجر لا تقل مدتها عن عشرة أيام ولا تزيد على خمسة عشر يومًا (بما فيها إجازة عيد الأضحى)، وتكون لمرة واحدة طوال مدة خدمته. (المادة مائة وأربع عشرة),,,0.0,0.0,0.0,31,0
مائة وأربع عشرة,ما هو الشرط الأساسي الذي يجب أن يتوفر في العامل لاستحقاق إجازة الحج؟,أن يكون العامل قد أمضى في العمل لدى صاحب العمل سنتين متصلتين على الأقل، وأن لم يكن قد أداها من قبل. (المادة مائة وأربع عشرة),,,0.0,0.0,0.0,25,0
مائة وأربع عشرة,هل لصاحب العمل سلطة تقديرية في منح إجازة الحج للعمال؟,نعم، لصاحب العمل أن يحدد عدد العمال الذين يمنحون هذه الإجازة سنويًّا وفقًا لمقتضيات العمل. (المادة مائة وأربع عشرة),,,0.0,0.0,0.0,19,0
مائة وخمس عشرة,متى يستحق العامل إجازة بأجر كامل لتأدية الامتحان؟ ومتى تكون الإجازة دون أجر؟,يستحق إجازة بأجر كامل عن سنة غير معادة إذا وافق صاحب العمل على انتسابه. وتكون الإجازة دون أجر إذا كان الامتحان عن سنة معادة. (المادة مائة وخمس عشرة),,,0.0,0.0,0.0,28,0
مائة وخمس عشرة,ماذا يترتب على العامل إذا ثبت أنه لم يؤدِّ الامتحان رغم حصوله على الإجازة؟,يُحرم العامل من أجر الإجازة، مع عدم الإخلال بحق صاحب العمل في مساءلته تأديبيًّا. (المادة مائة وخمس عشرة),,,0.0,0.0,0.0,18,0
مائة وخمس عشرة,إذا لم يحصل العامل على موافقة صاحب العمل على انتسابه إلى مؤسسة تعليمية، كيف يمكنه الحصول على إجازة لتأدية الامتحان؟,له أن يحصل على إجازة تحتسب من إجازته السنوية في حال توافرها، وعند تعذر ذلك فله أن يحصل على إجازة دون أجر بعدد أيام الامتحان الفعلية. (المادة مائة وخمس عشرة),,,0.0,0.0,0.0,30,0
مائة وست عشرة,ما هو الشرط النظامي لحصول العامل على إجازة دون أجر؟,يجب أن تكون بموافقة صاحب العمل، ويتفق الطرفان على تحديد مدتها. (المادة مائة وست عشرة),,,0.0,0.0,0.0,15,0
مائة وست عشرة,متى يُعد عقد العمل موقوفاً خلال مدة الإجازة دون أجر؟,يُعد عقد العمل موقوفًا خلال مدة الإجازة فيما زاد على عشرين يومًا، ما لم يتفق الطرفان على خلاف ذلك. (المادة مائة وست عشرة),,,0.0,0.0,0.0,23,0
مائة وست عشرة,ما هو المبدأ الذي يحكم تحديد مدة الإجازة دون أجر؟,يتم تحديد مدتها بـاتفاق الطرفين (العامل وصاحب العمل). (المادة مائة وست عشرة),,,0.0,0.0,0.0,13,0
مائة وسبع عشرة,ما هو نظام استحقاق الأجر للعامل الذي يثبت مرضه خلال أول 90 يومًا من الإجازة المرضية؟,يستحق العامل إجازة مرضية بأجر كامل عن الثلاثين يومًا الأولى، وبثلاثة أرباع الأجر عن الستين يومًا التالية. (المادة مائة وسبع عشرة),,,0.0,0.0,0.0,21,0
مائة وسبع عشرة,ما هو وضع أجر العامل في الإجازة المرضية التي تلي أول 90 يومًا؟ وكم هي المدة القصوى للإجازة المرضية في السنة الواحدة؟,الإجازة المرضية التي تلي ذلك تكون دون أجر للثلاثين يومًا التي تلي ذلك، وتكون المدة القصوى للإجازة المرضية في السنة الواحدة هي مائة وعشرون يومًا (30 بأجر كامل + 60 بثلاثة أرباع الأجر + 30 دون أجر). (المادة مائة وسبع عشرة),,,0.0,0.0,0.0,39,0
مائة وسبع عشرة,"كيف يتم حساب ""السنة الواحدة"" فيما يخص الإجازات المرضية؟",يقصد بالسنة الواحدة السنة التي تبدأ من تاريخ أول إجازة مرضية، سواء أكانت هذه الإجازات متصلة أم متقطعة. (المادة مائة وسبع عشرة),,,0.0,0.0,0.0,22,0
مائة وثماني عشرة,ما هو الإجراء المحظور على العامل أثناء تمتعه بأي من الإجازات المنصوص عليها في هذا الفصل؟,لا يجوز للعامل أثناء تمتعه بأي من إجازاته أن يعمل لدى صاحب عمل آخر. (المادة مائة وثماني عشرة),,,0.0,0.0,0.0,18,0
مائة وثماني عشرة,ما هو الحق الذي يملكه صاحب العمل إذا أثبت أن العامل قد خالف هذا الحظر؟,له أن يحرمه من أجره عن مدة الإجازة أو يسترد ما سبق أن أداه إليه من ذلك الأجر. (المادة مائة وثماني عشرة),,,0.0,0.0,0.0,22,0
مائة وثماني عشرة,ما هو الإثبات المطلوب من صاحب العمل لكي يحرم العامل من أجر إجازته أو يسترد ما دفعه؟,أن يُثبت صاحب العمل أن العامل قد خالف ذلك وعمل لدى صاحب عمل آخر أثناء تمتعه بإجازته. (المادة مائة وثماني عشرة),,,0.0,0.0,0.0,21,0
مائة وتسع عشرة,هل يُعد العاملون طوال الوقت الذين تم تخفيض ساعات عملهم مؤقتاً لأسباب اقتصادية أو هيكلية عاملين لبعض الوقت؟,لا يُعد العاملون طوال الوقت الذين يتأثرون بتخفيض جماعي ومؤقت لساعات عملهم العادية لأسباب اقتصادية أو تقنية أو هيكلية عاملين لبعض الوقت. (المادة مائة وتسع عشرة),,,0.0,0.0,0.0,26,0
مائة وعشرون,من هي الجهة التي تصدر القواعد والضوابط اللازمة لتنظيم العمل لبعض الوقت؟,يصدر الوزير القواعد والضوابط اللازمة لتنظيم العمل لبعض الوقت. (المادة مائة وعشرون),,,0.0,0.0,0.0,12,0
مائة وعشرون,ما هي أحكام نظام العمل التي تستثنى من قرار الوزير بضوابط العمل لبعض الوقت؟,تستثنى الحماية الممنوحة للعاملين طوال الوقت المماثلين، من حيث السلامة والصحة المهنية وإصابات العمل. (المادة مائة وعشرون),,,0.0,0.0,0.0,17,0
مائة وثلاثة وعشرون,ما هي ثلاثة من الالتزامات الأساسية على صاحب العمل لحفظ المنشأة؟,1. حفظ المنشأة في حالة صحية ونظيفة. 2. إنارتها. 3. تأمين المياه الصالحة للشرب والاغتسال. (المادة مائة وثلاثة وعشرون),,,0.0,0.0,0.0,19,0
مائة وأربعة وعشرون,هل يجوز لصاحب العمل تحميل العمال أو الاقتطاع من أجورهم مقابل توفير الحماية والسلامة المهنية؟,لا يجوز لصاحب العمل أن يحمّل العمال أو يقتطع من أجورهم أي مبلغ لقاء توفير هذه الحماية. (المادة مائة وأربعة وعشرون),,,0.0,0.0,0.0,21,0
مائة وأربعة وعشرون,ما هي الالتزامات المفروضة على صاحب العمل بخصوص إعلان التعليمات الخاصة بسلامة العمل والعمال؟,عليه أن يعلن في مكان ظاهر في المنشأة التعليمات الخاصة بالسلامة، وذلك باللغة العربية وبأي لغة أخرى يفهمها العمال عند الاقتضاء. (المادة مائة وأربعة وعشرون),,,0.0,0.0,0.0,25,0
مائة وخمسة وعشرون,ما هو الواجب على صاحب العمل تجاه العامل قبل مزاولة العمل بخصوص المخاطر؟,على صاحب العمل إحاطة العامل قبل مزاولة العمل بمخاطر مهنته، وإلزامه باستعمال وسائل الوقاية المقررة لها. (المادة مائة وخمسة وعشرون),,,0.0,0.0,0.0,20,0
مائة وخمسة وعشرون,ما هي مسؤولية صاحب العمل بخصوص أدوات الوقاية الشخصية للعمال؟,عليه أن يوفر أدوات الوقاية الشخصية المناسبة للعمال، وتدريبهم على استخدامها. (المادة مائة وخمسة وعشرون),,,0.0,0.0,0.0,15,0
مائة وثلاثة وعشرون,ما هي الجهة التي تضع القواعد والإجراءات المتعلقة بالسلامة والصحة المهنية ومستوياتها؟,تحدد هذه القواعد والإجراءات ومستوياتها وفقًا لما يحدده الوزير بقرار منه. (المادة مائة وثلاثة وعشرون),,,0.0,0.0,0.0,15,0
مائة وستة وعشرون,ما هو الواجب على العامل بخصوص الوسائل الوقائية المخصصة له؟,عليه أن يستعمل الوسائل الوقائية المخصصة لكل عملية، وأن يحافظ عليها. (المادة مائة وستة وعشرون),,,0.0,0.0,0.0,15,0
مائة وستة وعشرون,ما هي التعليمات التي يجب على العامل تنفيذها؟,أن ينفذ التعليمات الموضوعة للمحافظة على صحته ووقايته من الإصابات والأمراض. (المادة مائة وستة وعشرون),,,0.0,0.0,0.0,15,0
مائة وستة وعشرون,ما هو الفعل الذي يجب على العامل الامتناع عن ارتكابه بخصوص وسائل الحماية في مقر العمل؟,أن يمتنع عن ارتكاب أي فعل أو تقصير يتسبب عنه عدم تنفيذ التعليمات، أو إساءة استعمال الوسائل المعدة لحماية مقر العمل وصحة العمال المشتغلين معه وسلامتهم أو تعطيلها. (المادة مائة وستة وعشرون),,,0.0,0.0,0.0,32,0
مائة وسبعة وعشرون,ما هي الإجراءات الاحتياطية التي يجب على صاحب العمل اتخاذها للوقاية من الحريق؟ اذكر اثنين.,1. أن يتخذ الاحتياطات اللازمة للوقاية من الحريق. 2. تهيئة الوسائل الفنية لمكافحته، بما في ذلك تأمين منافذ للنجاة. (المادة مائة وسبعة وعشرون),,,0.0,0.0,0.0,23,0
مائة وسبعة وعشرون,ما هو الواجب على صاحب العمل بخصوص منافذ النجاة في أماكن العمل؟,تأمين منافذ للنجاة، وجعلها صالحة للاستعمال في أي وقت. (المادة مائة وسبعة وعشرون),,,0.0,0.0,0.0,13,0
مائة وسبعة وعشرون,ما هو الإجراء الواجب على صاحب العمل اتخاذه بخصوص تعليمات منع الحريق؟,أن يعلق في مكان ظاهر من أماكن العمل تعليمات مفصلة بشأن وسائل منع الحريق. (المادة مائة وسبعة وعشرون),,,0.0,0.0,0.0,18,0
مائة وثمانية وعشرون,متى يُعد صاحب العمل مسؤولاً عن الحوادث والطوارئ التي تصيب أشخاصاً آخرين غير عماله؟,إذا كانت بسبب إهمال اتخاذ الاحتياطات الفنية التي يتطلبها نوع عمله، وكانوا قد دخلوا أماكن العمل بحكم الوظيفة أو بموافقته. (المادة مائة وثمانية وعشرون),,,0.0,0.0,0.0,24,0
مائة وثمانية وعشرون,ما هو الالتزام المترتب على صاحب العمل تجاه الغير المصاب في مكان العمل بسبب إهماله؟,عليه أن يعوضهم عما يصيبهم من عطل وضرر حسب الأنظمة العامة. (المادة مائة وثمانية وعشرون),,,0.0,0.0,0.0,15,0
مائة وثمانية وعشرون,من هم الأشخاص الآخرون غير العمال الذين يشملهم نطاق مسؤولية صاحب العمل عن الطوارئ والحوادث في أماكن العمل؟,هم الأشخاص الذين يدخلون أماكن العمل بحكم الوظيفة، أو بموافقة صاحب العمل أو وكلائه. (المادة مائة وثمانية وعشرون),,,0.0,0.0,0.0,18,0
مائة وثلاثون,ما هي العبارة التي تُطلق على المنشأة التي تنتج أو تجهز أو تستخدم مادة خطرة بكميات تتجاوز المعايير المسموح بها؟,"عبارة ""المنشأة ذات المخاطر الكبرى"". (المادة مائة وثلاثون)",,,0.0,0.0,0.0,8,0
مائة وثلاثون,"ما هو تعريف ""الحادث الكبير"" في سياق المنشآت ذات المخاطر الكبرى؟",هو أي حادث فجائي مثل التسرب الكبير، أو الحريق، أو الانفجار في مجرى نشاط داخل منشأة ذات مخاطر كبرى، ويؤدي إلى خطر أكبر على العمال أو الجمهور أو البيئة عاجلاً أو آجلاً. (المادة مائة وثلاثون),,,0.0,0.0,0.0,35,0
مائة وواحد وثلاثين,ما هو الالتزام على أصحاب العمل بخصوص تصنيف منشآتهم، ومن هي الجهة التي يتم التنسيق معها؟,على أصحاب العمل تحديد وضع منشآتهم على أساس الضوابط التي تضعها الوزارة، وذلك بالتنسيق مع الوزارة. (المادة مائة وواحد وثلاثين),,,0.0,0.0,0.0,20,0
مائة واثنان وثلاثون,هل تسري أحكام الفصل الخاص بإصابات العمل على المنشآت التي تخضع لفرع الأخطار المهنية من نظام التأمينات الاجتماعية؟,لا تسري أحكام هذا الفصل على المنشآت التي تخضع لفرع الأخطار المهنية من نظام التأمينات الاجتماعية. (المادة مائة واثنان وثلاثون),,,0.0,0.0,0.0,20,0
مائة وثلاثة وثلاثون,في حال إصابة العامل بإصابة عمل أو مرض مهني، ما هو التزام صاحب العمل تجاه علاجه؟,يلتزم بعلاجه، ويتحمل جميع النفقات اللازمة لذلك، بطريقة مباشرة أو غير مباشرة. (المادة مائة وثلاثة وثلاثون),,,0.0,0.0,0.0,16,0
مائة وثلاثة وثلاثون,اذكر ثلاث من النفقات التي يتحملها صاحب العمل لعلاج إصابة العمل أو المرض المهني.,الإقامة في المستشفى، والفحوص والتحاليل الطبية، والأشعة، والأجهزة التعويضية، ونفقات الانتقال إلى أماكن العلاج. (المادة مائة وثلاثة وثلاثون),,,0.0,0.0,0.0,18,0
مائة وأربعة وثلاثون,متى يُعد المرض المهني في حكم إصابة العمل؟ وما هو التاريخ الذي يُعد في حكم تاريخ الإصابة؟,تعد الأمراض المهنية في حكم إصابات العمل، ويُعد تاريخ أول مشاهدة طبية للمرض في حكم تاريخ الإصابة. (المادة مائة وأربعة وثلاثون),,,0.0,0.0,0.0,21,0
مائة وخمسة وثلاثون,ما هي الحالة التي تُعد في حكم الإصابة الأصلية من حيث المعونة والعلاج؟,تُعد في حكم الإصابة حالة الانتكاس أو أي مضاعفة تنشأ عنها، ويسري عليها بالنسبة للمعونة والعلاج ما يسري على الإصابة الأصلية. (المادة مائة وخمسة وثلاثون),,,0.0,0.0,0.0,25,0
مائة وستة وثلاثون,ما هو الأساس النظامي الذي تُحدد وفقه الأمراض المهنية ودرجات العجز الدائم الكلي أو الجزئي؟,تُحدد الأمراض المهنية وفق جدول الأمراض المهنية المنصوص عليه في نظام التأمينات الاجتماعية، وتُحدد درجات العجز الدائم وفق جدول دليل نسب العجز المنصوص عليه في النظام المذكور. (المادة مائة وستة وثلاثون),,,0.0,0.0,0.0,31,0
مائة وسبعة وثلاثون,كم هي المعونة المالية التي يستحقها العامل المصاب بعجز مؤقت عن العمل خلال أول 60 يومًا؟ وكم هي النسبة بعدها؟,يستحق معونة مالية تعادل أجره كاملاً لمدة ستين يوماً، ثم يستحق مقابلاً ماليًّا يعادل (75%) من أجره طوال المدة التي يستغرقها علاجه. (المادة مائة وسبعة وثلاثون),,,0.0,0.0,0.0,26,0
مائة وسبعة وثلاثون,متى تُعد الإصابة عجزاً كليًّا في حال استمرار مدة العلاج؟ وماذا يترتب على ذلك؟,إذا بلغت مدة العلاج سنة أو تقرر طبيًّا عدم احتمال شفائه وحالته الصحية لا تمكنه من العمل، عُدت الإصابة عجزاً كليًّا، ويُنهي العقد ويُعوض عن الإصابة. (المادة مائة وسبعة وثلاثون),,,0.0,0.0,0.0,30,0
مائة وسبعة وثلاثون,هل يحق لصاحب العمل استرداد ما دفعه للمصاب من معونة مالية خلال فترة العلاج التي تصل إلى سنة؟,لا يكون لصاحب العمل حق في استرداد ما دفعه إلى المصاب خلال تلك السنة. (المادة مائة وسبعة وثلاثون),,,0.0,0.0,0.0,18,0
مائة وثمانية وثلاثون,كم يُقدر التعويض المستحق للعامل في حال نتج عن الإصابة عجز دائم كلي أو أدت الإصابة إلى الوفاة؟ وما هو الحد الأدنى لهذا التعويض؟,يُقدر بما يعادل أجره عن مدة ثلاث سنوات، بحد أدنى قدره أربعة وخمسون ألف ريال. (المادة مائة وثمانية وثلاثون),,,0.0,0.0,0.0,19,0
مائة وثمانية وثلاثون,كيف يتم احتساب التعويض للمصاب إذا نتج عن الإصابة عجز دائم جزئي؟,يستحق تعويضًا معادلًا لنسبة ذلك العجز المقدر، مضروبة في قيمة تعويض العجز الدائم الكلي. (المادة مائة وثمانية وثلاثون),,,0.0,0.0,0.0,18,0
مائة وثمانية وثلاثون,من هم المستحقون للتعويض في حال أدت الإصابة إلى وفاة المصاب؟,المستحقون عن المصاب لهم الحق في التعويض. (المادة مائة وثمانية وثلاثون),,,0.0,0.0,0.0,11,0
مائة وتسعة وثلاثون,اذكر حالتين يعفى فيهما صاحب العمل من الالتزام بتحمل نفقات العلاج أو دفع المعونة أو التعويض عن الإصابة.,1. أن العامل تعمد إصابة نفسه. 2. أن الإصابة حدثت بسبب سوء سلوك مقصود من جانب العامل. 3. أن العامل امتنع عن عرض نفسه على طبيب، أو امتنع عن قبول معالجة الطبيب المكلف بعلاجه دون سبب مشروع. (المادة مائة وتسعة وثلاثون),,,0.0,0.0,0.0,41,0
مائة وتسعة وثلاثون,ما هو الإجراء الذي يجب على العامل القيام به لتجنب إعفاء صاحب العمل من الالتزام تجاه الإصابة؟,أن لا يتعمد إصابة نفسه، وأن يتجنب سوء السلوك المقصود، وأن يوافق على عرض نفسه على الطبيب المكلف بالعلاج. (المادة مائة وتسعة وثلاثون),,,0.0,0.0,0.0,23,0
مائة وتسعة وثلاثون,ما هي المواد التي لا يلزم صاحب العمل بما ورد فيها إذا ثبتت إحدى الحالات المذكورة في المادة 139؟,المواد 133 و137 و138 من هذا النظام. (المادة مائة وتسعة وثلاثون),,,0.0,0.0,0.0,11,0
مائة وأربعون,ما هي القاعدة المتبعة في تحديد مسؤولية أصحاب العمل السابقين الذين اشتغل لديهم العامل المصاب بالمرض المهني؟,تُحدد مسؤوليتهم على ضوء التقرير الطبي للطبيب المعالج. (المادة مائة وأربعون),,,0.0,0.0,0.0,11,0
مائة وأربعون,بموجب أي مادة يُلزم أصحاب العمل السابقون بالتعويض؟ وكيف يتم تقسيم مبلغ التعويض بينهم؟,يُلزمون بالتعويض المنصوص عليه في المادة 138 من هذا النظام، ويُلزم كل منهم بنسبة المدة التي قضاها المصاب في خدمته. (المادة مائة وأربعون),,,0.0,0.0,0.0,23,0
مائة وأربعون,ما هو الشرط الواجب توافره لإلزام أصحاب العمل السابقين بالتعويض عن المرض المهني؟,أن تكون الصناعات أو المهن التي يمارسونها مما ينشأ عنها المرض الذي أصيب به العامل. (المادة مائة وأربعون),,,0.0,0.0,0.0,18,0
مائة وواحد وأربعون,من هي الجهة التي تحدد إجراءات الإبلاغ عن إصابات العمل؟,الوزير يحدد بقرار منه إجراءات الإبلاغ عن إصابات العمل. (المادة مائة وواحد وأربعون),,,0.0,0.0,0.0,13,0
مائة واثنان وأربعون,ما هو الالتزام المفروض على صاحب العمل بخصوص الإسعافات الطبية؟,أن يُعد خزانة أو أكثر للإسعافات الطبية، مزودة بالأدوية وغيرها، مما يلزم للإسعافات الطبية الأولية. (المادة مائة واثنان وأربعون),,,0.0,0.0,0.0,19,0
مائة واثنان وأربعون,من هي الجهة التي تحدد محتويات خزانة الإسعافات الطبية وشروط من يقوم بمهمة الإسعافات؟,اللائحة تحدد ما يجب أن تحتويه هذه الخزانة من وسائل الإسعافات الأولية وعددها، وكميات الأدوية، وكذلك شروط من يقوم بمهمة الإسعافات ومستواه. (المادة مائة واثنان وأربعون),,,0.0,0.0,0.0,26,0
مائة وثلاثة وأربعون,ما هو الالتزام على صاحب العمل بخصوص العمال المعرضين لاحتمال الإصابة بأحد الأمراض المهنية؟,أن يعهد إلى طبيب أو أكثر بفحصهم فحصًا شاملاً مرة كل سنة على الأقل. (المادة مائة وثلاثة وأربعون),,,0.0,0.0,0.0,18,0
مائة وثلاثة وأربعون,ما هي الفترة الزمنية الدنيا لعملية الفحص الشامل للعمال المعرضين للأمراض المهنية؟,مرة كل سنة على الأقل. (المادة مائة وثلاثة وأربعون),,,0.0,0.0,0.0,9,0
مائة وثلاثة وأربعون,أين يجب على صاحب العمل أن يثبت نتيجة الفحص الطبي الشامل للعمال؟,في سجلاته، وكذلك في ملفات أولئك العمال. (المادة مائة وثلاثة وأربعون),,,0.0,0.0,0.0,11,0
مائة وأربعة وأربعون,ما هو الالتزام العام على صاحب العمل بخصوص العناية الصحية الوقائية والعلاجية لعماله؟,أن يوفر لعماله العناية الصحية الوقائية والعلاجية طبقاً للمستويات التي يقررها الوزير. (المادة مائة وأربعة وأربعون),,,0.0,0.0,0.0,16,0
مائة وأربعة وأربعون,ما هو النظام الذي يجب على صاحب العمل مراعاته عند توفير العناية الصحية لعماله؟,عليه مراعاة ما يوفره نظام الضمان الصحي التعاوني. (المادة مائة وأربعة وأربعون),,,0.0,0.0,0.0,12,0
مائة وخمسة وأربعون,ما هو الشرط لجواز إنشاء صندوق للتوفير والادخار في المنشأة؟ وهل تكون مساهمة العمال فيه إجبارية؟,الشرط هو موافقة الوزير، على أن تكون مساهمة العمال فيه اختيارية. (المادة مائة وخمسة وأربعون),,,0.0,0.0,0.0,15,0
مائة وستة وأربعون,اذكر ثلاث من الخدمات التي يلزم بها صاحب العمل وعلى نفقته للعاملين في الأماكن البعيدة عن العمران.,1. توفير حوانيت لبيع الطعام والملابس بأسعار معتدلة. 2. توفير وسائل ترفيه وتثقيف مناسبة وملاعب رياضية. 3. إجراء ما يلزم من الترتيبات الطبية المناسبة للمحافظة على صحة العمال وعلاج أسرهم. 4. توفير مدارس لتعليم أولاد العمال. 5. إعداد مساجد أو مصليات. 6. إعداد برامج لمحو الأمية. (المادة مائة وستة وأربعون),,,0.0,0.0,0.0,50,0
مائة وستة وأربعون,من هم أفراد أسرة العامل الذين يشملهم العلاج الشامل الذي يلتزم به صاحب العمل في الأماكن البعيدة عن العمران؟,الزوج والأولاد والأم والأب المقيمون معه. (المادة مائة وستة وأربعون),,,0.0,0.0,0.0,10,0
مائة وسبعة وأربعون,ما هي الأماكن التي يلزم فيها صاحب العمل بتوفير المساكن والمخيمات والوجبات الغذائية للعمال؟ اذكر اثنين.,الأماكن البعيدة عن العمران، والمناجم والمحاجر ومراكز التنقيب عن النفط. (المادة مائة وسبعة وأربعون),,,0.0,0.0,0.0,14,0
مائة وثمانية وأربعون,متى يلزم صاحب العمل بتوفير وسائل الانتقال لعماله؟,إذا كانت أماكن العمل لا تصل إليها وسائل المواصلات المنتظمة في مواعيد تتفق مع مواعيد العمل. (المادة مائة وثمانية وأربعون),,,0.0,0.0,0.0,20,0
مائة وتسعة وأربعون,ما هو الإجراء المحظور على صاحب العمل فيما يخص تشغيل المرأة؟,يُحظر تشغيل المرأة في المهن والأعمال الخطرة أو الضارة. (المادة مائة وتسعة وأربعون),,,0.0,0.0,0.0,13,0
مائة وتسعة وأربعون,من هي الجهة التي تحدد المهن والأعمال الخطرة أو الضارة التي يحظر عمل المرأة فيها أو يُقيّد بشروط؟,يحدد الوزير – بقرار منه – المهن والأعمال التي تعد خطرة أو ضارة من شأنها أن تعرض النساء لأخطار أو أضرار محددة. (المادة مائة وتسعة وأربعون),,,0.0,0.0,0.0,24,0
مائة وخمسون,هل المادة رقم 150 من نظام العمل لا تزال سارية المفعول؟,لا، حُذفت هذه المادة وذلك بموجب المرسوم الملكي رقم (م / 5) وتاريخ 7 / 1 / 1442هـ. (المادة مائة وخمسون),,,0.0,0.0,0.0,18,0
مائة وخمسون,ما هو التاريخ الذي تم فيه حذف المادة 150؟,تم حذفها بتاريخ 7 / 1 / 1442هـ بموجب المرسوم الملكي رقم (م / 5). (المادة مائة وخمسون),,,0.0,0.0,0.0,15,0
مائة وخمسون,ما هو الحكم النظامي الذي يطبق على المادة 150 حاليًا؟,أنها مادة محذوفة. (المادة مائة وخمسون),,,0.0,0.0,0.0,6,0
