المادة القانونية (م),السؤال,الإجابة,Gold_Article,Gold_Text,Overlap_Jaccard,Coverage_Answer_in_Article,Coverage_Article_in_Answer,Answer_Length_Tokens,Article_Length_Tokens
الأولى,ما هو الاسم الرسمي للنظام الذي يحكم العلاقة بين العامل وصاحب العمل في المملكة العربية السعودية؟,يسمى هذا النظام نظام العمل. (المادة الأولى),المادة الأولى ,يسمى هذا النظام نظام العمل.,0.7142857142857143,0.7142857142857143,1.0,7,5
الأولى,ما هو الغرض الأساسي من تسمية القانون بهذا الاسم؟,الغرض هو تحديد الإطار القانوني الذي يحكم العمل والعمال في المملكة. (المادة الأولى),المادة الأولى ,يسمى هذا النظام نظام العمل.,0.058823529411764705,0.07692307692307693,0.2,13,5
الأولى,"ما الذي يشير إليه اسم ""نظام العمل""؟",يشير إلى المجموعة الكاملة من القواعد والأحكام التي تنظم علاقات العمل وحقوق وواجبات الطرفين. (المادة الأولى),المادة الأولى ,يسمى هذا النظام نظام العمل.,0.05,0.0625,0.2,16,5
الثانية,"ما هو تعريف ""العامل"" الجديد والمُعدَّل في نظام العمل؟",العامل هو كل شخص طبيعي - ذكرًا أو أنثى - يعمل لمصلحة صاحب عمل وتحت إدارته أو إشرافه مقابل أجر، ولو كان بعيدًا عن نظارته. (المادة الثانية),المادة الثانية,"- تعديل تعريف العامل وذلك بموجب المرسوم الملكي رقم (م/134) وتاريخ 1440/11/27هـ، ليكون بالنص الآتي "" كل شخص طبيعي - ذكراً أو أنثى - يعمل لمصلحة صاحب عمل وتحت إدارته أو إشرافه مقابل أجر، ولو كان بعيداً عن نظارته "".",0.4523809523809524,0.7916666666666666,0.5135135135135135,25,38
الثانية,هل يشمل تعريف العامل في النظام الأشخاص الذين يعملون عن بُعد؟,نعم، يشمل التعريف العامل ولو كان بعيدًا عن نظارة صاحب العمل، طالما يعمل لمصلحته وتحت إدارته أو إشرافه مقابل أجر. (المادة الثانية),المادة الثانية,"- تعديل تعريف العامل وذلك بموجب المرسوم الملكي رقم (م/134) وتاريخ 1440/11/27هـ، ليكون بالنص الآتي "" كل شخص طبيعي - ذكراً أو أنثى - يعمل لمصلحة صاحب عمل وتحت إدارته أو إشرافه مقابل أجر، ولو كان بعيداً عن نظارته "".",0.2553191489361702,0.5454545454545454,0.32432432432432434,22,38
الثانية,متى أصبح تعريف العامل المُعدَّل ساري المفعول؟,تم تعديل التعريف بموجب المرسوم الملكي رقم (م/134) وتاريخ 1440/11/27هـ. (المادة الثانية),المادة الثانية,"- تعديل تعريف العامل وذلك بموجب المرسوم الملكي رقم (م/134) وتاريخ 1440/11/27هـ، ليكون بالنص الآتي "" كل شخص طبيعي - ذكراً أو أنثى - يعمل لمصلحة صاحب عمل وتحت إدارته أو إشرافه مقابل أجر، ولو كان بعيداً عن نظارته "".",0.2682926829268293,0.7333333333333333,0.2972972972972973,15,38
الثالثة,ما هو الأساس الذي يُعتبر فيه العمل حقاً في النظام السعودي؟,العمل حق للمواطن، ولا يجوز لغيره ممارسته إلا بعد توافر الشروط المنصوص عليها في هذا النظام. (المادة الثالثة),المادة الثالثة ,"عُدلت هذه المادة بموجب المرسوم الملكي رقم (م / 134) وتاريخ 27 / 11 / 1440هـ، لتكون بالنص الآتي ""العمل حق للمواطن، لا يجوز لغيره ممارسته إلا بعد توافر الشروط المنصوص عليها في هذا النظام، والمواطنون متساوون في حق العمل دون أي تمييز على أساس الجنس أو الإعاقة أو السن أو أي شكل من أشكال التمييز الأخرى، سواءً أثناء أداء العمل أو عند التوظيف أو الإعلان عنه"".",0.2807017543859649,0.8888888888888888,0.2909090909090909,18,64
الثالثة,ما هي الأسس التي يُحظر التمييز على أساسها بين المواطنين في حق العمل؟,يُحظر التمييز على أساس الجنس أو الإعاقة أو السن أو أي شكل من أشكال التمييز الأخرى، سواءً أثناء أداء العمل أو عند التوظيف أو الإعلان عنه. (المادة الثالثة),المادة الثالثة ,"عُدلت هذه المادة بموجب المرسوم الملكي رقم (م / 134) وتاريخ 27 / 11 / 1440هـ، لتكون بالنص الآتي ""العمل حق للمواطن، لا يجوز لغيره ممارسته إلا بعد توافر الشروط المنصوص عليها في هذا النظام، والمواطنون متساوون في حق العمل دون أي تمييز على أساس الجنس أو الإعاقة أو السن أو أي شكل من أشكال التمييز الأخرى، سواءً أثناء أداء العمل أو عند التوظيف أو الإعلان عنه"".",0.3684210526315789,0.9130434782608695,0.38181818181818183,28,64
الثالثة,هل المواطنون متساوون في حق العمل وفقاً للنظام؟,نعم، المواطنون متساوون في حق العمل دون أي تمييز. (المادة الثالثة),المادة الثالثة ,"عُدلت هذه المادة بموجب المرسوم الملكي رقم (م / 134) وتاريخ 27 / 11 / 1440هـ، لتكون بالنص الآتي ""العمل حق للمواطن، لا يجوز لغيره ممارسته إلا بعد توافر الشروط المنصوص عليها في هذا النظام، والمواطنون متساوون في حق العمل دون أي تمييز على أساس الجنس أو الإعاقة أو السن أو أي شكل من أشكال التمييز الأخرى، سواءً أثناء أداء العمل أو عند التوظيف أو الإعلان عنه"".",0.13793103448275862,0.7272727272727273,0.14545454545454545,11,64
الرابعة,ما هو المرجع الأعلى الذي يجب على صاحب العمل والعامل الالتزام بمقتضياته عند تطبيق أحكام نظام العمل؟,يجب على صاحب العمل والعامل الالتزام بمقتضيات أحكام الشريعة الإسلامية. (المادة الرابعة),المادة الرابعة ,يجب على صاحب العمل والعامل عند تطبيق أحكام هذا النظام الالتزام بمقتضيات أحكام الشريعة الإسلامية.,0.625,0.8333333333333334,0.7142857142857143,12,15
الرابعة,متى يكون الالتزام بأحكام الشريعة الإسلامية مطلوباً؟,يكون الالتزام مطلوباً عند تطبيق أحكام هذا النظام (نظام العمل). (المادة الرابعة),المادة الرابعة ,يجب على صاحب العمل والعامل عند تطبيق أحكام هذا النظام الالتزام بمقتضيات أحكام الشريعة الإسلامية.,0.3684210526315789,0.5833333333333334,0.5,12,15
الرابعة,هل يُمكن لنظام العمل أن يُخالف أحكام الشريعة الإسلامية؟,لا، يجب على كل من صاحب العمل والعامل الالتزام بمقتضيات أحكام الشريعة الإسلامية، مما يعني أن النظام مبني عليها. (المادة الرابعة),المادة الرابعة ,يجب على صاحب العمل والعامل عند تطبيق أحكام هذا النظام الالتزام بمقتضيات أحكام الشريعة الإسلامية.,0.4583333333333333,0.5238095238095238,0.7857142857142857,21,15
الخامسة,ما هي أنواع عقود العمل التي تسري عليها أحكام نظام العمل؟,تسري أحكام النظام على كل عقد عمل يلتزم بمقتضاه أي شخص بالعمل لمصلحة صاحب عمل وتحت إدارته أو إشرافه مقابل أجر. (المادة الخامسة),المادة الخامسة ,"تم تعديل هذه المادة بموجب المرسوم الملكي رقم ( م/ 46) وتاريخ 5 / 6 / 1436 هـ ؛ لتكون بالنص الآتي "" تسري أحكام هذا النظام على الآتي 1 - كل عقد عمل يلتزم بمقتضاه أي شخص بالعمل لمصلحة صاحب عمل وتحت إدارته أو إشرافه؛ مقابل أجر. 2 - عمال الحكومة والهيئات والمؤسسات العامة، بمن فيهم الذين يشتغلون في المراعي أو الزراعة. 3 - عمال المؤسسات الخيرية. 4 - عقود التأهيل والتدريب مع غير العاملين لدى صاحب العمل في حدود الأحكام الخاصة المنصوص عليها في هذا النظام. 5 - العاملين بعض الوقت في حدود ما يتعلق بالسلامة والصحة المهنية وإصابات العمل وما يقرره الوزير"".",0.23809523809523808,0.9090909090909091,0.24390243902439024,23,96
الخامسة,هل يُطبق نظام العمل على عمال الحكومة والمؤسسات العامة؟,نعم، تسري أحكام النظام على عمال الحكومة والهيئات والمؤسسات العامة، بمن فيهم الذين يشتغلون في المراعي أو الزراعة. (المادة الخامسة),المادة الخامسة ,"تم تعديل هذه المادة بموجب المرسوم الملكي رقم ( م/ 46) وتاريخ 5 / 6 / 1436 هـ ؛ لتكون بالنص الآتي "" تسري أحكام هذا النظام على الآتي 1 - كل عقد عمل يلتزم بمقتضاه أي شخص بالعمل لمصلحة صاحب عمل وتحت إدارته أو إشرافه؛ مقابل أجر. 2 - عمال الحكومة والهيئات والمؤسسات العامة، بمن فيهم الذين يشتغلون في المراعي أو الزراعة. 3 - عمال المؤسسات الخيرية. 4 - عقود التأهيل والتدريب مع غير العاملين لدى صاحب العمل في حدود الأحكام الخاصة المنصوص عليها في هذا النظام. 5 - العاملين بعض الوقت في حدود ما يتعلق بالسلامة والصحة المهنية وإصابات العمل وما يقرره الوزير"".",0.21428571428571427,0.9,0.21951219512195122,20,96
الخامسة,ما هي الفئة من عقود التأهيل والتدريب التي تسري عليها أحكام هذا النظام؟,تسري الأحكام على عقود التأهيل والتدريب مع غير العاملين لدى صاحب العمل، وذلك في حدود الأحكام الخاصة المنصوص عليها في هذا النظام. (المادة الخامسة),المادة الخامسة ,"تم تعديل هذه المادة بموجب المرسوم الملكي رقم ( م/ 46) وتاريخ 5 / 6 / 1436 هـ ؛ لتكون بالنص الآتي "" تسري أحكام هذا النظام على الآتي 1 - كل عقد عمل يلتزم بمقتضاه أي شخص بالعمل لمصلحة صاحب عمل وتحت إدارته أو إشرافه؛ مقابل أجر. 2 - عمال الحكومة والهيئات والمؤسسات العامة، بمن فيهم الذين يشتغلون في المراعي أو الزراعة. 3 - عمال المؤسسات الخيرية. 4 - عقود التأهيل والتدريب مع غير العاملين لدى صاحب العمل في حدود الأحكام الخاصة المنصوص عليها في هذا النظام. 5 - العاملين بعض الوقت في حدود ما يتعلق بالسلامة والصحة المهنية وإصابات العمل وما يقرره الوزير"".",0.23809523809523808,0.9090909090909091,0.24390243902439024,24,96
السادسة,ما هي الأحكام التي تسري على العامل العرضي والموسمي والمؤقت؟,تسري عليهم الأحكام الخاصة بالواجبات وقواعد التأديب، والحد الأقصى لساعات العمل، وفترات الراحة اليومية والأسبوعية، والتشغيل الإضافي، والعطلات الرسمية، وقواعد السلامة والصحة المهنية، وإصابات العمل والتعويض عنها، وما يقرره الوزير. (المادة السادسة),المادة السادسة ,تسري على العامل العرضي والموسمي والمؤقت الأحكام الخاصة بالواجبات وقواعد التأديب، والحد الأقصى لساعات العمل، وفترات الراحة اليومية والراحة الأسبوعية، والتشغيل الإضافي، والعطلات الرسمية، وقواعد السلامة، والصحة المهنية، وإصابات العمل والتعويض عنها، وما يقرره الوزير.,0.7027027027027027,0.8666666666666667,0.7878787878787878,32,35
السادسة,هل يشمل نظام العمل الحد الأقصى لساعات العمل بالنسبة للعمال الموسميين؟,نعم، تسري على العامل الموسمي أحكام الحد الأقصى لساعات العمل وفترات الراحة. (المادة السادسة),المادة السادسة ,تسري على العامل العرضي والموسمي والمؤقت الأحكام الخاصة بالواجبات وقواعد التأديب، والحد الأقصى لساعات العمل، وفترات الراحة اليومية والراحة الأسبوعية، والتشغيل الإضافي، والعطلات الرسمية، وقواعد السلامة، والصحة المهنية، وإصابات العمل والتعويض عنها، وما يقرره الوزير.,0.20512820512820512,0.5714285714285714,0.24242424242424243,14,35
السادسة,هل تُطبق قواعد السلامة والصحة المهنية على العامل العرضي؟,نعم، تسري على العامل العرضي قواعد السلامة والصحة المهنية وإصابات العمل والتعويض عنها. (المادة السادسة),المادة السادسة ,تسري على العامل العرضي والموسمي والمؤقت الأحكام الخاصة بالواجبات وقواعد التأديب، والحد الأقصى لساعات العمل، وفترات الراحة اليومية والراحة الأسبوعية، والتشغيل الإضافي، والعطلات الرسمية، وقواعد السلامة، والصحة المهنية، وإصابات العمل والتعويض عنها، وما يقرره الوزير.,0.2972972972972973,0.7333333333333333,0.3333333333333333,15,35
السابعة,ما هي الفئات التي تُستثنى من تطبيق أحكام نظام العمل؟,يُستثنى من التطبيق أفراد أسرة صاحب العمل، لاعبو الأندية ومدربوها، العمالة المنزلية ومن في حكمهم، عمال الزراعة والرعاة الخاصون ومن في حكمهم، عمال البحر في سفن تقل حمولتها عن خمسمائة طن، والعاملون غير السعوديين القادمون لأداء مهمة محددة لا تزيد عن شهرين. (المادة السابعة),المادة السابعة ,"تم تعديل هذه المادة بموجب المرسوم الملكي رقم ( م/ 46) وتاريخ 5 / 6 / 1436 هـ ؛ لتكون بالنص الآتي "" 1 - يستثنى من تطبيق أحكام هذا النظام كل من أ - أفراد أسرة صاحب العمل، وهم زوجه وأصوله وفروعه الذين يعملون في المنشأة التي لا تضم سواهم. ب - لاعبو الأندية والاتحادات الرياضية ومدربوها. ج - العمالة المنزلية ومن في حكمهم. د - عمال الزراعة والرعاة الخاصون ومن في حكمهم. هـ - عمال البحر الذين يعملون في سفن تقل حمولتها عن خمسمائة طن. و - العاملون غير السعوديين القادمون لأداء مهمة محددة ولمدة لا تزيد على شهرين. 2 - يصدر الوزير - بالتنسيق مع الجهات المختصة - لائحة أو أكثر للفئات الواردة في الفقرات (أ) و(ج) و(د) و(هـ) و(و) من الفقرة (1) من هذه المادة؛ تشتمل على الحقوق والواجبات والأحكام الخاصة الأخرى ذات الصلة بكل فئة"".",0.3148148148148148,0.8947368421052632,0.3269230769230769,44,130
السابعة,ما هي الشروط المطبقة على أفراد أسرة صاحب العمل ليتم استثناؤهم من أحكام النظام؟,يجب أن يكونوا زوج صاحب العمل وأصوله وفروعه الذين يعملون في المنشأة التي لا تضم سواهم (أي لا يوجد عمال آخرون غيرهم). (المادة السابعة),المادة السابعة ,"تم تعديل هذه المادة بموجب المرسوم الملكي رقم ( م/ 46) وتاريخ 5 / 6 / 1436 هـ ؛ لتكون بالنص الآتي "" 1 - يستثنى من تطبيق أحكام هذا النظام كل من أ - أفراد أسرة صاحب العمل، وهم زوجه وأصوله وفروعه الذين يعملون في المنشأة التي لا تضم سواهم. ب - لاعبو الأندية والاتحادات الرياضية ومدربوها. ج - العمالة المنزلية ومن في حكمهم. د - عمال الزراعة والرعاة الخاصون ومن في حكمهم. هـ - عمال البحر الذين يعملون في سفن تقل حمولتها عن خمسمائة طن. و - العاملون غير السعوديين القادمون لأداء مهمة محددة ولمدة لا تزيد على شهرين. 2 - يصدر الوزير - بالتنسيق مع الجهات المختصة - لائحة أو أكثر للفئات الواردة في الفقرات (أ) و(ج) و(د) و(هـ) و(و) من الفقرة (1) من هذه المادة؛ تشتمل على الحقوق والواجبات والأحكام الخاصة الأخرى ذات الصلة بكل فئة"".",0.12389380530973451,0.6086956521739131,0.1346153846153846,24,130
السابعة,من هي الجهة التي تصدر اللوائح الخاصة لتنظيم الحقوق والواجبات للفئات المستثناة؟,يصدر الوزير - بالتنسيق مع الجهات المختصة - لائحة أو أكثر للفئات المستثناة؛ تشتمل على الحقوق والواجبات والأحكام الخاصة الأخرى ذات الصلة. (المادة السابعة),المادة السابعة ,"تم تعديل هذه المادة بموجب المرسوم الملكي رقم ( م/ 46) وتاريخ 5 / 6 / 1436 هـ ؛ لتكون بالنص الآتي "" 1 - يستثنى من تطبيق أحكام هذا النظام كل من أ - أفراد أسرة صاحب العمل، وهم زوجه وأصوله وفروعه الذين يعملون في المنشأة التي لا تضم سواهم. ب - لاعبو الأندية والاتحادات الرياضية ومدربوها. ج - العمالة المنزلية ومن في حكمهم. د - عمال الزراعة والرعاة الخاصون ومن في حكمهم. هـ - عمال البحر الذين يعملون في سفن تقل حمولتها عن خمسمائة طن. و - العاملون غير السعوديين القادمون لأداء مهمة محددة ولمدة لا تزيد على شهرين. 2 - يصدر الوزير - بالتنسيق مع الجهات المختصة - لائحة أو أكثر للفئات الواردة في الفقرات (أ) و(ج) و(د) و(هـ) و(و) من الفقرة (1) من هذه المادة؛ تشتمل على الحقوق والواجبات والأحكام الخاصة الأخرى ذات الصلة بكل فئة"".",0.18867924528301888,0.9090909090909091,0.19230769230769232,22,130
الثامنة,ما هو مصير أي شرط في عقد العمل يخالف أحكام نظام العمل؟,يبطل كل شرط يخالف أحكام هذا النظام. (المادة الثامنة),المادة الثامنة ,يبطل كل شرط يخالف أحكام هذا النظام، ويبطل كل إبراء أو مصالحة عن الحقوق الناشئة للعامل بموجب هذا النظام أثناء سريان عقد العمل، ما لم يكن أكثر فائدة للعامل.,0.25925925925925924,0.7777777777777778,0.28,9,29
الثامنة,متى يبطل إبراء العامل أو مصالحته عن حقوقه الناشئة بموجب النظام؟,يبطل كل إبراء أو مصالحة عن الحقوق الناشئة للعامل بموجب هذا النظام أثناء سريان عقد العمل، ما لم يكن ذلك الإبراء أو المصالحة أكثر فائدة للعامل. (المادة الثامنة),المادة الثامنة ,يبطل كل شرط يخالف أحكام هذا النظام، ويبطل كل إبراء أو مصالحة عن الحقوق الناشئة للعامل بموجب هذا النظام أثناء سريان عقد العمل، ما لم يكن أكثر فائدة للعامل.,0.7,0.8076923076923077,0.84,28,29
الثامنة,ما هو المعيار الذي يجعل المصالحة عن حقوق العامل أثناء سريان العقد صحيحة؟,المعيار هو أن تكون المصالحة أو الإبراء أكثر فائدة للعامل. (المادة الثامنة),المادة الثامنة ,يبطل كل شرط يخالف أحكام هذا النظام، ويبطل كل إبراء أو مصالحة عن الحقوق الناشئة للعامل بموجب هذا النظام أثناء سريان عقد العمل، ما لم يكن أكثر فائدة للعامل.,0.12121212121212122,0.3333333333333333,0.16,12,29
التاسعة,ما هي اللغة الواجبة الاستعمال في عقود العمل والبيانات الرسمية داخل المنشأة؟,اللغة العربية هي الواجبة الاستعمال في البيانات والسجلات والملفات وعقود العمل والتعليمات الصادرة للعمال. (المادة التاسعة),المادة التاسعة ,اللغة العربية هي الواجبة الاستعمال في البيانات والسجلات والملفات وعقود العمل وغيرها مما هو منصوص عليه في هذا النظام، أو في أي قرار صادر تطبيقًا لأحكامه، وكذلك التعليمات التي يصدرها صاحب العمل لعماله. وإذا استعمل صاحب العمل لغة أجنبية إلى جانب اللغة العربية في أي من الحالات المذكورة فإن النص العربي هو المعتمد دون غيره.,0.22,0.6875,0.24444444444444444,16,55
التاسعة,في حال استخدام لغة أجنبية إلى جانب العربية في عقد العمل، أي النصين هو المعتمد قانونياً؟,النص العربي هو المعتمد دون غيره. (المادة التاسعة),المادة التاسعة ,اللغة العربية هي الواجبة الاستعمال في البيانات والسجلات والملفات وعقود العمل وغيرها مما هو منصوص عليه في هذا النظام، أو في أي قرار صادر تطبيقًا لأحكامه، وكذلك التعليمات التي يصدرها صاحب العمل لعماله. وإذا استعمل صاحب العمل لغة أجنبية إلى جانب اللغة العربية في أي من الحالات المذكورة فإن النص العربي هو المعتمد دون غيره.,0.1276595744680851,0.75,0.13333333333333333,8,55
التاسعة,هل التعليمات التي يصدرها صاحب العمل لعماله يجب أن تكون باللغة العربية؟,نعم، التعليمات التي يصدرها صاحب العمل لعماله هي مما يجب استعمال اللغة العربية فيه. (المادة التاسعة),المادة التاسعة ,اللغة العربية هي الواجبة الاستعمال في البيانات والسجلات والملفات وعقود العمل وغيرها مما هو منصوص عليه في هذا النظام، أو في أي قرار صادر تطبيقًا لأحكامه، وكذلك التعليمات التي يصدرها صاحب العمل لعماله. وإذا استعمل صاحب العمل لغة أجنبية إلى جانب اللغة العربية في أي من الحالات المذكورة فإن النص العربي هو المعتمد دون غيره.,0.19607843137254902,0.625,0.2222222222222222,16,55
العاشرة,ما هو التقويم المعتمد لحساب جميع المدد والمواعيد المنصوص عليها في نظام العمل؟,تحسب جميع المدد والمواعيد المنصوص عليها في هذا النظام بالتقويم الهجري. (المادة العاشرة),المادة العاشرة ,تحسب جميع المدد والمواعيد المنصوص عليها في هذا النظام بالتقويم الهجري، ما لم ينص في عقد العمل أو لائحة تنظيم العمل على خلاف ذلك.,0.4583333333333333,0.8461538461538461,0.5,13,24
العاشرة,متى يجوز حساب المدد والمواعيد بتقويم غير هجري؟,يجوز حساب المدد بغير التقويم الهجري إذا نص في عقد العمل أو لائحة تنظيم العمل على خلاف ذلك. (المادة العاشرة),المادة العاشرة ,تحسب جميع المدد والمواعيد المنصوص عليها في هذا النظام بالتقويم الهجري، ما لم ينص في عقد العمل أو لائحة تنظيم العمل على خلاف ذلك.,0.36666666666666664,0.5789473684210527,0.5,20,24
العاشرة,ما هو الاستثناء الوحيد من قاعدة احتساب المدد بالتقويم الهجري؟,الاستثناء هو النص في عقد العمل أو لائحة تنظيم العمل على استخدام تقويم آخر. (المادة العاشرة),المادة العاشرة ,تحسب جميع المدد والمواعيد المنصوص عليها في هذا النظام بالتقويم الهجري، ما لم ينص في عقد العمل أو لائحة تنظيم العمل على خلاف ذلك.,0.23333333333333334,0.4666666666666667,0.3181818181818182,16,24
الحادية عشرة,في حال عهد صاحب العمل لأي شخص (طبيعي أو معنوي) القيام بجزء من أعماله الأصلية، ما هو واجب ذلك الشخص تجاه عماله؟,وجب على ذلك الشخص أن يعطي عماله جميع الحقوق والمزايا التي يعطيها صاحب العمل الأصلي لعماله. (المادة الحادية عشرة),المادة الحادية عشرة ,"تم تعديل هذه المادة بموجب المرسوم الملكي رقم ( م/ 46) وتاريخ 5 / 6 / 1436 هـ ؛ لتكون بالنص الآتي ""إذا عهد صاحب العمل لأي شخص طبيعي أو معنوي القيام بعمل من أعماله الأصلية، أو جزء منها؛ وجب على الأخير أن يعطي عماله جميع الحقوق والمزايا التي يعطيها صاحب العمل الأصلي لعماله"".",0.28846153846153844,0.7894736842105263,0.3125,19,51
الحادية عشرة,ما هو نوع العمل الذي ينطبق عليه حكم تضامن الحقوق والمزايا في هذه المادة؟,ينطبق على العمل الذي يمثل عملاً أصلياً من أعمال صاحب العمل الأصلي. (المادة الحادية عشرة),المادة الحادية عشرة ,"تم تعديل هذه المادة بموجب المرسوم الملكي رقم ( م/ 46) وتاريخ 5 / 6 / 1436 هـ ؛ لتكون بالنص الآتي ""إذا عهد صاحب العمل لأي شخص طبيعي أو معنوي القيام بعمل من أعماله الأصلية، أو جزء منها؛ وجب على الأخير أن يعطي عماله جميع الحقوق والمزايا التي يعطيها صاحب العمل الأصلي لعماله"".",0.10714285714285714,0.42857142857142855,0.125,15,51
الحادية عشرة,هل يجب على المقاول الفرعي أن يمنح عماله نفس المزايا التي يقدمها صاحب العمل الأصلي؟,نعم، يجب على المقاول الفرعي (الشخص المعهود إليه العمل) أن يعطي عماله جميع الحقوق والمزايا التي يعطيها صاحب العمل الأصلي لعماله. (المادة الحادية عشرة),المادة الحادية عشرة ,"تم تعديل هذه المادة بموجب المرسوم الملكي رقم ( م/ 46) وتاريخ 5 / 6 / 1436 هـ ؛ لتكون بالنص الآتي ""إذا عهد صاحب العمل لأي شخص طبيعي أو معنوي القيام بعمل من أعماله الأصلية، أو جزء منها؛ وجب على الأخير أن يعطي عماله جميع الحقوق والمزايا التي يعطيها صاحب العمل الأصلي لعماله"".",0.24561403508771928,0.6086956521739131,0.2916666666666667,24,51
الثانية عشرة,ما هو دور الوزارة (وزارة الموارد البشرية والتنمية الاجتماعية) بخصوص لائحة تنظيم العمل؟,تضع الوزارة نموذجًا موحدًا - أو أكثر - للائحة تنظيم العمل، شاملًا لقواعد تنظيم العمل والأحكام المتعلقة بالميزات والمخالفات والجزاءات التأديبية، كما تضع ضوابط وآليات اعتماد هذه اللوائح. (المادة الثانية عشرة),المادة الثانية عشرة ,"تم تعديل أحكام المواد (الثانية عشرة) و(الثالثة عشرة) و(الرابعة عشرة)؛ وإعادة صياغتها بعد تعديل أحكامها لتكون في مادتين بموجب المرسوم الملكي رقم ( م/ 46) وتاريخ 5 / 6 / 1436 هـ ؛ على النحو الآتي ""المادة الثانية عشرة 1 - تضع الوزارة نموذجاً موحداً - أو أكثر - للائحة تنظيم العمل، على أن يكون شاملاً لقواعد تنظيم العمل وما يتصل به من أحكام، بما في ذلك الأحكام المتعلقة بالميزات والأحكام الخاصة بالمخالفات والجزاءات التأديبية. 2 - تضع الوزارة ضوابط وآليات اعتماد لوائح تنظيم العمل"". ""المادة الثالثة عشرة 1 - يلتزم كل صاحب عمل بإعداد لائحة لتنظيم العمل في منشأته وفق النموذج المعد من الوزارة، ويجوز للوزير الاستثناء من ذلك. 2 - يجوز لصاحب العمل تضمين اللائحة شروطاً وأحكاماً إضافية، بما لا يتعارض مع أحكام هذا النظام ولائحته والقرارات الصادرة تنفيذاً له. 3 - يجب على صاحب العمل أن يعلن لائحة تنظيم العمل وأي تعديل يطرأ عليها في مكان ظاهر في المنشأة أو أي وسيلة أخرى تكفل علم الخاضعين لها بأحكامها"".",0.15833333333333333,0.7307692307692307,0.168141592920354,29,154
الثانية عشرة,ما هي العناصر الأساسية التي يجب أن يشملها النموذج الموحد للائحة تنظيم العمل؟,يجب أن يشمل قواعد تنظيم العمل وما يتصل به من أحكام، بما في ذلك الأحكام المتعلقة بالميزات و الأحكام الخاصة بالمخالفات والجزاءات التأديبية. (المادة الثانية عشرة),المادة الثانية عشرة ,"تم تعديل أحكام المواد (الثانية عشرة) و(الثالثة عشرة) و(الرابعة عشرة)؛ وإعادة صياغتها بعد تعديل أحكامها لتكون في مادتين بموجب المرسوم الملكي رقم ( م/ 46) وتاريخ 5 / 6 / 1436 هـ ؛ على النحو الآتي ""المادة الثانية عشرة 1 - تضع الوزارة نموذجاً موحداً - أو أكثر - للائحة تنظيم العمل، على أن يكون شاملاً لقواعد تنظيم العمل وما يتصل به من أحكام، بما في ذلك الأحكام المتعلقة بالميزات والأحكام الخاصة بالمخالفات والجزاءات التأديبية. 2 - تضع الوزارة ضوابط وآليات اعتماد لوائح تنظيم العمل"". ""المادة الثالثة عشرة 1 - يلتزم كل صاحب عمل بإعداد لائحة لتنظيم العمل في منشأته وفق النموذج المعد من الوزارة، ويجوز للوزير الاستثناء من ذلك. 2 - يجوز لصاحب العمل تضمين اللائحة شروطاً وأحكاماً إضافية، بما لا يتعارض مع أحكام هذا النظام ولائحته والقرارات الصادرة تنفيذاً له. 3 - يجب على صاحب العمل أن يعلن لائحة تنظيم العمل وأي تعديل يطرأ عليها في مكان ظاهر في المنشأة أو أي وسيلة أخرى تكفل علم الخاضعين لها بأحكامها"".",0.2,0.92,0.20353982300884957,26,154
الثانية عشرة,من هي الجهة المسؤولة عن وضع ضوابط وآليات اعتماد لوائح تنظيم العمل؟,الوزارة هي المسؤولة عن وضع ضوابط وآليات اعتماد لوائح تنظيم العمل. (المادة الثانية عشرة),المادة الثانية عشرة ,"تم تعديل أحكام المواد (الثانية عشرة) و(الثالثة عشرة) و(الرابعة عشرة)؛ وإعادة صياغتها بعد تعديل أحكامها لتكون في مادتين بموجب المرسوم الملكي رقم ( م/ 46) وتاريخ 5 / 6 / 1436 هـ ؛ على النحو الآتي ""المادة الثانية عشرة 1 - تضع الوزارة نموذجاً موحداً - أو أكثر - للائحة تنظيم العمل، على أن يكون شاملاً لقواعد تنظيم العمل وما يتصل به من أحكام، بما في ذلك الأحكام المتعلقة بالميزات والأحكام الخاصة بالمخالفات والجزاءات التأديبية. 2 - تضع الوزارة ضوابط وآليات اعتماد لوائح تنظيم العمل"". ""المادة الثالثة عشرة 1 - يلتزم كل صاحب عمل بإعداد لائحة لتنظيم العمل في منشأته وفق النموذج المعد من الوزارة، ويجوز للوزير الاستثناء من ذلك. 2 - يجوز لصاحب العمل تضمين اللائحة شروطاً وأحكاماً إضافية، بما لا يتعارض مع أحكام هذا النظام ولائحته والقرارات الصادرة تنفيذاً له. 3 - يجب على صاحب العمل أن يعلن لائحة تنظيم العمل وأي تعديل يطرأ عليها في مكان ظاهر في المنشأة أو أي وسيلة أخرى تكفل علم الخاضعين لها بأحكامها"".",0.08547008547008547,0.7142857142857143,0.08849557522123894,14,154
الثالثة عشرة,ما هو التزام صاحب العمل تجاه إعداد لائحة تنظيم العمل؟,يلتزم كل صاحب عمل بإعداد لائحة لتنظيم العمل في منشأته وفق النموذج المعد من الوزارة، ويجوز للوزير الاستثناء من ذلك. (المادة الثالثة عشرة),المادة الثالثة عشرة ,"تم تعديل أحكام المواد (الثانية عشرة) و(الثالثة عشرة) و(الرابعة عشرة)؛ وإعادة صياغتها بعد تعديل أحكامها لتكون في مادتين بموجب المرسوم الملكي رقم ( م/ 46) وتاريخ 5 / 6 / 1436 هـ ؛ على النحو الآتي ""المادة الثانية عشرة 1 - تضع الوزارة نموذجاً موحداً – أو أكثر – للائحة تنظيم العمل، على أن يكون شاملاً لقواعد تنظيم العمل وما يتصل به من أحكام، بما في ذلك الأحكام المتعلقة بالميزات والأحكام الخاصة بالمخالفات والجزاءات التأديبية. 2 - تضع الوزارة ضوابط وآليات اعتماد لوائح تنظيم العمل"". ""المادة الثالثة عشرة 1 - يلتزم كل صاحب عمل بإعداد لائحة لتنظيم العمل في منشأته وفق النموذج المعد من الوزارة، ويجوز للوزير الاستثناء من ذلك. 2 - يجوز لصاحب العمل تضمين اللائحة شروطاً وأحكاماً إضافية، بما لا يتعارض مع أحكام هذا النظام ولائحته والقرارات الصادرة تنفيذاً له. 3 - يجب على صاحب العمل أن يعلن لائحة تنظيم العمل وأي تعديل يطرأ عليها في مكان ظاهر في المنشأة أو أي وسيلة أخرى تكفل علم الخاضعين لها بأحكامها"".",0.19469026548672566,1.0,0.19469026548672566,23,154
الثالثة عشرة,هل يجوز لصاحب العمل إضافة شروط وأحكام للائحة تنظيم العمل الخاصة بمنشأته؟,نعم، يجوز لصاحب العمل تضمين اللائحة شروطاً وأحكاماً إضافية، بشرط ألا تتعارض مع أحكام نظام العمل ولائحته التنفيذية والقرارات الصادرة تنفيذاً له. (المادة الثالثة عشرة),المادة الثالثة عشرة ,"تم تعديل أحكام المواد (الثانية عشرة) و(الثالثة عشرة) و(الرابعة عشرة)؛ وإعادة صياغتها بعد تعديل أحكامها لتكون في مادتين بموجب المرسوم الملكي رقم ( م/ 46) وتاريخ 5 / 6 / 1436 هـ ؛ على النحو الآتي ""المادة الثانية عشرة 1 - تضع الوزارة نموذجاً موحداً – أو أكثر – للائحة تنظيم العمل، على أن يكون شاملاً لقواعد تنظيم العمل وما يتصل به من أحكام، بما في ذلك الأحكام المتعلقة بالميزات والأحكام الخاصة بالمخالفات والجزاءات التأديبية. 2 - تضع الوزارة ضوابط وآليات اعتماد لوائح تنظيم العمل"". ""المادة الثالثة عشرة 1 - يلتزم كل صاحب عمل بإعداد لائحة لتنظيم العمل في منشأته وفق النموذج المعد من الوزارة، ويجوز للوزير الاستثناء من ذلك. 2 - يجوز لصاحب العمل تضمين اللائحة شروطاً وأحكاماً إضافية، بما لا يتعارض مع أحكام هذا النظام ولائحته والقرارات الصادرة تنفيذاً له. 3 - يجب على صاحب العمل أن يعلن لائحة تنظيم العمل وأي تعديل يطرأ عليها في مكان ظاهر في المنشأة أو أي وسيلة أخرى تكفل علم الخاضعين لها بأحكامها"".",0.15126050420168066,0.75,0.1592920353982301,25,154
الثالثة عشرة,ما هي الطريقة التي يجب على صاحب العمل اتباعها لإبلاغ العاملين بلائحة تنظيم العمل؟,يجب على صاحب العمل أن يعلن اللائحة وأي تعديل يطرأ عليها في مكان ظاهر في المنشأة أو أي وسيلة أخرى تكفل علم الخاضعين لها بأحكامها. (المادة الثالثة عشرة),المادة الثالثة عشرة ,"تم تعديل أحكام المواد (الثانية عشرة) و(الثالثة عشرة) و(الرابعة عشرة)؛ وإعادة صياغتها بعد تعديل أحكامها لتكون في مادتين بموجب المرسوم الملكي رقم ( م/ 46) وتاريخ 5 / 6 / 1436 هـ ؛ على النحو الآتي ""المادة الثانية عشرة 1 - تضع الوزارة نموذجاً موحداً – أو أكثر – للائحة تنظيم العمل، على أن يكون شاملاً لقواعد تنظيم العمل وما يتصل به من أحكام، بما في ذلك الأحكام المتعلقة بالميزات والأحكام الخاصة بالمخالفات والجزاءات التأديبية. 2 - تضع الوزارة ضوابط وآليات اعتماد لوائح تنظيم العمل"". ""المادة الثالثة عشرة 1 - يلتزم كل صاحب عمل بإعداد لائحة لتنظيم العمل في منشأته وفق النموذج المعد من الوزارة، ويجوز للوزير الاستثناء من ذلك. 2 - يجوز لصاحب العمل تضمين اللائحة شروطاً وأحكاماً إضافية، بما لا يتعارض مع أحكام هذا النظام ولائحته والقرارات الصادرة تنفيذاً له. 3 - يجب على صاحب العمل أن يعلن لائحة تنظيم العمل وأي تعديل يطرأ عليها في مكان ظاهر في المنشأة أو أي وسيلة أخرى تكفل علم الخاضعين لها بأحكامها"".",0.23893805309734514,1.0,0.23893805309734514,28,154
الرابعة عشرة,ما هي البيانات التي يجب على صاحب العمل إبلاغ مكتب العمل المختص بها عند بدء العمل في المنشأة؟,يجب إبلاغهم بـاسم المنشأة ونوعها ومركزها وعنوانها، النشاط الاقتصادي ورقم السجل التجاري، عدد العمال المراد تشغيلهم، اسم مدير المنشأة المسؤول، وأي بيانات أخرى تطلبها الوزارة. (المادة الرابعة عشرة),المادة الرابعة عشرة ,"تم تعديل أحكام المواد (الثانية عشرة) و(الثالثة عشرة) و(الرابعة عشرة)؛ وإعادة صياغتها بعد تعديل أحكامها لتكون في مادتين بموجب المرسوم الملكي رقم ( م/ 46) وتاريخ 5 / 6 / 1436 هـ ؛ على النحو الآتي ""المادة الثانية عشرة 1 - تضع الوزارة نموذجاً موحداً - أو أكثر - للائحة تنظيم العمل، على أن يكون شاملاً لقواعد تنظيم العمل وما يتصل به من أحكام، بما في ذلك الأحكام المتعلقة بالميزات والأحكام الخاصة بالمخالفات والجزاءات التأديبية. 2 - تضع الوزارة ضوابط وآليات اعتماد لوائح تنظيم العمل"". ""المادة الثالثة عشرة 1 - يلتزم كل صاحب عمل بإعداد لائحة لتنظيم العمل في منشأته وفق النموذج المعد من الوزارة، ويجوز للوزير الاستثناء من ذلك. 2 - يجوز لصاحب العمل تضمين اللائحة شروطاً وأحكاماً إضافية، بما لا يتعارض مع أحكام هذا النظام ولائحته والقرارات الصادرة تنفيذاً له. 3 - يجب على صاحب العمل أن يعلن لائحة تنظيم العمل وأي تعديل يطرأ عليها في مكان ظاهر في المنشأة أو أي وسيلة أخرى تكفل علم الخاضعين لها بأحكامها"".",0.06060606060606061,0.2962962962962963,0.07079646017699115,29,154
الرابعة عشرة,ما هي المعلومات المطلوبة عن النشاط الاقتصادي للمنشأة عند الإبلاغ عنها؟,يُطلب ذكر النشاط الاقتصادي المرخص له بمزاولته مع ذكر رقم السجل التجاري أو الترخيص وتاريخه، وجهة إصداره، وإرفاق صورة منه. (المادة الرابعة عشرة),المادة الرابعة عشرة ,"تم تعديل أحكام المواد (الثانية عشرة) و(الثالثة عشرة) و(الرابعة عشرة)؛ وإعادة صياغتها بعد تعديل أحكامها لتكون في مادتين بموجب المرسوم الملكي رقم ( م/ 46) وتاريخ 5 / 6 / 1436 هـ ؛ على النحو الآتي ""المادة الثانية عشرة 1 - تضع الوزارة نموذجاً موحداً - أو أكثر - للائحة تنظيم العمل، على أن يكون شاملاً لقواعد تنظيم العمل وما يتصل به من أحكام، بما في ذلك الأحكام المتعلقة بالميزات والأحكام الخاصة بالمخالفات والجزاءات التأديبية. 2 - تضع الوزارة ضوابط وآليات اعتماد لوائح تنظيم العمل"". ""المادة الثالثة عشرة 1 - يلتزم كل صاحب عمل بإعداد لائحة لتنظيم العمل في منشأته وفق النموذج المعد من الوزارة، ويجوز للوزير الاستثناء من ذلك. 2 - يجوز لصاحب العمل تضمين اللائحة شروطاً وأحكاماً إضافية، بما لا يتعارض مع أحكام هذا النظام ولائحته والقرارات الصادرة تنفيذاً له. 3 - يجب على صاحب العمل أن يعلن لائحة تنظيم العمل وأي تعديل يطرأ عليها في مكان ظاهر في المنشأة أو أي وسيلة أخرى تكفل علم الخاضعين لها بأحكامها"".",0.0546875,0.3181818181818182,0.061946902654867256,23,154
الرابعة عشرة,هل يجب على صاحب العمل إبلاغ مكتب العمل باسم المدير المسؤول للمنشأة؟,نعم، يجب إبلاغ مكتب العمل باسم مدير المنشأة المسؤول. (المادة الرابعة عشرة),المادة الرابعة عشرة ,"تم تعديل أحكام المواد (الثانية عشرة) و(الثالثة عشرة) و(الرابعة عشرة)؛ وإعادة صياغتها بعد تعديل أحكامها لتكون في مادتين بموجب المرسوم الملكي رقم ( م/ 46) وتاريخ 5 / 6 / 1436 هـ ؛ على النحو الآتي ""المادة الثانية عشرة 1 - تضع الوزارة نموذجاً موحداً - أو أكثر - للائحة تنظيم العمل، على أن يكون شاملاً لقواعد تنظيم العمل وما يتصل به من أحكام، بما في ذلك الأحكام المتعلقة بالميزات والأحكام الخاصة بالمخالفات والجزاءات التأديبية. 2 - تضع الوزارة ضوابط وآليات اعتماد لوائح تنظيم العمل"". ""المادة الثالثة عشرة 1 - يلتزم كل صاحب عمل بإعداد لائحة لتنظيم العمل في منشأته وفق النموذج المعد من الوزارة، ويجوز للوزير الاستثناء من ذلك. 2 - يجوز لصاحب العمل تضمين اللائحة شروطاً وأحكاماً إضافية، بما لا يتعارض مع أحكام هذا النظام ولائحته والقرارات الصادرة تنفيذاً له. 3 - يجب على صاحب العمل أن يعلن لائحة تنظيم العمل وأي تعديل يطرأ عليها في مكان ظاهر في المنشأة أو أي وسيلة أخرى تكفل علم الخاضعين لها بأحكامها"".",0.05042016806722689,0.5,0.05309734513274336,12,154
الخامسة عشرة,في حال عدم تمكّن صاحب العمل من ممارسة العمل بنفسه، ما هو الإجراء الواجب عليه؟,عليه أن يعين مسؤولًا يمثله في مكان العمل. (المادة الخامسة عشرة),المادة الخامسة عشرة ,على صاحب العمل عند بدء العمل في أي منشأة أن يبلغ مكتب العمل المختص كتابة بالبيانات الآتية 1 - اسم المنشأة ونوعها ومركزها، والعنوان الذي توجه إليه المراسلات، وأي معلومة يكون من شأنها سهولة الاتصال بالمنشأة. 2 - النشاط الاقتصادي المرخص له بمزاولته مع ذكر رقم السجل التجاري أو الترخيص وتاريخه، وجهة إصداره، وإرفاق صورة منه. 3 - عدد العمال المراد تشغيلهم في المنشأة. 4 - اسم مدير المنشأة المسؤول. 5 - أي بيانات أخرى تطلبها الوزارة.,0.0410958904109589,0.2727272727272727,0.046153846153846156,11,72
الخامسة عشرة,في حالة تعدد الشركاء أو المديرين، من هو الذي يمثل صاحب العمل ويكون مسؤولاً عن مخالفة النظام؟,يُسمى أحدهم من المقيمين في مكان العمل ليمثل صاحب العمل ويكون مسؤولاً عن أي مخالفة لأحكام هذا النظام. (المادة الخامسة عشرة),المادة الخامسة عشرة ,على صاحب العمل عند بدء العمل في أي منشأة أن يبلغ مكتب العمل المختص كتابة بالبيانات الآتية 1 - اسم المنشأة ونوعها ومركزها، والعنوان الذي توجه إليه المراسلات، وأي معلومة يكون من شأنها سهولة الاتصال بالمنشأة. 2 - النشاط الاقتصادي المرخص له بمزاولته مع ذكر رقم السجل التجاري أو الترخيص وتاريخه، وجهة إصداره، وإرفاق صورة منه. 3 - عدد العمال المراد تشغيلهم في المنشأة. 4 - اسم مدير المنشأة المسؤول. 5 - أي بيانات أخرى تطلبها الوزارة.,0.0625,0.25,0.07692307692307693,21,72
الخامسة عشرة,في حال عدم تعيين مدير مسؤول، من يُعد المدير المسؤول عن المنشأة؟,من يقوم فعلًا بأعمال المدير أو صاحب العمل نفسه يُعد مديرًا مسؤولًا عن المنشأة، وفي كل الأحوال تبقى مسؤولية صاحب العمل قائمة بصفة أصلية. (المادة الخامسة عشرة),المادة الخامسة عشرة ,على صاحب العمل عند بدء العمل في أي منشأة أن يبلغ مكتب العمل المختص كتابة بالبيانات الآتية 1 - اسم المنشأة ونوعها ومركزها، والعنوان الذي توجه إليه المراسلات، وأي معلومة يكون من شأنها سهولة الاتصال بالمنشأة. 2 - النشاط الاقتصادي المرخص له بمزاولته مع ذكر رقم السجل التجاري أو الترخيص وتاريخه، وجهة إصداره، وإرفاق صورة منه. 3 - عدد العمال المراد تشغيلهم في المنشأة. 4 - اسم مدير المنشأة المسؤول. 5 - أي بيانات أخرى تطلبها الوزارة.,0.058823529411764705,0.2,0.07692307692307693,27,72
السادسة عشرة,ما هي الالتزامات المفروضة على صاحب العمل بخصوص السجلات والجداول في مكان العمل؟,عليه أن يحتفظ بالسجلات والكشوف والملفات التي تحددها اللائحة، وعليه أن يضع في مكان ظاهر بموقع العمل جدولًا بمواعيد العمل، وفترات الراحة، ويوم الراحة الأسبوعي، ومواعيد بدء كل نوبة وانتهائها في حالة العمل بأسلوب المناوبة. (المادة السادسة عشرة),المادة السادسة عشرة ,1- إذا لم يتمكن صاحب العمل من ممارسة العمل بنفسه، فعليه أن يعين مسؤولًا يمثله في مكان العمل. وفي حالة تعدد الشركاء أو المديرين في المنشأة يسمى أحدهم من المقيمين في مكان العمل، يمثل صاحب العمل ويكون مسؤولًا عن أي مخالفة لأحكام هذا النظام. 2- على صاحب العمل أن يبلغ مكتب العمل المختص كتابة باسم الشريك أو المدير، وعليه في حالة تغييره أن يبلغ المكتب باسم الشريك أو المدير الجديد خلال سبعة أيام على الأكثر من تولي هذا الأخير عمله. 3- إذا لم يوجد شخص معين بصفة مدير مسؤول للمنشأة، أو إذا لم يباشر الشخص المعين عمله- فإن من يقوم فعلًا بأعمال المدير أو صاحب العمل نفسه يعد مديرًا مسؤولًا عن المنشأة. وفي كل الأحوال تبقى مسؤولية صاحب العمل قائمة بصفة أصلية.,0.0673076923076923,0.21212121212121213,0.08974358974358974,38,122
السادسة عشرة,ما هي البيانات التي يجب وضع جدول بها في مكان ظاهر بالمنشأة؟,يجب وضع جدول بـمواعيد العمل، وفترات الراحة، ويوم الراحة الأسبوعي، ومواعيد بدء كل نوبة وانتهائها في حالة العمل بأسلوب المناوبة. (المادة السادسة عشرة),المادة السادسة عشرة ,1- إذا لم يتمكن صاحب العمل من ممارسة العمل بنفسه، فعليه أن يعين مسؤولًا يمثله في مكان العمل. وفي حالة تعدد الشركاء أو المديرين في المنشأة يسمى أحدهم من المقيمين في مكان العمل، يمثل صاحب العمل ويكون مسؤولًا عن أي مخالفة لأحكام هذا النظام. 2- على صاحب العمل أن يبلغ مكتب العمل المختص كتابة باسم الشريك أو المدير، وعليه في حالة تغييره أن يبلغ المكتب باسم الشريك أو المدير الجديد خلال سبعة أيام على الأكثر من تولي هذا الأخير عمله. 3- إذا لم يوجد شخص معين بصفة مدير مسؤول للمنشأة، أو إذا لم يباشر الشخص المعين عمله- فإن من يقوم فعلًا بأعمال المدير أو صاحب العمل نفسه يعد مديرًا مسؤولًا عن المنشأة. وفي كل الأحوال تبقى مسؤولية صاحب العمل قائمة بصفة أصلية.,0.041666666666666664,0.18181818181818182,0.05128205128205128,24,122
السادسة عشرة,ما هو المصدر الذي يحدد ماهية السجلات والكشوف التي يجب الاحتفاظ بها؟,اللائحة (التنفيذية للنظام) هي التي تحدد ماهيتها والبيانات التي يجب أن تتضمنها. (المادة السادسة عشرة),المادة السادسة عشرة ,1- إذا لم يتمكن صاحب العمل من ممارسة العمل بنفسه، فعليه أن يعين مسؤولًا يمثله في مكان العمل. وفي حالة تعدد الشركاء أو المديرين في المنشأة يسمى أحدهم من المقيمين في مكان العمل، يمثل صاحب العمل ويكون مسؤولًا عن أي مخالفة لأحكام هذا النظام. 2- على صاحب العمل أن يبلغ مكتب العمل المختص كتابة باسم الشريك أو المدير، وعليه في حالة تغييره أن يبلغ المكتب باسم الشريك أو المدير الجديد خلال سبعة أيام على الأكثر من تولي هذا الأخير عمله. 3- إذا لم يوجد شخص معين بصفة مدير مسؤول للمنشأة، أو إذا لم يباشر الشخص المعين عمله- فإن من يقوم فعلًا بأعمال المدير أو صاحب العمل نفسه يعد مديرًا مسؤولًا عن المنشأة. وفي كل الأحوال تبقى مسؤولية صاحب العمل قائمة بصفة أصلية.,0.01098901098901099,0.07142857142857142,0.01282051282051282,15,122
السابعة عشرة,في حال انتقال ملكية المنشأة لمالك جديد أو تغيير شكلها النظامي (دمج أو تجزئة)، ما هو وضع عقود العمل؟,تبقى عقود العمل نافذة في الحالين، وتُعد الخدمة مستمرة. (المادة السابعة عشرة),المادة السابعة عشرة ,على صاحب العمل أن يحتفظ في مكان العمل بالسجلات والكشوف والملفات التي تحدد ماهيتها، والبيانات التي يجب أن تتضمنها اللائحة. وعليه أن يضع في مكان ظاهر بموقع العمل جدولًا بمواعيد العمل، وفترات الراحة، ويوم الراحة الأسبوعي، ومواعيد بدء كل نوبة وانتهائها في حالة العمل بأسلوب المناوبة.,0.044444444444444446,0.16666666666666666,0.05714285714285714,12,46
السابعة عشرة,من يتحمل مسؤولية حقوق العمال الناشئة عن المدة السابقة لتغيير ملكية المنشأة؟,يكون الخلف والسلف مسؤولين عنها بالتضامن. (المادة السابعة عشرة),المادة السابعة عشرة ,على صاحب العمل أن يحتفظ في مكان العمل بالسجلات والكشوف والملفات التي تحدد ماهيتها، والبيانات التي يجب أن تتضمنها اللائحة. وعليه أن يضع في مكان ظاهر بموقع العمل جدولًا بمواعيد العمل، وفترات الراحة، ويوم الراحة الأسبوعي، ومواعيد بدء كل نوبة وانتهائها في حالة العمل بأسلوب المناوبة.,0.0,0.0,0.0,9,46
السابعة عشرة,ما هو الشرط اللازم لانتقال جميع حقوق العمال السابقة إلى المالك الجديد في حال انتقال المنشآت الفردية؟,يشترط موافقة العامل الخطية على انتقال جميع حقوقه السابقة. (المادة السابعة عشرة),المادة السابعة عشرة ,على صاحب العمل أن يحتفظ في مكان العمل بالسجلات والكشوف والملفات التي تحدد ماهيتها، والبيانات التي يجب أن تتضمنها اللائحة. وعليه أن يضع في مكان ظاهر بموقع العمل جدولًا بمواعيد العمل، وفترات الراحة، ويوم الراحة الأسبوعي، ومواعيد بدء كل نوبة وانتهائها في حالة العمل بأسلوب المناوبة.,0.021739130434782608,0.08333333333333333,0.02857142857142857,12,46
الثامنة عشرة,ما هي مرتبة المبالغ المستحقة للعامل أو ورثته بمقتضى نظام العمل من ناحية الديون؟,تُعد ديونًا ممتازة من الدرجة الأولى. (المادة الثامنة عشرة),المادة الثامنة عشرة ,إذا انتقلت ملكية المنشأة لمالك جديد، أو طرأ تغيير على شكلها النظامي بالدمج أو التجزئة أو غير ذلك، تبقى عقود العمل نافذة في الحالين، وتعد الخدمة مستمرة. أما بالنسبة لحقوق العمال الناشئة عن المدة السابقة لهذا التغيير من أجور، أو مكافأة نهاية خدمة مفترضة الاستحقاق بتاريخ انتقال الملكية، أو غير ذلك من حقوق؛ فيكون الخلف والسلف مسؤولين عنها بالتضامن. ويجوز في حال انتقال المنشآت الفردية لأي سبب اتفاق السلف والخلف على انتقال جميع حقوق العمال السابقة إلى المالك الجديد بموافقة العامل الخطية. وللعامل في حال عدم موافقته طلب إنهاء عقده وتسلّم مستحقاته من السلف.,0.011764705882352941,0.1111111111111111,0.012987012987012988,9,94
الثامنة عشرة,ما هو الامتياز الذي يتمتع به العامل أو ورثته في سبيل استيفاء مستحقاتهم؟,لهم امتياز على جميع أموال صاحب العمل. (المادة الثامنة عشرة),المادة الثامنة عشرة ,إذا انتقلت ملكية المنشأة لمالك جديد، أو طرأ تغيير على شكلها النظامي بالدمج أو التجزئة أو غير ذلك، تبقى عقود العمل نافذة في الحالين، وتعد الخدمة مستمرة. أما بالنسبة لحقوق العمال الناشئة عن المدة السابقة لهذا التغيير من أجور، أو مكافأة نهاية خدمة مفترضة الاستحقاق بتاريخ انتقال الملكية، أو غير ذلك من حقوق؛ فيكون الخلف والسلف مسؤولين عنها بالتضامن. ويجوز في حال انتقال المنشآت الفردية لأي سبب اتفاق السلف والخلف على انتقال جميع حقوق العمال السابقة إلى المالك الجديد بموافقة العامل الخطية. وللعامل في حال عدم موافقته طلب إنهاء عقده وتسلّم مستحقاته من السلف.,0.03571428571428571,0.3,0.03896103896103896,10,94
الثامنة عشرة,في حالة إفلاس صاحب العمل، ما هو المبلغ المعجل الذي يُدفع للعامل قبل سداد أي مصروف آخر؟,يدفع للعامل مبلغ معجل يعادل أجر شهر واحد. (المادة الثامنة عشرة),المادة الثامنة عشرة ,إذا انتقلت ملكية المنشأة لمالك جديد، أو طرأ تغيير على شكلها النظامي بالدمج أو التجزئة أو غير ذلك، تبقى عقود العمل نافذة في الحالين، وتعد الخدمة مستمرة. أما بالنسبة لحقوق العمال الناشئة عن المدة السابقة لهذا التغيير من أجور، أو مكافأة نهاية خدمة مفترضة الاستحقاق بتاريخ انتقال الملكية، أو غير ذلك من حقوق؛ فيكون الخلف والسلف مسؤولين عنها بالتضامن. ويجوز في حال انتقال المنشآت الفردية لأي سبب اتفاق السلف والخلف على انتقال جميع حقوق العمال السابقة إلى المالك الجديد بموافقة العامل الخطية. وللعامل في حال عدم موافقته طلب إنهاء عقده وتسلّم مستحقاته من السلف.,0.0,0.0,0.0,11,94
التاسعة عشرة,هل يجوز لصاحب العمل أو العامل إساءة استعمال أحكام نظام العمل؟,لا يجوز لصاحب العمل أو العامل أن يقوم بعمل من شأنه إساءة استعمال أحكام هذا النظام أو القرارات واللوائح الصادرة تنفيذاً له. (المادة التاسعة عشرة),المادة التاسعة عشرة ,تعد المبالغ المستحقة للعامل أو ورثته بمقتضى هذا النظام ديونًا ممتازة من الدرجة الأولى. وللعامل وورثته في سبيل استيفائها امتياز على جميع أموال صاحب العمل. وفي حالة إفلاس صاحب العمل أو تصفية منشأته تسجل المبالغ المذكورة ديونًا ممتازة، ويدفع للعامل مبلغ معجل يعادل أجر شهر واحد، وذلك قبل سداد أي مصروف آخر، بما في ذلك المصروفات القضائية ومصروفات الإفلاس أو التصفية.,0.07042253521126761,0.20833333333333334,0.09615384615384616,25,61
التاسعة عشرة,ما هو الإجراء المحظور الذي يتنافى مع حرية العمل؟,يُحظر القيام بعمل من شأنه الضغط على حرية الآخر أو حرية عمال أو أصحاب عمل آخرين لتحقيق أي مصلحة أو وجهة نظر تتنافى مع حرية العمل. (المادة التاسعة عشرة),المادة التاسعة عشرة ,تعد المبالغ المستحقة للعامل أو ورثته بمقتضى هذا النظام ديونًا ممتازة من الدرجة الأولى. وللعامل وورثته في سبيل استيفائها امتياز على جميع أموال صاحب العمل. وفي حالة إفلاس صاحب العمل أو تصفية منشأته تسجل المبالغ المذكورة ديونًا ممتازة، ويدفع للعامل مبلغ معجل يعادل أجر شهر واحد، وذلك قبل سداد أي مصروف آخر، بما في ذلك المصروفات القضائية ومصروفات الإفلاس أو التصفية.,0.06944444444444445,0.2,0.09615384615384616,29,61
التاسعة عشرة,من هي الجهة المختصة بتسوية الخلافات العمالية؟,هي الجهة المختصة التي لا يجوز القيام بعمل يتنافى مع اختصاصها بتسوية الخلافات. (المادة التاسعة عشرة),المادة التاسعة عشرة ,تعد المبالغ المستحقة للعامل أو ورثته بمقتضى هذا النظام ديونًا ممتازة من الدرجة الأولى. وللعامل وورثته في سبيل استيفائها امتياز على جميع أموال صاحب العمل. وفي حالة إفلاس صاحب العمل أو تصفية منشأته تسجل المبالغ المذكورة ديونًا ممتازة، ويدفع للعامل مبلغ معجل يعادل أجر شهر واحد، وذلك قبل سداد أي مصروف آخر، بما في ذلك المصروفات القضائية ومصروفات الإفلاس أو التصفية.,0.0,0.0,0.0,16,61
العشرون,ما هو واجب الوزير في سبيل تنفيذ أحكام نظام العمل؟,على الوزير - في سبيل تنفيذ أحكام هذا النظام - التنسيق مع الجهات ذات العلاقة كلما اقتضى الأمر ذلك. (المادة العشرون),المادة العشرون ,لا يجوز لصاحب العمل أو العامل أن يقوم بعمل من شأنه إساءة استعمال أحكام هذا النظام أو القرارات واللوائح الصادرة تنفيذًا لأحكامه. كما لا يجوز لأي منهما القيام بعمل من شأنه الضغط على حرية الآخر أو حرية عمال أو أصحاب عمل آخرين لتحقيق أي مصلحة أو وجهة نظر يتبناها مما يتنافى مع حرية العمل أو اختصاص الجهة المختصة بتسوية الخلافات.,0.08196721311475409,0.2631578947368421,0.10638297872340426,19,60
العشرون,متى يلتزم الوزير بالتنسيق مع الجهات ذات العلاقة؟,يلتزم بذلك كلما اقتضى الأمر ذلك في سبيل تنفيذ أحكام هذا النظام. (المادة العشرون),المادة العشرون ,لا يجوز لصاحب العمل أو العامل أن يقوم بعمل من شأنه إساءة استعمال أحكام هذا النظام أو القرارات واللوائح الصادرة تنفيذًا لأحكامه. كما لا يجوز لأي منهما القيام بعمل من شأنه الضغط على حرية الآخر أو حرية عمال أو أصحاب عمل آخرين لتحقيق أي مصلحة أو وجهة نظر يتبناها مما يتنافى مع حرية العمل أو اختصاص الجهة المختصة بتسوية الخلافات.,0.05172413793103448,0.21428571428571427,0.06382978723404255,14,60
العشرون,ما هي أهمية التنسيق بين الوزير والجهات الأخرى؟,أهميته هي ضمان حسن وفاعلية تنفيذ أحكام نظام العمل. (المادة العشرون),المادة العشرون ,لا يجوز لصاحب العمل أو العامل أن يقوم بعمل من شأنه إساءة استعمال أحكام هذا النظام أو القرارات واللوائح الصادرة تنفيذًا لأحكامه. كما لا يجوز لأي منهما القيام بعمل من شأنه الضغط على حرية الآخر أو حرية عمال أو أصحاب عمل آخرين لتحقيق أي مصلحة أو وجهة نظر يتبناها مما يتنافى مع حرية العمل أو اختصاص الجهة المختصة بتسوية الخلافات.,0.03571428571428571,0.18181818181818182,0.0425531914893617,11,60
الحادية والعشرون,ما هي الخدمة التي توفرها الوزارة لطالبي العمل؟,توفر الوزارة قنوات للتوظيف دون مقابل. (المادة الحادية والعشرون),المادة الحادية والعشرون ,على الوزير- في سبيل تنفيذ أحكام هذا النظام- التنسيق مع الجهات ذات العلاقة كلما اقتضى الأمر ذلك.,0.0,0.0,0.0,9,17
الحادية والعشرون,ما هي إحدى المهام الرئيسية لقنوات التوظيف التي توفرها الوزارة؟,إحدى مهامها هي مواءمة طلبات طالبي العمل مع الأعمال الشاغرة وفق مؤهلاتهم. (المادة الحادية والعشرون),المادة الحادية والعشرون ,على الوزير- في سبيل تنفيذ أحكام هذا النظام- التنسيق مع الجهات ذات العلاقة كلما اقتضى الأمر ذلك.,0.03225806451612903,0.06666666666666667,0.058823529411764705,15,17
الحادية والعشرون,متى أصبحت تعديلات هذه المادة سارية المفعول؟,صدرت التعديلات بموجب المرسوم الملكي رقم (م/44) وتاريخ 1446/2/8هـ، ويُعمل بها من تاريخ 1446/8/20هـ. (المادة الحادية والعشرون),المادة الحادية والعشرون ,على الوزير- في سبيل تنفيذ أحكام هذا النظام- التنسيق مع الجهات ذات العلاقة كلما اقتضى الأمر ذلك.,0.0,0.0,0.0,22,17
الثانية والعشرون,ما هو الواجب العام على جميع المنشآت بخصوص توظيف السعوديين؟,عليها العمل على استقطاب السعوديين وتوظيفهم، وتوفير وسائل استمرارهم في العمل، وإتاحة الفرصة المناسبة لهم لإثبات صلاحيتهم للعمل عن طريق توجيههم وتدريبهم وتأهيلهم. (المادة الثانية والعشرون),المادة الثانية والعشرون ,"- صدر المرسوم الملكي رقم (م/44) وتاريخ 1446/2/8هـ، وذلك بالموافقة على تعديلات بعض مواد نظام العمل (ويعمل بها من تاريخ 1446/8/20هـ) وعُدلت هذه المادة على النحو الآتي - عُدل صدر هذه المادة ليكون بالنص الآتي "" توفر الوزارة قنوات للتوظيف دون مقابل، تقوم بما يأتي"". - عُدلت الفقرة (3/3) لتكون بالنص الآتي ""مواءمة طلبات طالبي العمل مع الأعمال الشاغرة وفق مؤهلاتهم"".",0.04,0.12,0.05660377358490566,26,63
الثانية والعشرون,ما هي النسبة الدنيا للعمال السعوديين التي يجب على صاحب العمل الالتزام بها؟,يجب ألا تقل نسبة العمال السعوديين الذين يستخدمهم صاحب العمل عن 75% من مجموع عماله. (المادة الثانية والعشرون),المادة الثانية والعشرون ,"- صدر المرسوم الملكي رقم (م/44) وتاريخ 1446/2/8هـ، وذلك بالموافقة على تعديلات بعض مواد نظام العمل (ويعمل بها من تاريخ 1446/8/20هـ) وعُدلت هذه المادة على النحو الآتي - عُدل صدر هذه المادة ليكون بالنص الآتي "" توفر الوزارة قنوات للتوظيف دون مقابل، تقوم بما يأتي"". - عُدلت الفقرة (3/3) لتكون بالنص الآتي ""مواءمة طلبات طالبي العمل مع الأعمال الشاغرة وفق مؤهلاتهم"".",0.04411764705882353,0.16666666666666666,0.05660377358490566,18,63
الثانية والعشرون,متى يجوز للوزير تخفيض نسبة توظيف السعوديين البالغة 75%؟,يجوز للوزير تخفيض هذه النسبة مؤقتًا في حالة عدم توافر الكفايات الفنية أو المؤهلات الدراسية، أو تعذر إشغال الوظائف بالمواطنين. (المادة الثانية والعشرون),المادة الثانية والعشرون ,"- صدر المرسوم الملكي رقم (م/44) وتاريخ 1446/2/8هـ، وذلك بالموافقة على تعديلات بعض مواد نظام العمل (ويعمل بها من تاريخ 1446/8/20هـ) وعُدلت هذه المادة على النحو الآتي - عُدل صدر هذه المادة ليكون بالنص الآتي "" توفر الوزارة قنوات للتوظيف دون مقابل، تقوم بما يأتي"". - عُدلت الفقرة (3/3) لتكون بالنص الآتي ""مواءمة طلبات طالبي العمل مع الأعمال الشاغرة وفق مؤهلاتهم"".",0.0273972602739726,0.09090909090909091,0.03773584905660377,23,63
الخامسة والعشرون,إذا أصيب عامل إصابة عمل نتج عنها نقص في قدراته لا يمنعه من أداء عمل آخر، ما هو واجب صاحب العمل تجاهه؟,على صاحب العمل الذي وقعت إصابة العامل بسبب العمل لديه توظيفه في العمل المناسب بالأجر المحدد لهذا العمل. (المادة الخامسة والعشرون),المادة الخامسة والعشرون ,"- صدر المرسوم الملكي رقم (م/44) وتاريخ 1446/2/8هـ، وذلك بالموافقة على تعديلات بعض مواد نظام العمل (ويعمل بها من تاريخ 1446/8/20هـ) وعدلت هذه المادة على النحو الآتي - إحلال كلمة ""قنوات"" محل كلمتي ""وحدة"" و ""وحدات"" أينما وردت في المادة. -إحلال كلمة ""الوزارة"" محل عبارة ""مكتب العمل المختص"". أينما وردت في المادة.",0.06896551724137931,0.2222222222222222,0.09090909090909091,21,55
الخامسة والعشرون,هل يؤثر توظيف العامل المصاب في عمل آخر على حقه في التعويض عن إصابته السابقة؟,لا، لا يخل هذا بما يستحقه العامل من تعويض عن إصابته. (المادة الخامسة والعشرون),المادة الخامسة والعشرون ,"- صدر المرسوم الملكي رقم (م/44) وتاريخ 1446/2/8هـ، وذلك بالموافقة على تعديلات بعض مواد نظام العمل (ويعمل بها من تاريخ 1446/8/20هـ) وعدلت هذه المادة على النحو الآتي - إحلال كلمة ""قنوات"" محل كلمتي ""وحدة"" و ""وحدات"" أينما وردت في المادة. -إحلال كلمة ""الوزارة"" محل عبارة ""مكتب العمل المختص"". أينما وردت في المادة.",0.03636363636363636,0.15384615384615385,0.045454545454545456,14,55
الخامسة والعشرون,ما هو نوع الإصابة التي توجب على صاحب العمل إعادة توظيف العامل؟,هي إصابة العمل التي نتج عنها نقص في قدراته المعتادة لا يمنعه من أداء عمل آخر غير عمله السابق. (المادة الخامسة والعشرون),المادة الخامسة والعشرون ,"- صدر المرسوم الملكي رقم (م/44) وتاريخ 1446/2/8هـ، وذلك بالموافقة على تعديلات بعض مواد نظام العمل (ويعمل بها من تاريخ 1446/8/20هـ) وعدلت هذه المادة على النحو الآتي - إحلال كلمة ""قنوات"" محل كلمتي ""وحدة"" و ""وحدات"" أينما وردت في المادة. -إحلال كلمة ""الوزارة"" محل عبارة ""مكتب العمل المختص"". أينما وردت في المادة.",0.06451612903225806,0.18181818181818182,0.09090909090909091,22,55
السادسة والعشرون,ما هو الشرط الأساسي لممارسة نشاط توظيف السعوديين أو استقدام العمال أو نشاط الإسناد؟,لا يجوز ممارسة أي من هذه الأنشطة إلا بعد الحصول على ترخيص بذلك من الوزارة. (المادة السادسة والعشرون),المادة السادسة والعشرون ,1- على جميع المنشآت في مختلف أنشطتها، وأيًّا كان عدد العاملين فيها، العمل على استقطاب السعوديين وتوظيفهم، وتوفير وسائل استمرارهم في العمل، وإتاحة الفرصة المناسبة لهم لإثبات صلاحيتهم للعمل عن طريق توجيههم وتدريبهم وتأهيلهم للأعمال الموكولة إليهم. 2- يجب ألا تقل نسبة العمال السعوديين الذين يستخدمهم صاحب العمل عن 75% من مجموع عماله. وللوزير في حالة عدم توافر الكفايات الفنية أو المؤهلات الدراسية، أو تعذر إشغال الوظائف بالمواطنين أن يخفض هذه النسبة مؤقتًا.,0.0379746835443038,0.17647058823529413,0.046153846153846156,18,73
السادسة والعشرون,ما هي الجهة التي تحدد شروط منح الترخيص وضوابط ممارسة أنشطة التوظيف والاستقدام؟,اللائحة التنفيذية هي التي تحدد ضوابط ممارسة كل من هذه الأنشطة، وشروط منح الترخيص وتجديده. (المادة السادسة والعشرون),المادة السادسة والعشرون ,1- على جميع المنشآت في مختلف أنشطتها، وأيًّا كان عدد العاملين فيها، العمل على استقطاب السعوديين وتوظيفهم، وتوفير وسائل استمرارهم في العمل، وإتاحة الفرصة المناسبة لهم لإثبات صلاحيتهم للعمل عن طريق توجيههم وتدريبهم وتأهيلهم للأعمال الموكولة إليهم. 2- يجب ألا تقل نسبة العمال السعوديين الذين يستخدمهم صاحب العمل عن 75% من مجموع عماله. وللوزير في حالة عدم توافر الكفايات الفنية أو المؤهلات الدراسية، أو تعذر إشغال الوظائف بالمواطنين أن يخفض هذه النسبة مؤقتًا.,0.024691358024691357,0.1111111111111111,0.03076923076923077,18,73
السادسة والعشرون,ما هو دور الوزارة بخصوص رسوم ممارسة أنشطة التوظيف والاستقدام؟,تقترح الوزارة قيمة رسوم ممارسة الأنشطة المشار إليها، وأوجه صرفها، تمهيدًا لاستكمال الإجراءات النظامية. (المادة السادسة والعشرون),المادة السادسة والعشرون ,1- على جميع المنشآت في مختلف أنشطتها، وأيًّا كان عدد العاملين فيها، العمل على استقطاب السعوديين وتوظيفهم، وتوفير وسائل استمرارهم في العمل، وإتاحة الفرصة المناسبة لهم لإثبات صلاحيتهم للعمل عن طريق توجيههم وتدريبهم وتأهيلهم للأعمال الموكولة إليهم. 2- يجب ألا تقل نسبة العمال السعوديين الذين يستخدمهم صاحب العمل عن 75% من مجموع عماله. وللوزير في حالة عدم توافر الكفايات الفنية أو المؤهلات الدراسية، أو تعذر إشغال الوظائف بالمواطنين أن يخفض هذه النسبة مؤقتًا.,0.0,0.0,0.0,17,73
التاسعة والعشرون,ما هو الشرط النظامي لاستقدام العمال بقصد العمل؟,لا يجوز الاستقدام بقصد العمل إلا بعد موافقة الوزارة. (المادة التاسعة والعشرون),المادة التاسعة والعشرون ,إذا أصيب أي عامل إصابة عمل نتج عنها نقص في قدراته المعتادة لا يمنعه من أداء عمل آخر غير عمله السابق، فإن على صاحب العمل الذي وقعت إصابة العامل بسبب العمل لديه توظيفه في العمل المناسب بالأجر المحدد لهذا العمل. ولا يخل هذا بما يستحقه من تعويض عن إصابته.,0.038461538461538464,0.16666666666666666,0.047619047619047616,12,49
التاسعة والعشرون,ما هو الغرض من اشتراط موافقة الوزارة على الاستقدام؟,الغرض هو تنظيم سوق العمل وضمان التزام المنشآت بحاجتها الفعلية من العمالة غير السعودية. (المادة التاسعة والعشرون),المادة التاسعة والعشرون ,إذا أصيب أي عامل إصابة عمل نتج عنها نقص في قدراته المعتادة لا يمنعه من أداء عمل آخر غير عمله السابق، فإن على صاحب العمل الذي وقعت إصابة العامل بسبب العمل لديه توظيفه في العمل المناسب بالأجر المحدد لهذا العمل. ولا يخل هذا بما يستحقه من تعويض عن إصابته.,0.05357142857142857,0.17647058823529413,0.07142857142857142,17,49
التاسعة والعشرون,هل الاستقدام لأغراض غير العمل (مثل الزيارة أو السياحة) يتطلب موافقة الوزارة وفقاً لهذه المادة؟,لا، المادة تنص على اشتراط الموافقة للاستقدام بقصد العمل. (المادة التاسعة والعشرون),المادة التاسعة والعشرون ,إذا أصيب أي عامل إصابة عمل نتج عنها نقص في قدراته المعتادة لا يمنعه من أداء عمل آخر غير عمله السابق، فإن على صاحب العمل الذي وقعت إصابة العامل بسبب العمل لديه توظيفه في العمل المناسب بالأجر المحدد لهذا العمل. ولا يخل هذا بما يستحقه من تعويض عن إصابته.,0.06,0.2727272727272727,0.07142857142857142,12,49
الثلاثون,ما هو الشرط الأساسي لممارسة العامل غير السعودي أي عمل في المملكة؟,يجب أن يحصل على رخصة عمل من الوزارة وفق النموذج الذي تعده لهذا الغرض. (المادة الثلاثون),المادة الثلاثون ,"- صدر المرسوم الملكي رقم (م/44) وتاريخ 1446/2/8هـ، وذلك بالموافقة على تعديلات بعض مواد نظام العمل (ويعمل بها من تاريخ 1446/8/20هـ) وعدلت هذه المادة لتكون بالنص الآتي ""1- لا يجوز لأي شخص طبيعي أو اعتباري أن يمارس نشاط توظيف السعوديين أو نشاط استقدام العمال أو نشاط الإسناد ما لم يكن مرخصاً له بذلك من الوزارة. وتحدد اللائحة ضوابط ممارسة كل من هذه الأنشطة، وشروط منح الترخيص لكل منها وتجديده، والتزامات المرخص له، وقواعد عدم تجديد الترخيص أو إلغائه، والآثار المترتبة على ذلك، وغير ذلك مما يكون ضروريًّا من الشروط والضوابط لضمان حسن سير العمل بها. 2- تقترح الوزارة قيمة رسوم ممارسة الأنشطة المشار إليها في الفقرة (1) من هذه المادة، وأوجه صرفها، تمهيداً لاستكمال الإجراءات النظامية في هذا الشأن"".",0.045871559633027525,0.3125,0.05102040816326531,16,123
الثلاثون,ما هي الشروط الثلاثة لمنح رخصة العمل للعامل غير السعودي؟,يجب أن يكون قد دخل البلاد بطريقة مشروعة ومصرحًا له بالعمل، وأن يكون من ذوي الكفايات المهنية أو المؤهلات الدراسية التي تحتاج إليها البلاد، وأن يكون متعاقدًا مع صاحب عمل وتحت مسؤوليته. (المادة الثلاثون),المادة الثلاثون ,"- صدر المرسوم الملكي رقم (م/44) وتاريخ 1446/2/8هـ، وذلك بالموافقة على تعديلات بعض مواد نظام العمل (ويعمل بها من تاريخ 1446/8/20هـ) وعدلت هذه المادة لتكون بالنص الآتي ""1- لا يجوز لأي شخص طبيعي أو اعتباري أن يمارس نشاط توظيف السعوديين أو نشاط استقدام العمال أو نشاط الإسناد ما لم يكن مرخصاً له بذلك من الوزارة. وتحدد اللائحة ضوابط ممارسة كل من هذه الأنشطة، وشروط منح الترخيص لكل منها وتجديده، والتزامات المرخص له، وقواعد عدم تجديد الترخيص أو إلغائه، والآثار المترتبة على ذلك، وغير ذلك مما يكون ضروريًّا من الشروط والضوابط لضمان حسن سير العمل بها. 2- تقترح الوزارة قيمة رسوم ممارسة الأنشطة المشار إليها في الفقرة (1) من هذه المادة، وأوجه صرفها، تمهيداً لاستكمال الإجراءات النظامية في هذا الشأن"".",0.05785123966942149,0.23333333333333334,0.07142857142857142,34,123
الثلاثون,"ما الذي يشمله مصطلح ""العمل"" في سياق هذه المادة؟",يشمل كل عمل صناعي أو تجاري أو زراعي أو مالي أو غيره وأي خدمة بما في ذلك الخدمة المنزلية. (المادة الثلاثون),المادة الثلاثون ,"- صدر المرسوم الملكي رقم (م/44) وتاريخ 1446/2/8هـ، وذلك بالموافقة على تعديلات بعض مواد نظام العمل (ويعمل بها من تاريخ 1446/8/20هـ) وعدلت هذه المادة لتكون بالنص الآتي ""1- لا يجوز لأي شخص طبيعي أو اعتباري أن يمارس نشاط توظيف السعوديين أو نشاط استقدام العمال أو نشاط الإسناد ما لم يكن مرخصاً له بذلك من الوزارة. وتحدد اللائحة ضوابط ممارسة كل من هذه الأنشطة، وشروط منح الترخيص لكل منها وتجديده، والتزامات المرخص له، وقواعد عدم تجديد الترخيص أو إلغائه، والآثار المترتبة على ذلك، وغير ذلك مما يكون ضروريًّا من الشروط والضوابط لضمان حسن سير العمل بها. 2- تقترح الوزارة قيمة رسوم ممارسة الأنشطة المشار إليها في الفقرة (1) من هذه المادة، وأوجه صرفها، تمهيداً لاستكمال الإجراءات النظامية في هذا الشأن"".",0.04504504504504504,0.2777777777777778,0.05102040816326531,21,123
الحادية والثلاثون,هل تعتبر رخصة العمل كافية لممارسة العمل في حال تطلب جهة أخرى ترخيصاً للمهنة؟,لا، لا يُغني عن رخصة العمل أي تصريح أو ترخيص يكون مطلوبًا من جهة أخرى لممارسة العمل أو المهنة. (المادة الحادية والثلاثون),المادة الحادية والثلاثون ,"- صدر المرسوم الملكي رقم (م/44) وتاريخ 1446/2/8هـ، وذلك بالموافقة على تعديلات بعض مواد نظام العمل (ويعمل بها من تاريخ 1446/8/20هـ) وعدلت هذه المادة وذلك بإضافة عبارة ""أو الشركات"" بعد كلمة ""المكاتب""",0.08163265306122448,0.21052631578947367,0.11764705882352941,22,36
الحادية والثلاثون,ما هو الشرط المزدوج لبعض المهن التي تتطلب تصاريح خاصة؟,يجب الحصول على رخصة العمل من الوزارة بالإضافة إلى الحصول على التصريح أو الترخيص المطلوب من الجهة الأخرى. (المادة الحادية والثلاثون),المادة الحادية والثلاثون ,"- صدر المرسوم الملكي رقم (م/44) وتاريخ 1446/2/8هـ، وذلك بالموافقة على تعديلات بعض مواد نظام العمل (ويعمل بها من تاريخ 1446/8/20هـ) وعدلت هذه المادة وذلك بإضافة عبارة ""أو الشركات"" بعد كلمة ""المكاتب""",0.10638297872340426,0.2777777777777778,0.14705882352941177,21,36
الحادية والثلاثون,ما هي أهمية رخصة العمل في سياق هذا النص؟,تظل رخصة العمل إلزامية حتى لو كانت المهنة تتطلب تصريحاً إضافياً من جهة أخرى. (المادة الحادية والثلاثون),المادة الحادية والثلاثون ,"- صدر المرسوم الملكي رقم (م/44) وتاريخ 1446/2/8هـ، وذلك بالموافقة على تعديلات بعض مواد نظام العمل (ويعمل بها من تاريخ 1446/8/20هـ) وعدلت هذه المادة وذلك بإضافة عبارة ""أو الشركات"" بعد كلمة ""المكاتب""",0.0625,0.17647058823529413,0.08823529411764706,17,36
الثانية والثلاثون,متى يحق للوزارة الامتناع عن تجديد رخصة العمل لصاحب العمل؟,يحق للوزارة الامتناع عن تجديد رخصة العمل متى خالف صاحب العمل المعايير الخاصة بتوطين الوظائف التي تضعها الوزارة. (المادة الثانية والثلاثون),المادة الثانية والثلاثون ,لا يجوز الاستقدام بقصد العمل إلا بعد موافقة الوزارة .,0.07407407407407407,0.1,0.2222222222222222,21,9
الثانية والثلاثون,ما هي العلاقة بين تجديد رخصة العمل والتوطين؟,يُعد الالتزام بمعايير التوطين التي تضعها الوزارة شرطاً لتجديد رخصة العمل، ويؤدي مخالفة المعايير إلى الامتناع عن التجديد. (المادة الثانية والثلاثون),المادة الثانية والثلاثون ,لا يجوز الاستقدام بقصد العمل إلا بعد موافقة الوزارة .,0.07142857142857142,0.09523809523809523,0.2222222222222222,21,9
الثانية والثلاثون,من هي الجهة التي تضع معايير توطين الوظائف؟,الوزارة هي التي تضع المعايير الخاصة بتوطين الوظائف. (المادة الثانية والثلاثون),المادة الثانية والثلاثون ,لا يجوز الاستقدام بقصد العمل إلا بعد موافقة الوزارة .,0.05263157894736842,0.09090909090909091,0.1111111111111111,11,9
الثالثة والثلاثون,ما هو واجب الوزير بخصوص المهن التي يُحظر على غير السعودي الاشتغال بها؟,على الوزير أن يحدد بقرار منه المهن والأعمال التي يُحظر على غير السعودي الاشتغال بها. (المادة الثالثة والثلاثون),المادة الثالثة والثلاثون ,لا يجوز لغير السعودي أن يمارس عملًا، ولا يجوز أن يسمح له بمزاولته، إلا بعد الحصول على رخصة عمل من الوزارة وفق النموذج الذي تعده لهذا الغرض. ويشترط لمنح الرخصة ما يأتي 1 - أن يكون العامل قد دخل البلاد بطريقة مشروعة ومصرحًا له بالعمل. 2 - أن يكون من ذوي الكفايات المهنية أو المؤهلات الدراسية التي تحتاج إليها البلاد، ولا يوجد من أبناء البلاد من يحملها أو كان العدد الموجود منهم لا يفي بالحاجة، أو يكون من فئة العمال العاديين التي تحتاج إليها البلاد. 3 - أن يكون متعاقدًا مع صاحب عمل وتحت مسؤوليته. ويقصد بكلمة (العمل) في هذه المادة كل عمل صناعي أو تجاري أو زراعي أو مالي أو غيره وأي خدمة بما في ذلك الخدمة المنزلية.,0.05102040816326531,0.29411764705882354,0.05813953488372093,18,116
الثالثة والثلاثون,ما هو الشكل النظامي الذي يتم به تحديد المهن المحظورة؟,يتم تحديدها بقرار من الوزير. (المادة الثالثة والثلاثون),المادة الثالثة والثلاثون ,لا يجوز لغير السعودي أن يمارس عملًا، ولا يجوز أن يسمح له بمزاولته، إلا بعد الحصول على رخصة عمل من الوزارة وفق النموذج الذي تعده لهذا الغرض. ويشترط لمنح الرخصة ما يأتي 1 - أن يكون العامل قد دخل البلاد بطريقة مشروعة ومصرحًا له بالعمل. 2 - أن يكون من ذوي الكفايات المهنية أو المؤهلات الدراسية التي تحتاج إليها البلاد، ولا يوجد من أبناء البلاد من يحملها أو كان العدد الموجود منهم لا يفي بالحاجة، أو يكون من فئة العمال العاديين التي تحتاج إليها البلاد. 3 - أن يكون متعاقدًا مع صاحب عمل وتحت مسؤوليته. ويقصد بكلمة (العمل) في هذه المادة كل عمل صناعي أو تجاري أو زراعي أو مالي أو غيره وأي خدمة بما في ذلك الخدمة المنزلية.,0.021739130434782608,0.25,0.023255813953488372,8,116
الثالثة والثلاثون,ما هو الهدف من تحديد مهن محظورة على غير السعودي؟,الهدف هو إتاحة فرص عمل معينة للمواطنين السعوديين وفقاً لأهداف التوطين. (المادة الثالثة والثلاثون),المادة الثالثة والثلاثون ,لا يجوز لغير السعودي أن يمارس عملًا، ولا يجوز أن يسمح له بمزاولته، إلا بعد الحصول على رخصة عمل من الوزارة وفق النموذج الذي تعده لهذا الغرض. ويشترط لمنح الرخصة ما يأتي 1 - أن يكون العامل قد دخل البلاد بطريقة مشروعة ومصرحًا له بالعمل. 2 - أن يكون من ذوي الكفايات المهنية أو المؤهلات الدراسية التي تحتاج إليها البلاد، ولا يوجد من أبناء البلاد من يحملها أو كان العدد الموجود منهم لا يفي بالحاجة، أو يكون من فئة العمال العاديين التي تحتاج إليها البلاد. 3 - أن يكون متعاقدًا مع صاحب عمل وتحت مسؤوليته. ويقصد بكلمة (العمل) في هذه المادة كل عمل صناعي أو تجاري أو زراعي أو مالي أو غيره وأي خدمة بما في ذلك الخدمة المنزلية.,0.02040816326530612,0.14285714285714285,0.023255813953488372,14,116
الرابعة والثلاثون,ما هي الشروط الشكلية التي يجب أن تتوافر في عقد عمل غير السعودي؟,يجب أن يكون عقد عمل غير السعودي مكتوباً ومحدد المدة. (المادة الرابعة والثلاثون),المادة الرابعة والثلاثون ,لا يغني عن رخصة العمل المشار إليها أي تصريح أو ترخيص يكون مطلوبًا من جهة أخرى لممارسة العمل أو المهنة.,0.03333333333333333,0.07692307692307693,0.05555555555555555,13,20
الرابعة والثلاثون,ما هي المدة المعتبرة لعقد العامل غير السعودي إذا خلا العقد من بيان مدته؟,تُعد مدته (سنة) من تاريخ مباشرة العامل الفعلية. (المادة الرابعة والثلاثون),المادة الرابعة والثلاثون ,لا يغني عن رخصة العمل المشار إليها أي تصريح أو ترخيص يكون مطلوبًا من جهة أخرى لممارسة العمل أو المهنة.,0.03571428571428571,0.09090909090909091,0.05555555555555555,11,20
الرابعة والثلاثون,ما هو حكم استمرار العمل بعد انتهاء المدة المحددة في عقد غير السعودي؟,إذا استمر العمل بعد انتهاء هذه المدة، عُدَّ متجدداً لمدة مماثلة. (المادة الرابعة والثلاثون),المادة الرابعة والثلاثون ,لا يغني عن رخصة العمل المشار إليها أي تصريح أو ترخيص يكون مطلوبًا من جهة أخرى لممارسة العمل أو المهنة.,0.03225806451612903,0.07142857142857142,0.05555555555555555,14,20
الخامسة والثلاثون,هل يجوز لصاحب العمل توظيف العامل غير السعودي في مهنة مختلفة عن المدونة في رخصة عمله؟,لا يجوز لصاحب العمل توظيف العامل في مهنة غير المهنة المدونة في رخصة عمله. (المادة الخامسة والثلاثون),المادة الخامسة والثلاثون ,"تم تعديل هذه المادة بموجب المرسوم الملكي رقم ( م/ 46) وتاريخ 5 / 6 / 1436 هـ ؛ لتكون بالنص الآتي ""للوزارة أن تمتنع عن تجديد رخصة العمل متى خالف صاحب العمل المعايير الخاصة بتوطين الوظائف التي تضعها الوزارة"".",0.061224489795918366,0.1875,0.08333333333333333,17,37
الخامسة والثلاثون,متى يُحظر على العامل الاشتغال في مهنة غير مهنته المدونة؟,يُحظر عليه الاشتغال في غير مهنته قبل اتخاذ الإجراءات النظامية لتغيير المهنة. (المادة الخامسة والثلاثون),المادة الخامسة والثلاثون ,"تم تعديل هذه المادة بموجب المرسوم الملكي رقم ( م/ 46) وتاريخ 5 / 6 / 1436 هـ ؛ لتكون بالنص الآتي ""للوزارة أن تمتنع عن تجديد رخصة العمل متى خالف صاحب العمل المعايير الخاصة بتوطين الوظائف التي تضعها الوزارة"".",0.02,0.06666666666666667,0.027777777777777776,15,37
الخامسة والثلاثون,ما هو الإجراء النظامي المطلوب لمزاولة مهنة مختلفة عن المدونة في رخصة العمل؟,يجب اتخاذ الإجراءات النظامية لتغيير المهنة. (المادة الخامسة والثلاثون),المادة الخامسة والثلاثون ,"تم تعديل هذه المادة بموجب المرسوم الملكي رقم ( م/ 46) وتاريخ 5 / 6 / 1436 هـ ؛ لتكون بالنص الآتي ""للوزارة أن تمتنع عن تجديد رخصة العمل متى خالف صاحب العمل المعايير الخاصة بتوطين الوظائف التي تضعها الوزارة"".",0.022727272727272728,0.1111111111111111,0.027777777777777776,9,37
التاسعة والثلاثون,ما هي التصرفات المحظورة على صاحب العمل تجاه عامله في سياق العمل لدى الغير؟,لا يجوز لصاحب العمل - بغير اتباع القواعد والإجراءات النظامية المقررة - أن يترك عامله يعمل لدى الغير، كما لا يجوز لصاحب العمل توظيف عامل غيره. (المادة التاسعة والثلاثون),المادة التاسعة والثلاثون ,"تم تعديل هذه المادة بموجب المرسوم الملكي رقم ( م / 24 ) وتاريخ 12 / 5 / 1434 هـ ، لتصبح بالنص الآتى ""المادة التاسعة والثلاثون 1 ) لا يجوز - بغير اتباع القواعد والاجراءات النظامية المقررة – أن يترك صاحب العمل عامله يعمل لدى الغير، ولا يجوز للعامل أن يعمل لدى صاحب عمل آخر، كما لا يجوز لصاحب العمل توظيف عامل غيره، وتتولى وزارة العمل التفتيش على المنشآت، والتحقيق في المخالفات التي يتم ضبطها من قبل مفتشيها، ومن ثم إحالتها إلى وزارة الداخلية لتطبيق العقوبات المقررة بشأنها. 2 ) لا يجوز لصاحب العمل أن يترك عامله يعمل لحسابه الخاص، كما لا يجوز للعامل أن يعمل لحسابه الخاص، وتتولى وزارة الداخلية ضبط وإيقاف وترحيل وإيقاع العقوبات على المخالفين من العاملين لحسابهم الخاص (العمالة السائبة) في الشوارع والميادين والمتغيبين عن العمل (الهاربين) وكذلك أصحاب العمل والمشغلين لهؤلاء والمتسترين عليهم والناقلين لهم وكل من له دور في المخالفة وتطبيق العقوبات المقررة بحقهم "".",0.22,0.9565217391304348,0.2222222222222222,27,141
التاسعة والثلاثون,ما هي الجهة التي تتولى التحقيق في مخالفات ترك العامل يعمل لدى الغير؟,تتولى وزارة العمل التفتيش على المنشآت، والتحقيق في المخالفات التي يتم ضبطها من قبل مفتشيها، ومن ثم إحالتها إلى وزارة الداخلية لتطبيق العقوبات. (المادة التاسعة والثلاثون),المادة التاسعة والثلاثون ,"تم تعديل هذه المادة بموجب المرسوم الملكي رقم ( م / 24 ) وتاريخ 12 / 5 / 1434 هـ ، لتصبح بالنص الآتى ""المادة التاسعة والثلاثون 1 ) لا يجوز - بغير اتباع القواعد والاجراءات النظامية المقررة – أن يترك صاحب العمل عامله يعمل لدى الغير، ولا يجوز للعامل أن يعمل لدى صاحب عمل آخر، كما لا يجوز لصاحب العمل توظيف عامل غيره، وتتولى وزارة العمل التفتيش على المنشآت، والتحقيق في المخالفات التي يتم ضبطها من قبل مفتشيها، ومن ثم إحالتها إلى وزارة الداخلية لتطبيق العقوبات المقررة بشأنها. 2 ) لا يجوز لصاحب العمل أن يترك عامله يعمل لحسابه الخاص، كما لا يجوز للعامل أن يعمل لحسابه الخاص، وتتولى وزارة الداخلية ضبط وإيقاف وترحيل وإيقاع العقوبات على المخالفين من العاملين لحسابهم الخاص (العمالة السائبة) في الشوارع والميادين والمتغيبين عن العمل (الهاربين) وكذلك أصحاب العمل والمشغلين لهؤلاء والمتسترين عليهم والناقلين لهم وكل من له دور في المخالفة وتطبيق العقوبات المقررة بحقهم "".",0.24,0.96,0.24242424242424243,26,141
التاسعة والثلاثون,ما هي الجهات المسؤولة عن ضبط وملاحقة العمالة السائبة (التي تعمل لحسابها الخاص)؟,تتولى وزارة الداخلية ضبط وإيقاف وترحيل وإيقاع العقوبات على المخالفين من العاملين لحسابهم الخاص وكذلك أصحاب العمل والمشغلين والمتسترين والناقلين لهم. (المادة التاسعة والثلاثون),المادة التاسعة والثلاثون ,"تم تعديل هذه المادة بموجب المرسوم الملكي رقم ( م / 24 ) وتاريخ 12 / 5 / 1434 هـ ، لتصبح بالنص الآتى ""المادة التاسعة والثلاثون 1 ) لا يجوز - بغير اتباع القواعد والاجراءات النظامية المقررة – أن يترك صاحب العمل عامله يعمل لدى الغير، ولا يجوز للعامل أن يعمل لدى صاحب عمل آخر، كما لا يجوز لصاحب العمل توظيف عامل غيره، وتتولى وزارة العمل التفتيش على المنشآت، والتحقيق في المخالفات التي يتم ضبطها من قبل مفتشيها، ومن ثم إحالتها إلى وزارة الداخلية لتطبيق العقوبات المقررة بشأنها. 2 ) لا يجوز لصاحب العمل أن يترك عامله يعمل لحسابه الخاص، كما لا يجوز للعامل أن يعمل لحسابه الخاص، وتتولى وزارة الداخلية ضبط وإيقاف وترحيل وإيقاع العقوبات على المخالفين من العاملين لحسابهم الخاص (العمالة السائبة) في الشوارع والميادين والمتغيبين عن العمل (الهاربين) وكذلك أصحاب العمل والمشغلين لهؤلاء والمتسترين عليهم والناقلين لهم وكل من له دور في المخالفة وتطبيق العقوبات المقررة بحقهم "".",0.23,0.9583333333333334,0.23232323232323232,24,141
الأربعون,ما هي الرسوم والمصاريف التي يتحملها صاحب العمل فيما يخص العامل غير السعودي؟,يتحمل صاحب العمل رسوم استقدام العامل غير السعودي، ورسوم الإقامة ورخصة العمل وتجديدهما، وما يترتب على تأخير ذلك من غرامات يتسبب بها صاحب العمل، ورسوم تغيير المهنة، والخروج والعودة، وتذكرة عودة العامل إلى موطنه بعد انتهاء العلاقة بين الطرفين. (المادة الأربعون),المادة الأربعون ,"- صدر المرسوم الملكي رقم (م/44) وتاريخ 1446/2/8هـ، وذلك بالموافقة على تعديلات بعض مواد نظام العمل (ويعمل بها من تاريخ 1446/8/20هـ) وعدلت الفقرة (1) من هذه المادة لتكون بالنص الآتي "" يتحمل صاحب العمل رسوم استقدام العامل غير السعودي، ورسوم الإقامة ورخصة العمل وتجديدهما، وما يترتب على تأخير ذلك من غرامات يتسبب بها صاحب العمل، ورسوم تغيير المهنة، والخروج والعودة، وتذكرة عودة العامل إلى موطنه بعد انتهاء العلاقة بين الطرفين "".",0.5555555555555556,0.9722222222222222,0.5645161290322581,41,73
الأربعون,هل يتحمل صاحب العمل الغرامات الناتجة عن تأخير تجديد الإقامة ورخصة العمل؟,نعم، يتحمل صاحب العمل الغرامات التي تترتب على تأخير التجديد ويتسبب بها صاحب العمل. (المادة الأربعون),المادة الأربعون ,"- صدر المرسوم الملكي رقم (م/44) وتاريخ 1446/2/8هـ، وذلك بالموافقة على تعديلات بعض مواد نظام العمل (ويعمل بها من تاريخ 1446/8/20هـ) وعدلت الفقرة (1) من هذه المادة لتكون بالنص الآتي "" يتحمل صاحب العمل رسوم استقدام العامل غير السعودي، ورسوم الإقامة ورخصة العمل وتجديدهما، وما يترتب على تأخير ذلك من غرامات يتسبب بها صاحب العمل، ورسوم تغيير المهنة، والخروج والعودة، وتذكرة عودة العامل إلى موطنه بعد انتهاء العلاقة بين الطرفين "".",0.10144927536231885,0.5,0.11290322580645161,16,73
الأربعون,متى يتحمل صاحب العمل تذكرة عودة العامل إلى موطنه؟,يتحملها بعد انتهاء العلاقة بين الطرفين. (المادة الأربعون),المادة الأربعون ,"- صدر المرسوم الملكي رقم (م/44) وتاريخ 1446/2/8هـ، وذلك بالموافقة على تعديلات بعض مواد نظام العمل (ويعمل بها من تاريخ 1446/8/20هـ) وعدلت الفقرة (1) من هذه المادة لتكون بالنص الآتي "" يتحمل صاحب العمل رسوم استقدام العامل غير السعودي، ورسوم الإقامة ورخصة العمل وتجديدهما، وما يترتب على تأخير ذلك من غرامات يتسبب بها صاحب العمل، ورسوم تغيير المهنة، والخروج والعودة، وتذكرة عودة العامل إلى موطنه بعد انتهاء العلاقة بين الطرفين "".",0.09375,0.75,0.0967741935483871,8,73
الحادية والأربعون,ما هي الشروط التي تحددها اللائحة التنفيذية بخصوص العامل غير السعودي؟,تحدد اللائحة شروط الاستقدام، ونقل الخدمات، وتغيير المهنة، وضوابط ذلك وإجراءاته. (المادة الحادية والأربعون),المادة الحادية والأربعون ,تحدد اللائحة شروط الاستقدام، ونقل الخدمات، وتغيير المهنة، وضوابط ذلك وإجراءاته.,0.7857142857142857,0.7857142857142857,1.0,14,11
الحادية والأربعون,ما هي المجالات الثلاثة الرئيسية التي تنظمها اللائحة التنفيذية في سياق العمالة غير السعودية؟,تنظم اللائحة شروط وإجراءات الاستقدام، ونقل الخدمات، وتغيير المهنة. (المادة الحادية والأربعون),المادة الحادية والأربعون ,تحدد اللائحة شروط الاستقدام، ونقل الخدمات، وتغيير المهنة، وضوابط ذلك وإجراءاته.,0.4375,0.5833333333333334,0.6363636363636364,12,11
الحادية والأربعون,ما هو دور اللائحة التنفيذية في ضبط إجراءات نقل الخدمات؟,تحدد اللائحة شروط نقل الخدمات، وضوابط ذلك وإجراءاته. (المادة الحادية والأربعون),المادة الحادية والأربعون ,تحدد اللائحة شروط الاستقدام، ونقل الخدمات، وتغيير المهنة، وضوابط ذلك وإجراءاته.,0.4666666666666667,0.6363636363636364,0.6363636363636364,11,11
الثانية والأربعون,ما هو الإجراء الواجب على كل صاحب عمل اتخاذه بخصوص تدريب وتأهيل العمال السعوديين؟,عليه وضع سياسة لتدريب عماله السعوديين وتأهيلهم، من أجل رفع مهاراتهم وتحسين مستواهم في الأعمال الفنية والإدارية والمهنية وغيرها. (المادة الثانية والأربعون),المادة الثانية والأربعون ,"- صدر المرسوم الملكي رقم (م/44) وتاريخ 1446/2/8هـ، وذلك بالموافقة على تعديلات بعض مواد نظام العمل (ويعمل بها من تاريخ 1446/8/20هـ) وعدلت هذه المادة لتكون بالنص الآتي "" على كل صاحب عمل وضع سياسة لتدريب عماله السعوديين وتأهيلهم، من أجل رفع مهاراتهم وتحسين مستواهم في الأعمال الفنية والإدارية والمهنية وغيرها. وتحدد اللائحة الأحكام المتصلة بذلك "".",0.3275862068965517,0.8636363636363636,0.34545454545454546,22,58
الثانية والأربعون,ما هو الهدف من وضع سياسة لتدريب وتأهيل العمال السعوديين؟,الهدف هو رفع مهاراتهم وتحسين مستواهم في الأعمال الفنية والإدارية والمهنية وغيرها. (المادة الثانية والأربعون),المادة الثانية والأربعون ,"- صدر المرسوم الملكي رقم (م/44) وتاريخ 1446/2/8هـ، وذلك بالموافقة على تعديلات بعض مواد نظام العمل (ويعمل بها من تاريخ 1446/8/20هـ) وعدلت هذه المادة لتكون بالنص الآتي "" على كل صاحب عمل وضع سياسة لتدريب عماله السعوديين وتأهيلهم، من أجل رفع مهاراتهم وتحسين مستواهم في الأعمال الفنية والإدارية والمهنية وغيرها. وتحدد اللائحة الأحكام المتصلة بذلك "".",0.1864406779661017,0.7333333333333333,0.2,15,58
الثانية والأربعون,ما هي الجهة التي تحدد الأحكام المتصلة بوضع سياسة التدريب؟,اللائحة التنفيذية هي التي تحدد الأحكام المتصلة بذلك. (المادة الثانية والأربعون),المادة الثانية والأربعون ,"- صدر المرسوم الملكي رقم (م/44) وتاريخ 1446/2/8هـ، وذلك بالموافقة على تعديلات بعض مواد نظام العمل (ويعمل بها من تاريخ 1446/8/20هـ) وعدلت هذه المادة لتكون بالنص الآتي "" على كل صاحب عمل وضع سياسة لتدريب عماله السعوديين وتأهيلهم، من أجل رفع مهاراتهم وتحسين مستواهم في الأعمال الفنية والإدارية والمهنية وغيرها. وتحدد اللائحة الأحكام المتصلة بذلك "".",0.08196721311475409,0.45454545454545453,0.09090909090909091,11,58
الثالثة والأربعون,ما هو الحد الأدنى من العمال السعوديين الذي يجب على صاحب العمل الذي يشغل خمسين عاملاً فأكثر تدريبهم سنوياً؟,يجب أن يؤهل أو يدرب ما لا يقل عن (12%) من مجموع عماله سنوياً. (المادة الثالثة والأربعون),المادة الثالثة والأربعون ,"تم تعديل هذه المادة بموجب المرسوم الملكي رقم ( م/ 46) وتاريخ 5 / 6 / 1436 هـ ؛ لتكون بالنص الآتي ""مع عدم الإخلال بما تنص عليه اتفاقيات الامتياز وغيرها من الاتفاقيات من شروط وقواعد خاصة بالتدريب والتأهيل؛ على كل صاحب عمل يشغّل خمسين عاملاً فأكثر أن يؤهل أو يدرب على أعماله من عماله السعوديين ما لا يقل عن (12%) من مجموع عماله سنوياً، ويدخل ضمن هذه النسبة العمال السعوديون الذين يكملون دراساتهم إذا كان صاحب العمل يتحمل تكاليف الدراسة. وللوزير أن يرفع هذه النسبة في بعض المنشآت التي يحددها بقرار منه"".",0.1686746987951807,0.8235294117647058,0.175,17,90
الثالثة والأربعون,هل يدخل العمال السعوديون الذين يكملون دراساتهم ضمن نسبة الـ 12% الإلزامية للتدريب؟,نعم، يدخلون ضمن هذه النسبة إذا كان صاحب العمل يتحمل تكاليف الدراسة. (المادة الثالثة والأربعون),المادة الثالثة والأربعون ,"تم تعديل هذه المادة بموجب المرسوم الملكي رقم ( م/ 46) وتاريخ 5 / 6 / 1436 هـ ؛ لتكون بالنص الآتي ""مع عدم الإخلال بما تنص عليه اتفاقيات الامتياز وغيرها من الاتفاقيات من شروط وقواعد خاصة بالتدريب والتأهيل؛ على كل صاحب عمل يشغّل خمسين عاملاً فأكثر أن يؤهل أو يدرب على أعماله من عماله السعوديين ما لا يقل عن (12%) من مجموع عماله سنوياً، ويدخل ضمن هذه النسبة العمال السعوديون الذين يكملون دراساتهم إذا كان صاحب العمل يتحمل تكاليف الدراسة. وللوزير أن يرفع هذه النسبة في بعض المنشآت التي يحددها بقرار منه"".",0.13095238095238096,0.7333333333333333,0.1375,15,90
الثالثة والأربعون,متى يجوز للوزير رفع النسبة الإلزامية للتدريب؟,يجوز للوزير أن يرفع هذه النسبة في بعض المنشآت التي يحددها بقرار منه. (المادة الثالثة والأربعون),المادة الثالثة والأربعون ,"تم تعديل هذه المادة بموجب المرسوم الملكي رقم ( م/ 46) وتاريخ 5 / 6 / 1436 هـ ؛ لتكون بالنص الآتي ""مع عدم الإخلال بما تنص عليه اتفاقيات الامتياز وغيرها من الاتفاقيات من شروط وقواعد خاصة بالتدريب والتأهيل؛ على كل صاحب عمل يشغّل خمسين عاملاً فأكثر أن يؤهل أو يدرب على أعماله من عماله السعوديين ما لا يقل عن (12%) من مجموع عماله سنوياً، ويدخل ضمن هذه النسبة العمال السعوديون الذين يكملون دراساتهم إذا كان صاحب العمل يتحمل تكاليف الدراسة. وللوزير أن يرفع هذه النسبة في بعض المنشآت التي يحددها بقرار منه"".",0.14285714285714285,0.75,0.15,16,90
الرابعة والأربعون,ما هي البنود التي يجب أن يشتمل عليها برنامج التدريب؟,يجب أن يشتمل على المهارة التي يتدرب عليها العامل، والقواعد والشروط التي تتبع في التدريب، ومدته، وعدد ساعاته، والبرامج التدريبية النظرية والعملية، وطريقة الاختبار والشهادات التي تمنح. (المادة الرابعة والأربعون),المادة الرابعة والأربعون ,"- صدر المرسوم الملكي رقم (م/44) وتاريخ 1446/2/8هـ، وذلك بالموافقة على تعديلات بعض مواد نظام العمل (ويعمل بها من تاريخ 1446/8/20هـ) وعدلت هذه المادة لتكون بالنص الآتي "" يجب أن يشتمل برنامج التدريب على المهارة التي يتدرب العامل عليها والقواعد والشروط التي تتبع في التدريب، وعلى مدته وعدد ساعاته والبرامج التدريبية النظرية والعملية، وطريقة الاختبار والشهادات التي تمنح في هذا الشأن. وتحدد اللائحة المعايير والقواعد العامة التي ينبغي اتباعها بهذا الخصوص لرفع مستوى أداء العامل من حيث المهارة والإنتاجية "".",0.33783783783783783,0.8928571428571429,0.352112676056338,30,82
الرابعة والأربعون,ما هو الهدف من المعايير والقواعد العامة التي تحددها اللائحة بخصوص التدريب؟,الهدف هو رفع مستوى أداء العامل من حيث المهارة والإنتاجية. (المادة الرابعة والأربعون),المادة الرابعة والأربعون ,"- صدر المرسوم الملكي رقم (م/44) وتاريخ 1446/2/8هـ، وذلك بالموافقة على تعديلات بعض مواد نظام العمل (ويعمل بها من تاريخ 1446/8/20هـ) وعدلت هذه المادة لتكون بالنص الآتي "" يجب أن يشتمل برنامج التدريب على المهارة التي يتدرب العامل عليها والقواعد والشروط التي تتبع في التدريب، وعلى مدته وعدد ساعاته والبرامج التدريبية النظرية والعملية، وطريقة الاختبار والشهادات التي تمنح في هذا الشأن. وتحدد اللائحة المعايير والقواعد العامة التي ينبغي اتباعها بهذا الخصوص لرفع مستوى أداء العامل من حيث المهارة والإنتاجية "".",0.10526315789473684,0.6153846153846154,0.11267605633802817,13,82
الرابعة والأربعون,من هي الجهة التي تحدد المعايير والقواعد العامة التي ينبغي اتباعها في برامج التدريب؟,اللائحة هي التي تحدد هذه المعايير والقواعد العامة. (المادة الرابعة والأربعون),المادة الرابعة والأربعون ,"- صدر المرسوم الملكي رقم (م/44) وتاريخ 1446/2/8هـ، وذلك بالموافقة على تعديلات بعض مواد نظام العمل (ويعمل بها من تاريخ 1446/8/20هـ) وعدلت هذه المادة لتكون بالنص الآتي "" يجب أن يشتمل برنامج التدريب على المهارة التي يتدرب العامل عليها والقواعد والشروط التي تتبع في التدريب، وعلى مدته وعدد ساعاته والبرامج التدريبية النظرية والعملية، وطريقة الاختبار والشهادات التي تمنح في هذا الشأن. وتحدد اللائحة المعايير والقواعد العامة التي ينبغي اتباعها بهذا الخصوص لرفع مستوى أداء العامل من حيث المهارة والإنتاجية "".",0.09333333333333334,0.6363636363636364,0.09859154929577464,11,82
الخامسة والأربعون,ما هو تعريف عقد التأهيل والتدريب؟,عقد التأهيل والتدريب هو عقد يلتزم بمقتضاه صاحب العمل بتأهيل أو تدريب شخص لإعداده في مهنة معينة. (المادة الخامسة والأربعون),المادة الخامسة والأربعون ,عقد التأهيل والتدريب عقد يلتزم بمقتضاه صاحب العمل بتأهيل أو تدريب شخص لإعداده في مهنة معينة.,0.7894736842105263,0.7894736842105263,1.0,20,16
الخامسة والأربعون,ما هو التزام صاحب العمل في عقد التأهيل والتدريب؟,التزامه هو تأهيل أو تدريب شخص لإعداده في مهنة معينة. (المادة الخامسة والأربعون),المادة الخامسة والأربعون ,عقد التأهيل والتدريب عقد يلتزم بمقتضاه صاحب العمل بتأهيل أو تدريب شخص لإعداده في مهنة معينة.,0.3333333333333333,0.5384615384615384,0.4666666666666667,13,16
الخامسة والأربعون,هل يُعد عقد التأهيل والتدريب عقد عمل منتظم؟,يُعد عقدًا خاصًا يهدف إلى الإعداد في مهنة معينة، وتسري عليه بعض أحكام نظام العمل (كما سيأتي في مادة لاحقة). (المادة الخامسة والأربعون),المادة الخامسة والأربعون ,عقد التأهيل والتدريب عقد يلتزم بمقتضاه صاحب العمل بتأهيل أو تدريب شخص لإعداده في مهنة معينة.,0.12121212121212122,0.18181818181818182,0.26666666666666666,23,16
السادسة والأربعون,ما هي المتطلبات الشكلية التي يجب أن تتوفر في عقد التأهيل أو التدريب؟,يجب أن يكون العقد مكتوباً، وأن يحدد فيه نوع المهنة المتعاقد للتدريب عليها، ومقدار المكافأة التي تعطى للمتدرب في كل مرحلة. (المادة السادسة والأربعون),المادة السادسة والأربعون ,"- صدر المرسوم الملكي رقم (م/44) وتاريخ 1446/2/8هـ، وذلك بالموافقة على تعديلات بعض مواد نظام العمل (ويعمل بها من تاريخ 1446/8/20هـ) وعدلت هذه المادة لتكون بالنص الآتي "" يجب أن يكون عقد التأهيل أو التدريب مكتوباً، وأن يحدد فيه نوع المهنة المتعاقد للتدريب عليها، ومقدار المكافأة التي تعطى للمتدرب في كل مرحلة، على ألا يكون تحديدها على أساس القطعة أو الإنتاج، ويجب أن تُبيَّن في العقد حقوق المتدرب وصاحب العمل وواجباتهما، وما إذا كان التأهيل أو التدريب في منشأة تتبع صاحب العمل أو لدى منشأة أخرى "".",0.2894736842105263,0.9166666666666666,0.2972972972972973,24,89
السادسة والأربعون,هل يجوز تحديد مكافأة المتدرب على أساس القطعة أو الإنتاج؟,لا، يجب أن يحدد مقدار المكافأة على ألا يكون تحديدها على أساس القطعة أو الإنتاج. (المادة السادسة والأربعون),المادة السادسة والأربعون ,"- صدر المرسوم الملكي رقم (م/44) وتاريخ 1446/2/8هـ، وذلك بالموافقة على تعديلات بعض مواد نظام العمل (ويعمل بها من تاريخ 1446/8/20هـ) وعدلت هذه المادة لتكون بالنص الآتي "" يجب أن يكون عقد التأهيل أو التدريب مكتوباً، وأن يحدد فيه نوع المهنة المتعاقد للتدريب عليها، ومقدار المكافأة التي تعطى للمتدرب في كل مرحلة، على ألا يكون تحديدها على أساس القطعة أو الإنتاج، ويجب أن تُبيَّن في العقد حقوق المتدرب وصاحب العمل وواجباتهما، وما إذا كان التأهيل أو التدريب في منشأة تتبع صاحب العمل أو لدى منشأة أخرى "".",0.16666666666666666,0.7647058823529411,0.17567567567567569,18,89
السادسة والأربعون,ما هي الحقوق والواجبات التي يجب بيانها في عقد التأهيل أو التدريب؟,يجب أن تُبيَّن في العقد حقوق المتدرب وصاحب العمل وواجباتهما، وما إذا كان التأهيل أو التدريب في منشأة تتبع صاحب العمل أو لدى منشأة أخرى. (المادة السادسة والأربعون),المادة السادسة والأربعون ,"- صدر المرسوم الملكي رقم (م/44) وتاريخ 1446/2/8هـ، وذلك بالموافقة على تعديلات بعض مواد نظام العمل (ويعمل بها من تاريخ 1446/8/20هـ) وعدلت هذه المادة لتكون بالنص الآتي "" يجب أن يكون عقد التأهيل أو التدريب مكتوباً، وأن يحدد فيه نوع المهنة المتعاقد للتدريب عليها، ومقدار المكافأة التي تعطى للمتدرب في كل مرحلة، على ألا يكون تحديدها على أساس القطعة أو الإنتاج، ويجب أن تُبيَّن في العقد حقوق المتدرب وصاحب العمل وواجباتهما، وما إذا كان التأهيل أو التدريب في منشأة تتبع صاحب العمل أو لدى منشأة أخرى "".",0.2727272727272727,0.875,0.28378378378378377,28,89
السابعة والأربعون,هل يحق للوزير إلزام المنشآت بقبول طلاب الجامعات والخريجين بغرض التدريب؟,نعم، للوزير أن يُلزم المنشآت بقبول عدد أو نسبة محددة من طلاب الجامعات والكليات والمعاهد والمراكز وخريجيها. (المادة السابعة والأربعون),المادة السابعة والأربعون ,"- صدر المرسوم الملكي رقم (م/44) وتاريخ 1446/2/8هـ، وذلك بالموافقة على تعديلات بعض مواد نظام العمل (ويعمل بها من تاريخ 1446/8/20هـ) وعدلت هذه المادة لتكون بالنص الآتي "" للوزير أن يلزم المنشآت بقبول عدد أو تنسبة محددة من طلاب الجامعات والكليات والمعاهد والمراكز وخريجيها؛ بغية التدريب واستكمال الخبرة العملية، وفق الشروط والأوضاع والمدد التي تحددها اللائحة، على أن يُبرم عقد تدريب بين المتدرب وصاحب العمل تطبق في شأنه الأحكام الواردة في هذا الفصل. وللمنشأة أن تقدم مكافأة للمتدرب "".",0.175,0.7,0.1891891891891892,20,81
السابعة والأربعون,ما هي الأهداف من إلزام المنشآت بقبول طلاب وخريجي الجامعات للتدريب؟,الهدف هو التدريب واستكمال الخبرة العملية. (المادة السابعة والأربعون),المادة السابعة والأربعون ,"- صدر المرسوم الملكي رقم (م/44) وتاريخ 1446/2/8هـ، وذلك بالموافقة على تعديلات بعض مواد نظام العمل (ويعمل بها من تاريخ 1446/8/20هـ) وعدلت هذه المادة لتكون بالنص الآتي "" للوزير أن يلزم المنشآت بقبول عدد أو تنسبة محددة من طلاب الجامعات والكليات والمعاهد والمراكز وخريجيها؛ بغية التدريب واستكمال الخبرة العملية، وفق الشروط والأوضاع والمدد التي تحددها اللائحة، على أن يُبرم عقد تدريب بين المتدرب وصاحب العمل تطبق في شأنه الأحكام الواردة في هذا الفصل. وللمنشأة أن تقدم مكافأة للمتدرب "".",0.0641025641025641,0.5555555555555556,0.06756756756756757,9,81
السابعة والأربعون,هل يجوز للمنشأة أن تقدم مكافأة للمتدربين من الطلاب والخريجين؟,نعم، للمنشأة أن تقدم مكافأة للمتدرب. (المادة السابعة والأربعون),المادة السابعة والأربعون ,"- صدر المرسوم الملكي رقم (م/44) وتاريخ 1446/2/8هـ، وذلك بالموافقة على تعديلات بعض مواد نظام العمل (ويعمل بها من تاريخ 1446/8/20هـ) وعدلت هذه المادة لتكون بالنص الآتي "" للوزير أن يلزم المنشآت بقبول عدد أو تنسبة محددة من طلاب الجامعات والكليات والمعاهد والمراكز وخريجيها؛ بغية التدريب واستكمال الخبرة العملية، وفق الشروط والأوضاع والمدد التي تحددها اللائحة، على أن يُبرم عقد تدريب بين المتدرب وصاحب العمل تطبق في شأنه الأحكام الواردة في هذا الفصل. وللمنشأة أن تقدم مكافأة للمتدرب "".",0.0641025641025641,0.5555555555555556,0.06756756756756757,9,81
الثامنة والأربعون,متى يحق لصاحب العمل إنهاء عقد التأهيل أو التدريب؟,يحق له إنهاء العقد إذا ثبت له عدم قابلية أو قدرة المتدرب أو الخاضع للتأهيل على إكمال برامج التدريب أو التأهيل بصورة مفيدة. (المادة الثامنة والأربعون),المادة الثامنة والأربعون ,"تم تعديل هذه المادة بموجب المرسوم الملكي رقم ( م/ 46) وتاريخ 5 / 6 / 1436 هـ ؛ لتكون بالنص الآتي ""1 - لصاحب العمل أن ينهي عقد التأهيل أو التدريب إذا ثبت له عدم قابلية أو قدرة المتدرب أو الخاضع للتأهيل على إكمال برامج التدريب أو التأهيل بصورة مفيدة، وللمتدرب أو الخاضع للتأهيل أو وليه أو وصيه مثل هذا الحق. وعلى الطرف الذي يرغب في إنهاء العقد إبلاغ الطرف الآخر بذلك قبل أسبوع على الأقل من تاريخ التوقف عن التدريب أو التأهيل. 2 - لصاحب العمل - بعد إكمال مدة التدريب أو التأهيل - أن يلزم المتدرب أو الخاضع للتأهيل بأن يعمل لديه مدة مماثلة لمدة التدريب أو التأهيل، فإن رفض أو امتنع المتدرب أو الخاضع للتأهيل عن العمل المدة المماثلة أو بعضها؛ وجب عليه أن يدفع لصاحب العمل تكاليف التدريب أو التأهيل التي تحملها صاحب العمل أو بنسبة المدة الباقية منها"".",0.21505376344086022,0.8695652173913043,0.2222222222222222,26,137
الثامنة والأربعون,ما هو الشرط الواجب على الطرف الذي يرغب في إنهاء عقد التأهيل أو التدريب؟,عليه إبلاغ الطرف الآخر بذلك قبل أسبوع على الأقل من تاريخ التوقف عن التدريب أو التأهيل. (المادة الثامنة والأربعون),المادة الثامنة والأربعون ,"تم تعديل هذه المادة بموجب المرسوم الملكي رقم ( م/ 46) وتاريخ 5 / 6 / 1436 هـ ؛ لتكون بالنص الآتي ""1 - لصاحب العمل أن ينهي عقد التأهيل أو التدريب إذا ثبت له عدم قابلية أو قدرة المتدرب أو الخاضع للتأهيل على إكمال برامج التدريب أو التأهيل بصورة مفيدة، وللمتدرب أو الخاضع للتأهيل أو وليه أو وصيه مثل هذا الحق. وعلى الطرف الذي يرغب في إنهاء العقد إبلاغ الطرف الآخر بذلك قبل أسبوع على الأقل من تاريخ التوقف عن التدريب أو التأهيل. 2 - لصاحب العمل - بعد إكمال مدة التدريب أو التأهيل - أن يلزم المتدرب أو الخاضع للتأهيل بأن يعمل لديه مدة مماثلة لمدة التدريب أو التأهيل، فإن رفض أو امتنع المتدرب أو الخاضع للتأهيل عن العمل المدة المماثلة أو بعضها؛ وجب عليه أن يدفع لصاحب العمل تكاليف التدريب أو التأهيل التي تحملها صاحب العمل أو بنسبة المدة الباقية منها"".",0.18478260869565216,0.8947368421052632,0.18888888888888888,19,137
الثامنة والأربعون,ما هي العقوبة على المتدرب الذي يرفض أو يمتنع عن العمل لدى صاحب العمل بعد إكمال مدة التدريب؟,يجب عليه أن يدفع لصاحب العمل تكاليف التدريب أو التأهيل التي تحملها صاحب العمل أو بنسبة المدة الباقية منها. (المادة الثامنة والأربعون),المادة الثامنة والأربعون ,"تم تعديل هذه المادة بموجب المرسوم الملكي رقم ( م/ 46) وتاريخ 5 / 6 / 1436 هـ ؛ لتكون بالنص الآتي ""1 - لصاحب العمل أن ينهي عقد التأهيل أو التدريب إذا ثبت له عدم قابلية أو قدرة المتدرب أو الخاضع للتأهيل على إكمال برامج التدريب أو التأهيل بصورة مفيدة، وللمتدرب أو الخاضع للتأهيل أو وليه أو وصيه مثل هذا الحق. وعلى الطرف الذي يرغب في إنهاء العقد إبلاغ الطرف الآخر بذلك قبل أسبوع على الأقل من تاريخ التوقف عن التدريب أو التأهيل. 2 - لصاحب العمل - بعد إكمال مدة التدريب أو التأهيل - أن يلزم المتدرب أو الخاضع للتأهيل بأن يعمل لديه مدة مماثلة لمدة التدريب أو التأهيل، فإن رفض أو امتنع المتدرب أو الخاضع للتأهيل عن العمل المدة المماثلة أو بعضها؛ وجب عليه أن يدفع لصاحب العمل تكاليف التدريب أو التأهيل التي تحملها صاحب العمل أو بنسبة المدة الباقية منها"".",0.1827956989247312,0.85,0.18888888888888888,22,137
التاسعة والأربعون,ما هي أحكام نظام العمل التي تسري على عقد التأهيل والتدريب؟,تسري عليه الأحكام الخاصة بالإجازات السنوية والعطلات الرسمية، والحد الأقصى لساعات العمل، وفترات الراحة اليومية والراحة الأسبوعية، وقواعد السلامة والصحة المهنية، وإصابات العمل وشروطها، وما يقرره الوزير. (المادة التاسعة والأربعون),المادة التاسعة والأربعون ,تسري على عقد التأهيل والتدريب الأحكام الواردة في هذا النظام، الخاصة بالإجازات السنوية والعطلات الرسمية، والحد الأقصى لساعات العمل، وفترات الراحة اليومية والراحة الأسبوعية، وقواعد السلامة والصحة المهنية، وإصابات العمل وشروطها، وما يقرره الوزير.,0.6756756756756757,0.8620689655172413,0.7575757575757576,30,34
التاسعة والأربعون,هل يستحق المتدرب إجازات سنوية وعطلات رسمية؟,نعم، تسري على عقد التأهيل والتدريب الأحكام الخاصة بالإجازات السنوية والعطلات الرسمية. (المادة التاسعة والأربعون),المادة التاسعة والأربعون ,تسري على عقد التأهيل والتدريب الأحكام الواردة في هذا النظام، الخاصة بالإجازات السنوية والعطلات الرسمية، والحد الأقصى لساعات العمل، وفترات الراحة اليومية والراحة الأسبوعية، وقواعد السلامة والصحة المهنية، وإصابات العمل وشروطها، وما يقرره الوزير.,0.2972972972972973,0.7333333333333333,0.3333333333333333,15,34
التاسعة والأربعون,ما هي أنواع الحماية التي يتمتع بها المتدرب بموجب هذه المادة؟,يتمتع بالحماية المتعلقة بالحد الأقصى لساعات العمل، وقواعد السلامة والصحة المهنية، وإصابات العمل. (المادة التاسعة والأربعون),المادة التاسعة والأربعون ,تسري على عقد التأهيل والتدريب الأحكام الواردة في هذا النظام، الخاصة بالإجازات السنوية والعطلات الرسمية، والحد الأقصى لساعات العمل، وفترات الراحة اليومية والراحة الأسبوعية، وقواعد السلامة والصحة المهنية، وإصابات العمل وشروطها، وما يقرره الوزير.,0.2,0.5333333333333333,0.24242424242424243,16,34
الخمسون,ما هو تعريف عقد العمل في النظام؟,عقد العمل هو عقد مُبرم بين صاحب عمل وعامل، يتعهد الأخير بموجبه أن يعمل تحت إدارة صاحب عمل أو إشرافه مقابل أجر. (المادة الخمسون),المادة الخمسون ,عقد العمل هو عقد مبرم بين صاحب عمل وعامل، يتعهد الأخير بموجبه أن يعمل تحت إدارة صاحب العمل أو إشرافه مقابل أجر.,0.8181818181818182,0.8571428571428571,0.9473684210526315,24,22
الخمسون,ما هي الأركان الأساسية لعقد العمل؟,الأركان هي وجود صاحب عمل و عامل، وتعهد العامل بالعمل تحت الإدارة أو الإشراف، ووجود أجر مقابل ذلك العمل. (المادة الخمسون),المادة الخمسون ,عقد العمل هو عقد مبرم بين صاحب عمل وعامل، يتعهد الأخير بموجبه أن يعمل تحت إدارة صاحب العمل أو إشرافه مقابل أجر.,0.21212121212121213,0.3333333333333333,0.3684210526315789,21,22
الخمسون,ما هو الشيء الذي يلتزم العامل بتقديمه مقابل الأجر؟,يلتزم العامل بتقديم العمل تحت إدارة صاحب العمل أو إشرافه. (المادة الخمسون),المادة الخمسون ,عقد العمل هو عقد مبرم بين صاحب عمل وعامل، يتعهد الأخير بموجبه أن يعمل تحت إدارة صاحب العمل أو إشرافه مقابل أجر.,0.25,0.5454545454545454,0.3157894736842105,12,22
الحادية والخمسون,ما هو دور الوزارة (وزارة الموارد البشرية والتنمية الاجتماعية) فيما يتعلق بعقد العمل؟,تضع الوزارة نموذجاً موحداً لعقد العمل، ويجب أن يكون عقد العمل وفق هذا النموذج بصورة أساسية. (المادة الحادية والخمسون),المادة الحادية والخمسون ,"- صدر المرسوم الملكي رقم (م/44) وتاريخ 1446/2/8هـ، وذلك بالموافقة على تعديلات بعض مواد نظام العمل (ويعمل بها من تاريخ 1446/8/20هـ) وعدلت هذه المادة لتكون بالنص الآتي "" يجب أن يكتب عقد العمل من نسختين، يحتفظ كل من طرفيه بنسخة منه، ويجب توثيقه وفق الأحكام النظامية ذات الصلة وفي ضوء ما تحدده اللائحة، ويعد العقد قائماً ولو كان غير مكتوب، وفي هذه الحالة يجوز للعامل وحده إثبات العقد وحقوقه التي نشأت عنه بجميع طرق الإثبات، ويكون لكل من الطرفين أن يطلب كتابة العقد في أي وقت. أما عمال الحكومة والمؤسسات العامة فيقوم قرار أو أمر التعيين الصادر من الجهة المختصة مقام العقد"".",0.05714285714285714,0.3333333333333333,0.06451612903225806,19,105
الحادية والخمسون,ما هي البنود الأساسية التي يجب أن يتضمنها النموذج الموحد لعقد العمل؟,يتضمن اسم صاحب العمل ومكانه، واسم العامل وجنسيته، وما يلزم لإثبات شخصيته، وعنوان إقامته، والأجر المتفق عليه بما في ذلك المزايا والبدلات، ونوع العمل ومكانه، وتاريخ الالتحاق به، ومدته إن كان محدد المدة. (المادة الحادية والخمسون),المادة الحادية والخمسون ,"- صدر المرسوم الملكي رقم (م/44) وتاريخ 1446/2/8هـ، وذلك بالموافقة على تعديلات بعض مواد نظام العمل (ويعمل بها من تاريخ 1446/8/20هـ) وعدلت هذه المادة لتكون بالنص الآتي "" يجب أن يكتب عقد العمل من نسختين، يحتفظ كل من طرفيه بنسخة منه، ويجب توثيقه وفق الأحكام النظامية ذات الصلة وفي ضوء ما تحدده اللائحة، ويعد العقد قائماً ولو كان غير مكتوب، وفي هذه الحالة يجوز للعامل وحده إثبات العقد وحقوقه التي نشأت عنه بجميع طرق الإثبات، ويكون لكل من الطرفين أن يطلب كتابة العقد في أي وقت. أما عمال الحكومة والمؤسسات العامة فيقوم قرار أو أمر التعيين الصادر من الجهة المختصة مقام العقد"".",0.040983606557377046,0.14705882352941177,0.053763440860215055,36,105
الحادية والخمسون,هل يجوز لطرفي العقد إضافة بنود أخرى على نموذج عقد العمل الموحد؟,نعم، يجوز لطرفي العقد أن يضيفا إليه بنوداً أخرى، بما لا يتعارض مع أحكام نظام العمل ولائحته والقرارات الصادرة تنفيذاً له. (المادة الحادية والخمسون),المادة الحادية والخمسون ,"- صدر المرسوم الملكي رقم (م/44) وتاريخ 1446/2/8هـ، وذلك بالموافقة على تعديلات بعض مواد نظام العمل (ويعمل بها من تاريخ 1446/8/20هـ) وعدلت هذه المادة لتكون بالنص الآتي "" يجب أن يكتب عقد العمل من نسختين، يحتفظ كل من طرفيه بنسخة منه، ويجب توثيقه وفق الأحكام النظامية ذات الصلة وفي ضوء ما تحدده اللائحة، ويعد العقد قائماً ولو كان غير مكتوب، وفي هذه الحالة يجوز للعامل وحده إثبات العقد وحقوقه التي نشأت عنه بجميع طرق الإثبات، ويكون لكل من الطرفين أن يطلب كتابة العقد في أي وقت. أما عمال الحكومة والمؤسسات العامة فيقوم قرار أو أمر التعيين الصادر من الجهة المختصة مقام العقد"".",0.05405405405405406,0.25,0.06451612903225806,24,105
الثالثة والخمسون,ما هي المدة القصوى لفترة التجربة المنصوص عليها في نظام العمل؟,المدة القصوى لفترة التجربة يجب ألا تزيد على تسعين يوماً. (المادة الثالثة والخمسون),المادة الثالثة والخمسون ,"تم تعديل هذه المادة بموجب المرسوم الملكي رقم ( م/ 46) وتاريخ 5 / 6 / 1436 هـ ؛ لتكون بالنص الآتي ""إذا كان العامل خاضعاً لفترة تجربة، وجب النص على ذلك صراحة في عقد العمل، وتحديدها بوضوح، بحيث لا تزيد على تسعين يوماً. ويجوز باتفاق مكتوب بين العامل وصاحب العمل تمديد فترة التجربة، على ألا تزيد على مائة وثمانين يوماً. ولا تدخل في حساب فترة التجربة إجازة عيدي الفطر والأضحى والإجازة المرضية. ولكل من الطرفين الحق في إنهاء العقد خلال هذه الفترة ما لم يتضمن العقد نصّا يعطي الحق في الإنهاء لأحدهما"".",0.1,0.6153846153846154,0.10666666666666667,13,90
الثالثة والخمسون,ما هي الإجازات التي لا تدخل في حساب فترة التجربة؟,لا تدخل في حساب فترة التجربة إجازة عيدي الفطر والأضحى والإجازة المرضية. (المادة الثالثة والخمسون),المادة الثالثة والخمسون ,"تم تعديل هذه المادة بموجب المرسوم الملكي رقم ( م/ 46) وتاريخ 5 / 6 / 1436 هـ ؛ لتكون بالنص الآتي ""إذا كان العامل خاضعاً لفترة تجربة، وجب النص على ذلك صراحة في عقد العمل، وتحديدها بوضوح، بحيث لا تزيد على تسعين يوماً. ويجوز باتفاق مكتوب بين العامل وصاحب العمل تمديد فترة التجربة، على ألا تزيد على مائة وثمانين يوماً. ولا تدخل في حساب فترة التجربة إجازة عيدي الفطر والأضحى والإجازة المرضية. ولكل من الطرفين الحق في إنهاء العقد خلال هذه الفترة ما لم يتضمن العقد نصّا يعطي الحق في الإنهاء لأحدهما"".",0.16883116883116883,0.8666666666666667,0.17333333333333334,15,90
الثالثة والخمسون,ما هو الحق الممنوح لكل من العامل وصاحب العمل خلال فترة التجربة؟,لكل من الطرفين الحق في إنهاء العقد خلال هذه الفترة ما لم يتضمن العقد نصّاً يعطي الحق في الإنهاء لأحدهما. (المادة الثالثة والخمسون),المادة الثالثة والخمسون ,"تم تعديل هذه المادة بموجب المرسوم الملكي رقم ( م/ 46) وتاريخ 5 / 6 / 1436 هـ ؛ لتكون بالنص الآتي ""إذا كان العامل خاضعاً لفترة تجربة، وجب النص على ذلك صراحة في عقد العمل، وتحديدها بوضوح، بحيث لا تزيد على تسعين يوماً. ويجوز باتفاق مكتوب بين العامل وصاحب العمل تمديد فترة التجربة، على ألا تزيد على مائة وثمانين يوماً. ولا تدخل في حساب فترة التجربة إجازة عيدي الفطر والأضحى والإجازة المرضية. ولكل من الطرفين الحق في إنهاء العقد خلال هذه الفترة ما لم يتضمن العقد نصّا يعطي الحق في الإنهاء لأحدهما"".",0.20253164556962025,0.8,0.21333333333333335,23,90
الرابعة والخمسون,هل يجوز وضع العامل تحت التجربة أكثر من مرة واحدة لدى صاحب عمل واحد؟,لا يجوز وضع العامل تحت التجربة أكثر من مرة واحدة لدى صاحب عمل واحد. (المادة الرابعة والخمسون),المادة الرابعة والخمسون ,"تم تعديل هذه المادة بموجب المرسوم الملكي رقم ( م/ 46) وتاريخ 5 / 6 / 1436 هـ ؛ لتكون بالنص الآتي ""لا يجوز وضع العامل تحت التجربة أكثر من مرة واحدة لدى صاحب عمل واحد. واستثناء من ذلك يجوز باتفاق طرفي العقد - كتابة - إخضاع العامل لفترة تجربة أخرى بشرط أن تكون في مهنة أخرى أو عمل آخر، أو أن يكون قد مضى على انتهاء علاقة العامل بصاحب العمل مدة لا تقل عن ستة أشهر. وإذا أنهي العقد خلال فترة التجربة فإن أيًّا من الطرفين لا يستحق تعويضاً، كما لا يستحق العامل مكافأة نهاية الخدمة عن ذلك"".",0.19230769230769232,0.8823529411764706,0.19736842105263158,17,94
الرابعة والخمسون,ما هي الاستثناءات التي تجيز إخضاع العامل لفترة تجربة أخرى لدى نفس صاحب العمل؟,يجوز إخضاعه لفترة تجربة أخرى باتفاق مكتوب، بشرط أن تكون في مهنة أخرى أو عمل آخر، أو أن يكون قد مضى على انتهاء علاقة العامل بصاحب العمل مدة لا تقل عن ستة أشهر. (المادة الرابعة والخمسون),المادة الرابعة والخمسون ,"تم تعديل هذه المادة بموجب المرسوم الملكي رقم ( م/ 46) وتاريخ 5 / 6 / 1436 هـ ؛ لتكون بالنص الآتي ""لا يجوز وضع العامل تحت التجربة أكثر من مرة واحدة لدى صاحب عمل واحد. واستثناء من ذلك يجوز باتفاق طرفي العقد - كتابة - إخضاع العامل لفترة تجربة أخرى بشرط أن تكون في مهنة أخرى أو عمل آخر، أو أن يكون قد مضى على انتهاء علاقة العامل بصاحب العمل مدة لا تقل عن ستة أشهر. وإذا أنهي العقد خلال فترة التجربة فإن أيًّا من الطرفين لا يستحق تعويضاً، كما لا يستحق العامل مكافأة نهاية الخدمة عن ذلك"".",0.3625,0.8787878787878788,0.3815789473684211,36,94
الرابعة والخمسون,هل يستحق العامل تعويضاً أو مكافأة نهاية خدمة إذا أنهي العقد خلال فترة التجربة؟,إذا أنهي العقد خلال فترة التجربة، فإن أياً من الطرفين لا يستحق تعويضاً، كما لا يستحق العامل مكافأة نهاية الخدمة عن ذلك. (المادة الرابعة والخمسون),المادة الرابعة والخمسون ,"تم تعديل هذه المادة بموجب المرسوم الملكي رقم ( م/ 46) وتاريخ 5 / 6 / 1436 هـ ؛ لتكون بالنص الآتي ""لا يجوز وضع العامل تحت التجربة أكثر من مرة واحدة لدى صاحب عمل واحد. واستثناء من ذلك يجوز باتفاق طرفي العقد - كتابة - إخضاع العامل لفترة تجربة أخرى بشرط أن تكون في مهنة أخرى أو عمل آخر، أو أن يكون قد مضى على انتهاء علاقة العامل بصاحب العمل مدة لا تقل عن ستة أشهر. وإذا أنهي العقد خلال فترة التجربة فإن أيًّا من الطرفين لا يستحق تعويضاً، كما لا يستحق العامل مكافأة نهاية الخدمة عن ذلك"".",0.2375,0.8260869565217391,0.25,25,94
الخامسة والخمسون,متى يُعد العقد المحدد المدة مجدداً لمدة غير محددة؟,يُعد العقد مجدداً لمدة غير محددة إذا انتهت مدته واستمر طرفاه في تنفيذه، مع مراعاة أحكام غير السعوديين. (المادة الخامسة والخمسون),المادة الخامسة والخمسون ,"تم تعديل هذه المادة بموجب المرسوم الملكي رقم ( م/ 46) وتاريخ 5 / 6 / 1436 هـ ؛ لتكون بالنص الآتي ""1 - ينتهي عقد العمل المحدد المدة بانقضاء مدته، فإذا استمر طرفاه في تنفيذ عُدَّ العقدُ مجدداً لمدة غير محددة. مع مراعاة ما نصت عليه المادة (السابعة والثلاثون) من هذا النظام بالنسبة إلى غير السعوديين. 2 - إذا تضمن العقد المحدد المدة شرطاً يقضي بتجديده لمدة مماثلة أو لمدة محددة، فإنه يتجدد للمدة المتفق عليها. فإن تعدد التجديد ثلاث مرات متتالية، أو بلغت مدة العقد الأصلي مع مدة التجديد أربع سنوات أيهما أقل واستمر الطرفان في تنفيذه؛ تحوّل العقد إلى عقد غير محدد المدة"".",0.15730337078651685,0.7,0.1686746987951807,21,101
الخامسة والخمسون,ما هي الحالات التي يتحول فيها العقد المحدد المدة إلى عقد غير محدد المدة؟,يتحول العقد إلى غير محدد المدة إذا تعدد التجديد ثلاث مرات متتالية، أو بلغت مدة العقد الأصلي مع مدة التجديد أربع سنوات أيهما أقل واستمر الطرفان في تنفيذه. (المادة الخامسة والخمسون),المادة الخامسة والخمسون ,"تم تعديل هذه المادة بموجب المرسوم الملكي رقم ( م/ 46) وتاريخ 5 / 6 / 1436 هـ ؛ لتكون بالنص الآتي ""1 - ينتهي عقد العمل المحدد المدة بانقضاء مدته، فإذا استمر طرفاه في تنفيذ عُدَّ العقدُ مجدداً لمدة غير محددة. مع مراعاة ما نصت عليه المادة (السابعة والثلاثون) من هذا النظام بالنسبة إلى غير السعوديين. 2 - إذا تضمن العقد المحدد المدة شرطاً يقضي بتجديده لمدة مماثلة أو لمدة محددة، فإنه يتجدد للمدة المتفق عليها. فإن تعدد التجديد ثلاث مرات متتالية، أو بلغت مدة العقد الأصلي مع مدة التجديد أربع سنوات أيهما أقل واستمر الطرفان في تنفيذه؛ تحوّل العقد إلى عقد غير محدد المدة"".",0.27586206896551724,0.8571428571428571,0.2891566265060241,31,101
الخامسة والخمسون,إذا تضمن العقد المحدد المدة شرطاً بالتجديد، فكم تكون مدة تجديده؟,يتجدد للمدة المتفق عليها في العقد. (المادة الخامسة والخمسون),المادة الخامسة والخمسون ,"تم تعديل هذه المادة بموجب المرسوم الملكي رقم ( م/ 46) وتاريخ 5 / 6 / 1436 هـ ؛ لتكون بالنص الآتي ""1 - ينتهي عقد العمل المحدد المدة بانقضاء مدته، فإذا استمر طرفاه في تنفيذ عُدَّ العقدُ مجدداً لمدة غير محددة. مع مراعاة ما نصت عليه المادة (السابعة والثلاثون) من هذا النظام بالنسبة إلى غير السعوديين. 2 - إذا تضمن العقد المحدد المدة شرطاً يقضي بتجديده لمدة مماثلة أو لمدة محددة، فإنه يتجدد للمدة المتفق عليها. فإن تعدد التجديد ثلاث مرات متتالية، أو بلغت مدة العقد الأصلي مع مدة التجديد أربع سنوات أيهما أقل واستمر الطرفان في تنفيذه؛ تحوّل العقد إلى عقد غير محدد المدة"".",0.08235294117647059,0.7777777777777778,0.08433734939759036,9,101
السادسة والخمسون,كيف تُحسب المدة التي تجدد إليها العقد المحدد المدة بالنسبة لحقوق العامل؟,تُعد المدة التي تجدد إليها العقد امتدادًا للمدة الأصلية في تحديد حقوق العامل التي تدخل مدة الخدمة في حسابها. (المادة السادسة والخمسون),المادة السادسة والخمسون ,في جميع الحالات التي يتجدد فيها العقد لمدة محددة، تعد المدة التي تجدد إليها العقد امتدادًا للمدة الأصلية في تحديد حقوق العامل التي تدخل مدة الخدمة في حسابها.,0.5925925925925926,0.8,0.6956521739130435,22,28
السادسة والخمسون,ما هو الغرض من اعتبار مدة التجديد امتداداً للمدة الأصلية؟,الغرض هو ضمان احتساب دقيق وكامل لحقوق العامل التي تعتمد على مدة خدمته (مثل مكافأة نهاية الخدمة). (المادة السادسة والخمسون),المادة السادسة والخمسون ,في جميع الحالات التي يتجدد فيها العقد لمدة محددة، تعد المدة التي تجدد إليها العقد امتدادًا للمدة الأصلية في تحديد حقوق العامل التي تدخل مدة الخدمة في حسابها.,0.10256410256410256,0.2,0.17391304347826086,20,28
السادسة والخمسون,هل تنطبق هذه القاعدة على جميع حالات تجديد العقد لمدة محددة؟,نعم، تنطبق هذه القاعدة في جميع الحالات التي يتجدد فيها العقد لمدة محددة. (المادة السادسة والخمسون),المادة السادسة والخمسون ,في جميع الحالات التي يتجدد فيها العقد لمدة محددة، تعد المدة التي تجدد إليها العقد امتدادًا للمدة الأصلية في تحديد حقوق العامل التي تدخل مدة الخدمة في حسابها.,0.3,0.5625,0.391304347826087,16,28
السابعة والخمسون,متى ينتهي عقد العمل الذي أُبرم من أجل القيام بعمل معين؟,ينتهي بإنجاز العمل المتفق عليه. (المادة السابعة والخمسون),المادة السابعة والخمسون ,إذا كان العقد من أجل القيام بعمل معين فإنه ينتهي بإنجاز العمل المتفق عليه.,0.29411764705882354,0.625,0.35714285714285715,8,14
السابعة والخمسون,ما هو المعيار المحدد لإنهاء العقد المبرم لعمل معين؟,المعيار هو إتمام وإنجاز العمل المحدد والمنصوص عليه في العقد. (المادة السابعة والخمسون),المادة السابعة والخمسون ,إذا كان العقد من أجل القيام بعمل معين فإنه ينتهي بإنجاز العمل المتفق عليه.,0.125,0.23076923076923078,0.21428571428571427,13,14
السابعة والخمسون,هل يتحول هذا العقد إلى غير محدد المدة إذا استمر الطرفان في التنفيذ بعد إنجاز العمل؟,لا، حكم هذه المادة واضح بأن العقد ينتهي بإنجاز العمل المتفق عليه. (المادة السابعة والخمسون),المادة السابعة والخمسون ,إذا كان العقد من أجل القيام بعمل معين فإنه ينتهي بإنجاز العمل المتفق عليه.,0.2727272727272727,0.42857142857142855,0.42857142857142855,15,14
الثامنة والخمسون,متى يُحظر على صاحب العمل نقل العامل من مكان عمله الأصلي؟,لا يجوز لصاحب العمل أن ينقل العامل بغير موافقته الكتابية إلى مكان آخر يقتضي تغيير محل إقامته. (المادة الثامنة والخمسون),المادة الثامنة والخمسون ,"تم تعديل هذه المادة بموجب المرسوم الملكي رقم ( م/ 46) وتاريخ 5 / 6 / 1436 هـ ؛ لتكون بالنص الآتي ""1 - لا يجوز لصاحب العمل أن ينقل العامل بغير موافقته – كتابةً – من مكان عمله الأصلي إلى مكان آخر يقتضي تغيير محل إقامته. 2 - لصاحب العمل - في حالات الضرورة التي قد تقتضيها ظروف عارضة ولمدة لا تتجاوز ثلاثين يوماً في السنة – تكليف العامل بعمل في مكان يختلف عن المكان المتفق عليه دون اشتراط موافقته، على أن يتحمل صاحب العمل تكاليف انتقال العامل وإقامته خلال تلك المدة"".",0.22666666666666666,0.85,0.2361111111111111,20,84
الثامنة والخمسون,ما هي المدة المسموح بها لتكليف العامل بعمل في مكان آخر دون موافقته؟,يجوز ذلك في حالات الضرورة لظروف عارضة، ولمدة لا تتجاوز ثلاثين يوماً في السنة. (المادة الثامنة والخمسون),المادة الثامنة والخمسون ,"تم تعديل هذه المادة بموجب المرسوم الملكي رقم ( م/ 46) وتاريخ 5 / 6 / 1436 هـ ؛ لتكون بالنص الآتي ""1 - لا يجوز لصاحب العمل أن ينقل العامل بغير موافقته – كتابةً – من مكان عمله الأصلي إلى مكان آخر يقتضي تغيير محل إقامته. 2 - لصاحب العمل - في حالات الضرورة التي قد تقتضيها ظروف عارضة ولمدة لا تتجاوز ثلاثين يوماً في السنة – تكليف العامل بعمل في مكان يختلف عن المكان المتفق عليه دون اشتراط موافقته، على أن يتحمل صاحب العمل تكاليف انتقال العامل وإقامته خلال تلك المدة"".",0.15789473684210525,0.75,0.16666666666666666,17,84
الثامنة والخمسون,ما هي التكاليف التي يجب على صاحب العمل تحملها في حال نقل العامل مؤقتاً لحالات الضرورة؟,يجب على صاحب العمل أن يتحمل تكاليف انتقال العامل وإقامته خلال تلك المدة. (المادة الثامنة والخمسون),المادة الثامنة والخمسون ,"تم تعديل هذه المادة بموجب المرسوم الملكي رقم ( م/ 46) وتاريخ 5 / 6 / 1436 هـ ؛ لتكون بالنص الآتي ""1 - لا يجوز لصاحب العمل أن ينقل العامل بغير موافقته – كتابةً – من مكان عمله الأصلي إلى مكان آخر يقتضي تغيير محل إقامته. 2 - لصاحب العمل - في حالات الضرورة التي قد تقتضيها ظروف عارضة ولمدة لا تتجاوز ثلاثين يوماً في السنة – تكليف العامل بعمل في مكان يختلف عن المكان المتفق عليه دون اشتراط موافقته، على أن يتحمل صاحب العمل تكاليف انتقال العامل وإقامته خلال تلك المدة"".",0.17333333333333334,0.8125,0.18055555555555555,16,84
التاسعة والخمسون,هل يجوز نقل العامل ذي الأجر الشهري إلى فئة عمال اليومية أو القطعة؟,لا يجوز ذلك إلا إذا وافق العامل على ذلك كتابة. (المادة التاسعة والخمسون),المادة التاسعة والخمسون ,لا يجوز نقل العامل ذي الأجر الشهري إلى فئة عمال اليومية أو العمال المعينين بالأجر الأسبوعي أو بالقطعة أو بالساعة، إلا إذا وافق العامل على ذلك كتابة، ومع عدم الإخلال بالحقوق التي اكتسبها العامل في المدة التي قضاها بالأجر الشهري.,0.25,0.75,0.2727272727272727,13,40
التاسعة والخمسون,ما هي الحقوق التي يجب عدم الإخلال بها عند تغيير فئة أجر العامل؟,يجب عدم الإخلال بالحقوق التي اكتسبها العامل في المدة التي قضاها بالأجر الشهري. (المادة التاسعة والخمسون),المادة التاسعة والخمسون ,لا يجوز نقل العامل ذي الأجر الشهري إلى فئة عمال اليومية أو العمال المعينين بالأجر الأسبوعي أو بالقطعة أو بالساعة، إلا إذا وافق العامل على ذلك كتابة، ومع عدم الإخلال بالحقوق التي اكتسبها العامل في المدة التي قضاها بالأجر الشهري.,0.2972972972972973,0.7333333333333333,0.3333333333333333,16,40
التاسعة والخمسون,ما هي أنواع الأجور التي يُمنع نقل العامل الشهري إليها دون موافقته؟,يُمنع نقله إلى فئة عمال اليومية أو العمال المعينين بالأجر الأسبوعي أو بالقطعة أو بالساعة. (المادة التاسعة والخمسون),المادة التاسعة والخمسون ,لا يجوز نقل العامل ذي الأجر الشهري إلى فئة عمال اليومية أو العمال المعينين بالأجر الأسبوعي أو بالقطعة أو بالساعة، إلا إذا وافق العامل على ذلك كتابة، ومع عدم الإخلال بالحقوق التي اكتسبها العامل في المدة التي قضاها بالأجر الشهري.,0.2894736842105263,0.6875,0.3333333333333333,18,40
الستون,هل يجوز تكليف العامل بعمل يختلف اختلافاً جوهرياً عن عمله المتفق عليه؟,لا يجوز ذلك بغير موافقته الكتابية. (المادة الستون),المادة الستون ,مع عدم الإخلال بما تضمنته المادة (الثامنة والثلاثون) من هذا النظام، لا يجوز تكليف العامل بعمل يختلف اختلافًا جوهريًّا عن العمل المتفق عليه بغير موافقته الكتابية، إلا في حالات الضرورة التي قد تقتضيها ظروف عارضة، ولمدة لا تتجاوز ثلاثين يومًا في السنة.,0.14285714285714285,0.75,0.15,8,42
الستون,ما هي الاستثناءات التي تسمح بتكليف العامل بعمل مختلف جوهرياً دون موافقته الكتابية؟,يُسمح بذلك في حالات الضرورة التي قد تقتضيها ظروف عارضة، ولمدة لا تتجاوز ثلاثين يومًا في السنة. (المادة الستون),المادة الستون ,مع عدم الإخلال بما تضمنته المادة (الثامنة والثلاثون) من هذا النظام، لا يجوز تكليف العامل بعمل يختلف اختلافًا جوهريًّا عن العمل المتفق عليه بغير موافقته الكتابية، إلا في حالات الضرورة التي قد تقتضيها ظروف عارضة، ولمدة لا تتجاوز ثلاثين يومًا في السنة.,0.3488372093023256,0.8333333333333334,0.375,19,42
الستون,ما هو نوع الاختلاف في العمل الذي يتطلب موافقة كتابية؟,يتطلب موافقة كتابية إذا كان العمل يختلف اختلافًا جوهريًّا عن العمل المتفق عليه. (المادة الستون),المادة الستون ,مع عدم الإخلال بما تضمنته المادة (الثامنة والثلاثون) من هذا النظام، لا يجوز تكليف العامل بعمل يختلف اختلافًا جوهريًّا عن العمل المتفق عليه بغير موافقته الكتابية، إلا في حالات الضرورة التي قد تقتضيها ظروف عارضة، ولمدة لا تتجاوز ثلاثين يومًا في السنة.,0.14893617021276595,0.5,0.175,15,42
الحادية والستون,ما هي الالتزامات الجديدة على صاحب العمل التي تتعلق بمكافحة التمييز؟,أن يمتنع عن القيام بكل ما من شأنه إبطال أو إضعاف تطبيق تكافؤ الفرص أو المعاملة في الاستخدام والمهنة، سواء من خلال الاستبعاد أو التفريق أو التفضيل على أساس العرق أو اللون أو الجنس أو السن أو الإعاقة أو الحالة الاجتماعية أو أي شكل من أشكال التمييز الأخرى. (المادة الحادية والستون),المادة الحادية والستون ,"- صدر المرسوم الملكي رقم (م/44) وتاريخ 1446/2/8هـ، وذلك بالموافقة على تعديلات بعض مواد نظام العمل (ويعمل بها من تاريخ 1446/8/20هـ) وعدلت هذه المادة وذلك بإضافة الفقرات الآتية ""4- أن يمتنع عن القيام بكل ما من شأنه إبطال أو إضعاف تطبيق تكافؤ الفرص أو المعاملة في الاستخدام والمهنة، سواء من خلال الاستبعاد أو التفريق أو التفضيل بين المتقدمين للعمل أو العاملين لديه على أساس العرق أو اللون أو الجنس أو السن أو الإعاقة أو الحالة الاجتماعية أو أي شكل من أشكال التمييز الأخرى. 5- أن يوفر السكن اللائق لعماله. وله أن يستعيض عن ذلك ببدل نقدي مناسب يدفعه لهم مع الأجر. 6- أن يوفر وسيلة مواصلات مناسبة لعماله من مقر سكنهم إلى مقر العمل. وله أن يستعيض عن ذلك ببدل نقدي مناسب يدفعه لهم مع الأجر "".",0.4,0.95,0.40860215053763443,51,130
الحادية والستون,ما هو التزام صاحب العمل فيما يخص سكن ومواصلات عماله؟,يجب عليه أن يوفر السكن اللائق لعماله و وسيلة مواصلات مناسبة لعماله من مقر سكنهم إلى مقر العمل، وله أن يستعيض عن ذلك ببدل نقدي مناسب يدفعه لهم مع الأجر. (المادة الحادية والستون),المادة الحادية والستون ,"- صدر المرسوم الملكي رقم (م/44) وتاريخ 1446/2/8هـ، وذلك بالموافقة على تعديلات بعض مواد نظام العمل (ويعمل بها من تاريخ 1446/8/20هـ) وعدلت هذه المادة وذلك بإضافة الفقرات الآتية ""4- أن يمتنع عن القيام بكل ما من شأنه إبطال أو إضعاف تطبيق تكافؤ الفرص أو المعاملة في الاستخدام والمهنة، سواء من خلال الاستبعاد أو التفريق أو التفضيل بين المتقدمين للعمل أو العاملين لديه على أساس العرق أو اللون أو الجنس أو السن أو الإعاقة أو الحالة الاجتماعية أو أي شكل من أشكال التمييز الأخرى. 5- أن يوفر السكن اللائق لعماله. وله أن يستعيض عن ذلك ببدل نقدي مناسب يدفعه لهم مع الأجر. 6- أن يوفر وسيلة مواصلات مناسبة لعماله من مقر سكنهم إلى مقر العمل. وله أن يستعيض عن ذلك ببدل نقدي مناسب يدفعه لهم مع الأجر "".",0.25510204081632654,0.8333333333333334,0.26881720430107525,33,130
الحادية والستون,هل يجوز لصاحب العمل أن يدفع بدلاً نقدياً بدلاً من توفير السكن أو المواصلات؟,نعم، يجوز له أن يستعيض عن توفير السكن أو المواصلات ببدل نقدي مناسب يدفعه لهم مع الأجر. (المادة الحادية والستون),المادة الحادية والستون ,"- صدر المرسوم الملكي رقم (م/44) وتاريخ 1446/2/8هـ، وذلك بالموافقة على تعديلات بعض مواد نظام العمل (ويعمل بها من تاريخ 1446/8/20هـ) وعدلت هذه المادة وذلك بإضافة الفقرات الآتية ""4- أن يمتنع عن القيام بكل ما من شأنه إبطال أو إضعاف تطبيق تكافؤ الفرص أو المعاملة في الاستخدام والمهنة، سواء من خلال الاستبعاد أو التفريق أو التفضيل بين المتقدمين للعمل أو العاملين لديه على أساس العرق أو اللون أو الجنس أو السن أو الإعاقة أو الحالة الاجتماعية أو أي شكل من أشكال التمييز الأخرى. 5- أن يوفر السكن اللائق لعماله. وله أن يستعيض عن ذلك ببدل نقدي مناسب يدفعه لهم مع الأجر. 6- أن يوفر وسيلة مواصلات مناسبة لعماله من مقر سكنهم إلى مقر العمل. وله أن يستعيض عن ذلك ببدل نقدي مناسب يدفعه لهم مع الأجر "".",0.13,0.65,0.13978494623655913,20,130
الثانية والستون,متى يحق للعامل الحصول على أجر المدة التي لم يؤدِّ فيها العمل؟,يحق له ذلك إذا حضر لأداء عمله أو بين أنه مستعد لذلك، ولم يمنعه عن العمل إلا سبب راجع إلى صاحب العمل. (المادة الثانية والستون),المادة الثانية والستون,إذا حضر العامل لأداء عمله في الوقت المحدد لذلك، أو بين أنه مستعد لأداء عمله في هذا الوقت، ولم يمنعه عن العمل إلا سبب راجع إلى صاحب العمل؛ كان له الحق في أجر المدة التي لا يؤدي فيها العمل.,0.5,0.7916666666666666,0.5757575757575758,25,39
الثانية والستون,ما هو الشرط اللازم توافره ليحصل العامل على أجره كاملاً في حال تعذر العمل؟,الشرط هو أن يكون المانع عن العمل سبباً يرجع إلى صاحب العمل. (المادة الثانية والستون),المادة الثانية والستون,إذا حضر العامل لأداء عمله في الوقت المحدد لذلك، أو بين أنه مستعد لأداء عمله في هذا الوقت، ولم يمنعه عن العمل إلا سبب راجع إلى صاحب العمل؛ كان له الحق في أجر المدة التي لا يؤدي فيها العمل.,0.09302325581395349,0.2857142857142857,0.12121212121212122,15,39
الثانية والستون,هل يحق للعامل المطالبة بأجر إضافي في هذه الحالة؟,لا، يحق له فقط أجر المدة التي لا يؤدي فيها العمل. (المادة الثانية والستون),المادة الثانية والستون,إذا حضر العامل لأداء عمله في الوقت المحدد لذلك، أو بين أنه مستعد لأداء عمله في هذا الوقت، ولم يمنعه عن العمل إلا سبب راجع إلى صاحب العمل؛ كان له الحق في أجر المدة التي لا يؤدي فيها العمل.,0.21052631578947367,0.6153846153846154,0.24242424242424243,14,39
الثالثة والستون,ما هو واجب صاحب العمل أو وكيله أو أي شخص له سلطة على العمال بخصوص المواد المحرمة شرعاً في أماكن العمل؟,عليه منع دخول أي مادة محرمة شرعًا إلى أماكن العمل. (المادة الثالثة والستون),المادة الثالثة والستون ,على صاحب العمل أو وكيله أو أي شخص له سلطة على العمال، منع دخول أي مادة محرمة شرعًا إلى أماكن العمل، ويطبق بحق من وجدت لديه أو من تعاطاها العقوبات المقررة في هذا النظام، مع عدم الإخلال بالعقوبات الشرعية.,0.24324324324324326,0.6923076923076923,0.2727272727272727,13,39
الثالثة والستون,ما هي العقوبات المطبقة بحق من تُوجد لديه مواد محرمة شرعاً أو يتعاطاها في مكان العمل؟,تُطبق بحقه العقوبات المقررة في هذا النظام، مع عدم الإخلال بالعقوبات الشرعية. (المادة الثالثة والستون),المادة الثالثة والستون ,على صاحب العمل أو وكيله أو أي شخص له سلطة على العمال، منع دخول أي مادة محرمة شرعًا إلى أماكن العمل، ويطبق بحق من وجدت لديه أو من تعاطاها العقوبات المقررة في هذا النظام، مع عدم الإخلال بالعقوبات الشرعية.,0.2631578947368421,0.6666666666666666,0.30303030303030304,15,39
الثالثة والستون,هل يُسمح لوكيل صاحب العمل بالتغاضي عن دخول المواد المحرمة؟,لا، على صاحب العمل أو وكيله أو أي شخص له سلطة على العمال منع ذلك. (المادة الثالثة والستون),المادة الثالثة والستون ,على صاحب العمل أو وكيله أو أي شخص له سلطة على العمال، منع دخول أي مادة محرمة شرعًا إلى أماكن العمل، ويطبق بحق من وجدت لديه أو من تعاطاها العقوبات المقررة في هذا النظام، مع عدم الإخلال بالعقوبات الشرعية.,0.2894736842105263,0.6875,0.3333333333333333,18,39
الرابعة والستون,ما هي الالتزامات التي تقع على صاحب العمل عند انتهاء عقد العمل؟,يلتزم بأن يعطي العامل - بناءً على طلبه - شهادة خدمة دون مقابل، وأن يعيد إلى العامل جميع ما أودعه لديه من شهادات أو وثائق. (المادة الرابعة والستون),المادة الرابعة والستون ,"تم تعديل هذه المادة بموجب المرسوم الملكي رقم ( م/ 46) وتاريخ 5 / 6 / 1436 هـ ؛ لتكون بالنص الآتي "" يلتزم صاحب العمل عند انتهاء عقد العمل بما يأتي 1 - أن يعطي العامل – بناءً على طلبه – شهادة خدمة دون مقابل، يوضح فيها تاريخ التحاقه بالعمل، وتاريخ انتهاء علاقته به، ومهنته، ومقدار أجره الأخير. ولا يجوز لصاحب العمل تضمين الشهادة ما قد يسيء إلى سمعة العامل أو يقلل من فرص العمل أمامه. 2 - أن يعيد إلى العامل جميع ما أودعه لديه من شهادات أو وثائق"".",0.28,0.84,0.29577464788732394,26,83
الرابعة والستون,ما هي البيانات التي يجب أن تتضمنها شهادة الخدمة؟,يوضح فيها تاريخ التحاقه بالعمل، وتاريخ انتهاء علاقته به، ومهنته، ومقدار أجره الأخير. (المادة الرابعة والستون),المادة الرابعة والستون ,"تم تعديل هذه المادة بموجب المرسوم الملكي رقم ( م/ 46) وتاريخ 5 / 6 / 1436 هـ ؛ لتكون بالنص الآتي "" يلتزم صاحب العمل عند انتهاء عقد العمل بما يأتي 1 - أن يعطي العامل – بناءً على طلبه – شهادة خدمة دون مقابل، يوضح فيها تاريخ التحاقه بالعمل، وتاريخ انتهاء علاقته به، ومهنته، ومقدار أجره الأخير. ولا يجوز لصاحب العمل تضمين الشهادة ما قد يسيء إلى سمعة العامل أو يقلل من فرص العمل أمامه. 2 - أن يعيد إلى العامل جميع ما أودعه لديه من شهادات أو وثائق"".",0.1917808219178082,0.875,0.19718309859154928,16,83
الرابعة والستون,ما هو المحتوى الذي يُحظر على صاحب العمل تضمينه في شهادة الخدمة؟,لا يجوز لصاحب العمل تضمين الشهادة ما قد يسيء إلى سمعة العامل أو يقلل من فرص العمل أمامه. (المادة الرابعة والستون),المادة الرابعة والستون ,"تم تعديل هذه المادة بموجب المرسوم الملكي رقم ( م/ 46) وتاريخ 5 / 6 / 1436 هـ ؛ لتكون بالنص الآتي "" يلتزم صاحب العمل عند انتهاء عقد العمل بما يأتي 1 - أن يعطي العامل – بناءً على طلبه – شهادة خدمة دون مقابل، يوضح فيها تاريخ التحاقه بالعمل، وتاريخ انتهاء علاقته به، ومهنته، ومقدار أجره الأخير. ولا يجوز لصاحب العمل تضمين الشهادة ما قد يسيء إلى سمعة العامل أو يقلل من فرص العمل أمامه. 2 - أن يعيد إلى العامل جميع ما أودعه لديه من شهادات أو وثائق"".",0.22972972972972974,0.85,0.23943661971830985,21,83
الخامسة والستون,ما هي أهم الالتزامات المهنية على العامل فيما يتعلق بأداء عمله؟,أن ينجز العمل وفقًا لأصول المهنة ووفق تعليمات صاحب العمل، شريطة ألا تخالف التعليمات العقد أو النظام أو الآداب العامة، وألا تعرض للخطر. (المادة الخامسة والستون),المادة الخامسة والستون ,بالإضافة إلى الواجبات المنصوص عليها في هذا النظام واللوائح والقرارات الصادرة تطبيقًا له، يجب على العامل 1 - أن ينجز العمل وفقًا لأصول المهنة ووفق تعليمات صاحب العمل، إذا لم يكن في هذه التعليمات ما يخالف العقد أو النظام أو الآداب العامة، ولم يكن في تنفيذها ما يعرض للخطر. 2 - أن يعتني عناية كافية بالآلات والأدوات والمهمات والخامات المملوكة لصاحب العمل الموضوعة تحت تصرفه، أو التي تكون في عهدته، وأن يعيد إلى صاحب العمل المواد غير المستهلكة. 3 - أن يلتزم حسن السلوك والأخلاق أثناء العمل. 4 - أن يقدم كل عون ومساعدة دون أن يشترط لذلك أجرًا إضافيًّا في حالات الكوارث والأخطار التي تهدد سلامة مكان العمل أو الأشخاص العاملين فيه. 5 - أن يخضع- وفقًا لطلب صاحب العمل- للفحوص الطبية التي يرغب في إجرائها عليه قبل الالتحاق بالعمل أو أثناءه، للتحقق من خلوه من الأمراض المهنية أو السارية. 6 - أن يحفظ الأسرار الفنية والتجارية والصناعية للمواد التي ينتجها، أو التي أسهم في إنتاجها بصورة مباشرة أو غير مباشرة، وجميع الأسرار المهنية المتعلقة بالعمل أو المنشأة التي من شأن إفشائها الإضرار بمصلحة صاحب العمل.,0.12121212121212122,0.6666666666666666,0.12903225806451613,26,171
الخامسة والستون,ما هو واجب العامل تجاه الآلات والأسرار الفنية والتجارية؟,يجب عليه أن يعتني عناية كافية بالآلات والأدوات والمهمات، وأن يحفظ الأسرار الفنية والتجارية والصناعية المتعلقة بالعمل أو المنشأة. (المادة الخامسة والستون),المادة الخامسة والستون ,بالإضافة إلى الواجبات المنصوص عليها في هذا النظام واللوائح والقرارات الصادرة تطبيقًا له، يجب على العامل 1 - أن ينجز العمل وفقًا لأصول المهنة ووفق تعليمات صاحب العمل، إذا لم يكن في هذه التعليمات ما يخالف العقد أو النظام أو الآداب العامة، ولم يكن في تنفيذها ما يعرض للخطر. 2 - أن يعتني عناية كافية بالآلات والأدوات والمهمات والخامات المملوكة لصاحب العمل الموضوعة تحت تصرفه، أو التي تكون في عهدته، وأن يعيد إلى صاحب العمل المواد غير المستهلكة. 3 - أن يلتزم حسن السلوك والأخلاق أثناء العمل. 4 - أن يقدم كل عون ومساعدة دون أن يشترط لذلك أجرًا إضافيًّا في حالات الكوارث والأخطار التي تهدد سلامة مكان العمل أو الأشخاص العاملين فيه. 5 - أن يخضع- وفقًا لطلب صاحب العمل- للفحوص الطبية التي يرغب في إجرائها عليه قبل الالتحاق بالعمل أو أثناءه، للتحقق من خلوه من الأمراض المهنية أو السارية. 6 - أن يحفظ الأسرار الفنية والتجارية والصناعية للمواد التي ينتجها، أو التي أسهم في إنتاجها بصورة مباشرة أو غير مباشرة، وجميع الأسرار المهنية المتعلقة بالعمل أو المنشأة التي من شأن إفشائها الإضرار بمصلحة صاحب العمل.,0.14960629921259844,0.8636363636363636,0.1532258064516129,22,171
الخامسة والستون,متى يجب على العامل أن يقدم العون والمساعدة دون أن يشترط أجرًا إضافيًّا؟,يجب عليه ذلك في حالات الكوارث والأخطار التي تهدد سلامة مكان العمل أو الأشخاص العاملين فيه. (المادة الخامسة والستون),المادة الخامسة والستون ,بالإضافة إلى الواجبات المنصوص عليها في هذا النظام واللوائح والقرارات الصادرة تطبيقًا له، يجب على العامل 1 - أن ينجز العمل وفقًا لأصول المهنة ووفق تعليمات صاحب العمل، إذا لم يكن في هذه التعليمات ما يخالف العقد أو النظام أو الآداب العامة، ولم يكن في تنفيذها ما يعرض للخطر. 2 - أن يعتني عناية كافية بالآلات والأدوات والمهمات والخامات المملوكة لصاحب العمل الموضوعة تحت تصرفه، أو التي تكون في عهدته، وأن يعيد إلى صاحب العمل المواد غير المستهلكة. 3 - أن يلتزم حسن السلوك والأخلاق أثناء العمل. 4 - أن يقدم كل عون ومساعدة دون أن يشترط لذلك أجرًا إضافيًّا في حالات الكوارث والأخطار التي تهدد سلامة مكان العمل أو الأشخاص العاملين فيه. 5 - أن يخضع- وفقًا لطلب صاحب العمل- للفحوص الطبية التي يرغب في إجرائها عليه قبل الالتحاق بالعمل أو أثناءه، للتحقق من خلوه من الأمراض المهنية أو السارية. 6 - أن يحفظ الأسرار الفنية والتجارية والصناعية للمواد التي ينتجها، أو التي أسهم في إنتاجها بصورة مباشرة أو غير مباشرة، وجميع الأسرار المهنية المتعلقة بالعمل أو المنشأة التي من شأن إفشائها الإضرار بمصلحة صاحب العمل.,0.1171875,0.7894736842105263,0.12096774193548387,19,171
السادسة والستون,ما هي الجزاءات التأديبية المالية التي يجوز لصاحب العمل توقيعها على العامل؟,يجوز توقيع جزاءات: الغرامة، و الحرمان من العلاوة أو تأجيلها، و الإيقاف عن العمل مع الحرمان من الأجر. (المادة السادسة والستون),المادة السادسة والستون ,الجزاءات التأديبية التي يجوز لصاحب العمل توقيعها على العامل 1 - الإنذار. 2 - الغرامة. 3 - الحرمان من العلاوة أو تأجيلها لمدة لا تزيد على سنة متى كانت مقررة من صاحب العمل. 4 - تأجيل الترقية مدة لا تزيد على سنة متى كانت مقررة من صاحب العمل. 5 - الإيقاف عن العمل مع الحرمان من الأجر. 6- الفصل من العمل في الحالات المقررة في النظام.,0.25,0.6666666666666666,0.2857142857142857,21,61
السادسة والستون,ما هي أقصى عقوبة تأديبية يمكن أن يوقعها صاحب العمل بموجب النظام؟,أقصى عقوبة هي الفصل من العمل، وذلك في الحالات المقررة في النظام. (المادة السادسة والستون),المادة السادسة والستون ,الجزاءات التأديبية التي يجوز لصاحب العمل توقيعها على العامل 1 - الإنذار. 2 - الغرامة. 3 - الحرمان من العلاوة أو تأجيلها لمدة لا تزيد على سنة متى كانت مقررة من صاحب العمل. 4 - تأجيل الترقية مدة لا تزيد على سنة متى كانت مقررة من صاحب العمل. 5 - الإيقاف عن العمل مع الحرمان من الأجر. 6- الفصل من العمل في الحالات المقررة في النظام.,0.14285714285714285,0.5,0.16666666666666666,15,61
السادسة والستون,هل تأجيل الترقية يُعد جزاءً تأديبياً مسموحاً به؟,نعم، يجوز تأجيل الترقية مدة لا تزيد على سنة متى كانت مقررة من صاحب العمل. (المادة السادسة والستون),المادة السادسة والستون ,الجزاءات التأديبية التي يجوز لصاحب العمل توقيعها على العامل 1 - الإنذار. 2 - الغرامة. 3 - الحرمان من العلاوة أو تأجيلها لمدة لا تزيد على سنة متى كانت مقررة من صاحب العمل. 4 - تأجيل الترقية مدة لا تزيد على سنة متى كانت مقررة من صاحب العمل. 5 - الإيقاف عن العمل مع الحرمان من الأجر. 6- الفصل من العمل في الحالات المقررة في النظام.,0.30434782608695654,0.7777777777777778,0.3333333333333333,18,61
السابعة والستون,ما هو القيد المفروض على صاحب العمل فيما يتعلق بالجزاءات التأديبية؟,لا يجوز لصاحب العمل أن يوقع على العامل جزاءً غير وارد في هذا النظام أو في لائحة تنظيم العمل. (المادة السابعة والستون),المادة السابعة والستون ,لا يجوز لصاحب العمل أن يوقع على العامل جزاءً غير وارد في هذا النظام أو في لائحة تنظيم العمل.,0.85,0.85,1.0,22,19
السابعة والستون,ما هي المراجع التي يجب أن تكون الجزاءات التأديبية منصوص عليها فيها؟,يجب أن تكون واردة في نظام العمل أو في لائحة تنظيم العمل المعتمدة للمنشأة. (المادة السابعة والستون),المادة السابعة والستون ,لا يجوز لصاحب العمل أن يوقع على العامل جزاءً غير وارد في هذا النظام أو في لائحة تنظيم العمل.,0.23076923076923078,0.4,0.35294117647058826,17,19
السابعة والستون,ما هو مصير أي جزاء يوقعه صاحب العمل لم يرد في المراجع النظامية المذكورة؟,يُعد الجزاء باطلاً وغير نظامي. (المادة السابعة والستون),المادة السابعة والستون ,لا يجوز لصاحب العمل أن يوقع على العامل جزاءً غير وارد في هذا النظام أو في لائحة تنظيم العمل.,0.0,0.0,0.0,8,19
الثامنة والستون,متى لا يجوز تشديد الجزاء على العامل في حالة تكرار المخالفة؟,لا يجوز تشديد الجزاء إذا كان قد انقضى على المخالفة السابقة مائة وثمانون يومًا من تاريخ إبلاغ العامل بتوقيع الجزاء عليه. (المادة الثامنة والستون),المادة الثامنة والستون ,لا يجوز تشديد الجزاء في حالة تكرار المخالفة إذا كان قد انقضى على المخالفة السابقة مائة وثمانون يومًا من تاريخ إبلاغ العامل بتوقيع الجزاء عليه عن تلك المخالفة.,0.7142857142857143,0.8695652173913043,0.8,24,28
الثامنة والستون,ما هي المدة الزمنية الفاصلة التي تمنع تغليظ العقوبة عند تكرار المخالفة؟,المدة هي مائة وثمانون يوماً (ستة أشهر) من تاريخ إبلاغ العامل بالجزاء السابق. (المادة الثامنة والستون),المادة الثامنة والستون ,لا يجوز تشديد الجزاء في حالة تكرار المخالفة إذا كان قد انقضى على المخالفة السابقة مائة وثمانون يومًا من تاريخ إبلاغ العامل بتوقيع الجزاء عليه عن تلك المخالفة.,0.17142857142857143,0.375,0.24,16,28
الثامنة والستون,ما هو الأساس الذي يُحتسب منه مرور المدة المذكورة؟,يُحتسب من تاريخ إبلاغ العامل بتوقيع الجزاء عليه عن المخالفة السابقة. (المادة الثامنة والستون),المادة الثامنة والستون ,لا يجوز تشديد الجزاء في حالة تكرار المخالفة إذا كان قد انقضى على المخالفة السابقة مائة وثمانون يومًا من تاريخ إبلاغ العامل بتوقيع الجزاء عليه عن تلك المخالفة.,0.3448275862068966,0.7142857142857143,0.4,14,28
التاسعة والستون,ما هي المدة القصوى المسموح بها لاتهام العامل بمخالفة بعد كشفها؟,لا يجوز اتهام العامل بمخالفة مضى على كشفها أكثر من ثلاثين يومًا. (المادة التاسعة والستون),المادة التاسعة والستون ,لا يجوز اتهام العامل بمخالفة مضى على كشفها أكثر من ثلاثين يومًا، ولا يجوز توقيع جزاء تأديبي بعد تاريخ انتهاء التحقيق في المخالفة وثبوتها في حق العامل بأكثر من ثلاثين يومًا.,0.42857142857142855,0.8,0.48,15,31
التاسعة والستون,ما هي المدة القصوى المسموح بها لتوقيع الجزاء بعد انتهاء التحقيق وثبوت المخالفة؟,لا يجوز توقيع جزاء تأديبي بعد تاريخ انتهاء التحقيق في المخالفة وثبوتها في حق العامل بأكثر من ثلاثين يومًا. (المادة التاسعة والستون),المادة التاسعة والستون ,لا يجوز اتهام العامل بمخالفة مضى على كشفها أكثر من ثلاثين يومًا، ولا يجوز توقيع جزاء تأديبي بعد تاريخ انتهاء التحقيق في المخالفة وثبوتها في حق العامل بأكثر من ثلاثين يومًا.,0.6428571428571429,0.8571428571428571,0.72,22,31
التاسعة والستون,متى يبدأ احتساب فترة الثلاثين يوماً لتوقيع الجزاء؟,يبدأ احتسابها من تاريخ انتهاء التحقيق في المخالفة وثبوتها في حق العامل. (المادة التاسعة والستون),المادة التاسعة والستون ,لا يجوز اتهام العامل بمخالفة مضى على كشفها أكثر من ثلاثين يومًا، ولا يجوز توقيع جزاء تأديبي بعد تاريخ انتهاء التحقيق في المخالفة وثبوتها في حق العامل بأكثر من ثلاثين يومًا.,0.3,0.6428571428571429,0.36,15,31
السبعون,هل يجوز توقيع جزاء تأديبي على العامل لأمر ارتكبه خارج مكان العمل؟,لا يجوز توقيع جزاء تأديبي لأمر ارتكبه خارج مكان العمل ما لم يكن متصلًا بالعمل أو بصاحبه أو مديره المسؤول. (المادة السبعون),المادة السبعون ,لا يجوز توقيع جزاء تأديبي على العامل لأمر ارتكبه خارج مكان العمل ما لم يكن متصلًا بالعمل أو بصاحبه أو مديره المسؤول، كما لا يجوز أن يوقع على العامل عن المخالفة الواحدة غرامة تزيد قيمتها على أجرة خمسة أيام، ولا توقيع أكثر من جزاء واحد على المخالفة الواحدة، ولا أن تُقتطع من أجره وفاءً للغرامات التي توقع عليه أكثر من أجر خمسة أيام في الشهر الواحد، ولا أن تزيد مدة إيقافه عن العمل دون أجر على خمسة أيام في الشهر.,0.3584905660377358,0.9047619047619048,0.37254901960784315,22,80
السبعون,ما هو الحد الأقصى لقيمة الغرامة التي يمكن توقيعها على العامل عن المخالفة الواحدة؟,لا يجوز أن تزيد قيمة الغرامة عن أجرة خمسة أيام عن المخالفة الواحدة. (المادة السبعون),المادة السبعون ,لا يجوز توقيع جزاء تأديبي على العامل لأمر ارتكبه خارج مكان العمل ما لم يكن متصلًا بالعمل أو بصاحبه أو مديره المسؤول، كما لا يجوز أن يوقع على العامل عن المخالفة الواحدة غرامة تزيد قيمتها على أجرة خمسة أيام، ولا توقيع أكثر من جزاء واحد على المخالفة الواحدة، ولا أن تُقتطع من أجره وفاءً للغرامات التي توقع عليه أكثر من أجر خمسة أيام في الشهر الواحد، ولا أن تزيد مدة إيقافه عن العمل دون أجر على خمسة أيام في الشهر.,0.18181818181818182,0.7142857142857143,0.19607843137254902,15,80
السبعون,ما هي الحدود القصوى للإيقاف عن العمل دون أجر في الشهر الواحد؟,لا يجوز أن تزيد مدة الإيقاف عن العمل دون أجر على خمسة أيام في الشهر. (المادة السبعون),المادة السبعون ,لا يجوز توقيع جزاء تأديبي على العامل لأمر ارتكبه خارج مكان العمل ما لم يكن متصلًا بالعمل أو بصاحبه أو مديره المسؤول، كما لا يجوز أن يوقع على العامل عن المخالفة الواحدة غرامة تزيد قيمتها على أجرة خمسة أيام، ولا توقيع أكثر من جزاء واحد على المخالفة الواحدة، ولا أن تُقتطع من أجره وفاءً للغرامات التي توقع عليه أكثر من أجر خمسة أيام في الشهر الواحد، ولا أن تزيد مدة إيقافه عن العمل دون أجر على خمسة أيام في الشهر.,0.25925925925925924,0.8235294117647058,0.27450980392156865,17,80
الحادية والسبعون,ما هي الإجراءات الواجب اتباعها قبل توقيع أي جزاء تأديبي على العامل؟,يجب إبلاغه كتابة بما نُسب إليه، واستجوابه وتحقيق دفاعه وإثبات ذلك في محضر يودع في ملفه الخاص. (المادة الحادية والسبعون),المادة الحادية والسبعون ,لا يجوز توقيع جزاء تأديبي على العامل إلا بعد إبلاغه كتابة بما نسب إليه واستجوابه وتحقيق دفاعه وإثبات ذلك في محضر يودع في ملفه الخاص، ويجوز أن يكون الاستجواب شفاهة في المخالفات البسيطة التي لا يتعدى الجزاء المفروض على مرتكبها الإنذار أو الغرامة باقتطاع ما لا يزيد على أجر يوم واحد، على أن يثبت ذلك في المحضر.,0.2692307692307692,0.7368421052631579,0.2978723404255319,20,57
الحادية والسبعون,متى يجوز الاستجواب الشفوي بدلاً من الإجراءات الكتابية المطولة؟,يجوز الاستجواب شفاهة في المخالفات البسيطة التي لا يتعدى الجزاء المفروض على مرتكبها الإنذار أو الغرامة باقتطاع ما لا يزيد على أجر يوم واحد. (المادة الحادية والسبعون),المادة الحادية والسبعون ,لا يجوز توقيع جزاء تأديبي على العامل إلا بعد إبلاغه كتابة بما نسب إليه واستجوابه وتحقيق دفاعه وإثبات ذلك في محضر يودع في ملفه الخاص، ويجوز أن يكون الاستجواب شفاهة في المخالفات البسيطة التي لا يتعدى الجزاء المفروض على مرتكبها الإنذار أو الغرامة باقتطاع ما لا يزيد على أجر يوم واحد، على أن يثبت ذلك في المحضر.,0.44,0.88,0.46808510638297873,27,57
الحادية والسبعون,ما هو الشرط الواجب في حالة الاستجواب الشفوي؟,يجب أن يُثبت ذلك في المحضر. (المادة الحادية والسبعون),المادة الحادية والسبعون ,لا يجوز توقيع جزاء تأديبي على العامل إلا بعد إبلاغه كتابة بما نسب إليه واستجوابه وتحقيق دفاعه وإثبات ذلك في محضر يودع في ملفه الخاص، ويجوز أن يكون الاستجواب شفاهة في المخالفات البسيطة التي لا يتعدى الجزاء المفروض على مرتكبها الإنذار أو الغرامة باقتطاع ما لا يزيد على أجر يوم واحد، على أن يثبت ذلك في المحضر.,0.07692307692307693,0.4444444444444444,0.0851063829787234,9,57
الثانية والسبعون,كيف يتم إبلاغ العامل بقرار توقيع الجزاء عليه إذا امتنع عن الاستلام أو كان غائباً؟,يتم إرسال البلاغ بـكتاب مسجل على عنوانه المبين في ملفه. (المادة الثانية والسبعون),المادة الثانية والسبعون,"- صدر المرسوم الملكي رقم (م/44) وتاريخ 1446/2/8هـ، وذلك بالموافقة على تعديلات بعض مواد نظام العمل (ويعمل بها من تاريخ 1446/8/20هـ) وعدلت هذه المادة لتكون بالنص الآتي "" يجب أن يبلغ العامل بقرار توقيع الجزاء عليه كتابة، فإذا امتنع عن الاستلام أو كان غائباً فيرسل البلاغ بكتاب مسجل على عنوانه المبين في ملفه، وله التظلم كتابة للجهة المختصة لدى صاحب العمل خلال (ثلاثين) يوماً -عدا أيام العطل الرسمية- من تاريخ إبلاغه بالقرار، فإن رُفض تظلمه أو لم يُبت فيه كتابة خلال (خمسة عشر) يوماً من تقديمه كان له حق الاعتراض أمام المحاكم العمالية على القرار الخاص بتوقيع الجزاء عليه خلال (ثلاثين) يوماً -عدا أيام العطل الرسمية- من تاريخ رفض تظلمه أو انتهاء المدة المحددة للبت في التظلم أيهما أقرب"".",0.08,0.5714285714285714,0.0851063829787234,14,122
الثانية والسبعون,ما هي المدة الزمنية المتاحة للعامل للتظلم من قرار الجزاء لدى صاحب العمل؟,له التظلم كتابة للجهة المختصة لدى صاحب العمل خلال (ثلاثين) يوماً -عدا أيام العطل الرسمية- من تاريخ إبلاغه بالقرار. (المادة الثانية والسبعون),المادة الثانية والسبعون,"- صدر المرسوم الملكي رقم (م/44) وتاريخ 1446/2/8هـ، وذلك بالموافقة على تعديلات بعض مواد نظام العمل (ويعمل بها من تاريخ 1446/8/20هـ) وعدلت هذه المادة لتكون بالنص الآتي "" يجب أن يبلغ العامل بقرار توقيع الجزاء عليه كتابة، فإذا امتنع عن الاستلام أو كان غائباً فيرسل البلاغ بكتاب مسجل على عنوانه المبين في ملفه، وله التظلم كتابة للجهة المختصة لدى صاحب العمل خلال (ثلاثين) يوماً -عدا أيام العطل الرسمية- من تاريخ إبلاغه بالقرار، فإن رُفض تظلمه أو لم يُبت فيه كتابة خلال (خمسة عشر) يوماً من تقديمه كان له حق الاعتراض أمام المحاكم العمالية على القرار الخاص بتوقيع الجزاء عليه خلال (ثلاثين) يوماً -عدا أيام العطل الرسمية- من تاريخ رفض تظلمه أو انتهاء المدة المحددة للبت في التظلم أيهما أقرب"".",0.20833333333333334,0.9090909090909091,0.2127659574468085,22,122
الثانية والسبعون,متى يحق للعامل الاعتراض على قرار الجزاء أمام المحاكم العمالية؟,يحق له الاعتراض إذا رُفض تظلمه أو لم يُبت فيه كتابة خلال (خمسة عشر) يوماً من تقديمه، وذلك خلال (ثلاثين) يوماً من تاريخ الرفض أو انتهاء مدة البت أيهما أقرب. (المادة الثانية والسبعون),المادة الثانية والسبعون,"- صدر المرسوم الملكي رقم (م/44) وتاريخ 1446/2/8هـ، وذلك بالموافقة على تعديلات بعض مواد نظام العمل (ويعمل بها من تاريخ 1446/8/20هـ) وعدلت هذه المادة لتكون بالنص الآتي "" يجب أن يبلغ العامل بقرار توقيع الجزاء عليه كتابة، فإذا امتنع عن الاستلام أو كان غائباً فيرسل البلاغ بكتاب مسجل على عنوانه المبين في ملفه، وله التظلم كتابة للجهة المختصة لدى صاحب العمل خلال (ثلاثين) يوماً -عدا أيام العطل الرسمية- من تاريخ إبلاغه بالقرار، فإن رُفض تظلمه أو لم يُبت فيه كتابة خلال (خمسة عشر) يوماً من تقديمه كان له حق الاعتراض أمام المحاكم العمالية على القرار الخاص بتوقيع الجزاء عليه خلال (ثلاثين) يوماً -عدا أيام العطل الرسمية- من تاريخ رفض تظلمه أو انتهاء المدة المحددة للبت في التظلم أيهما أقرب"".",0.21782178217821782,0.7586206896551724,0.23404255319148937,33,122
الثالثة والسبعون,ما هي الإجراءات الواجبة على صاحب العمل بخصوص الغرامات التي يوقعها على العمال؟,يجب عليه أن يكتب الغرامات التي يوقعها على العامل في سجل خاص، مع بيان اسم العامل ومقدار أجره ومقدار الغرامة وسبب توقيعها وتاريخ ذلك. (المادة الثالثة والسبعون),المادة الثالثة والسبعون ,"تم تعديل هذه المادة بموجب المرسوم الملكي رقم ( م/ 46) وتاريخ 5 / 6 / 1436 هـ ؛ لتكون بالنص الآتي ""يجب على صاحب العمل أن يكتب الغرامات التي يوقعها على العامل في سجل خاص، مع بيان اسم العامل ومقدار أجره ومقدار الغرامة وسبب توقيعها وتاريخ ذلك. ولا يجوز التصرف في الغرامات إلا فيما يعود بالنفع على عمال المنشأة، على أن يكون التصرف بهذه الغرامات من قبل اللجنة العمالية في المنشأة، وفي حالة عدم وجود لجنة يكون التصرف في الغرامات بموافقة الوزارة"".",0.3333333333333333,0.88,0.3492063492063492,27,80
الثالثة والسبعون,فيماذا يجوز التصرف في حصيلة الغرامات التي توقع على العمال؟,لا يجوز التصرف في الغرامات إلا فيما يعود بالنفع على عمال المنشأة. (المادة الثالثة والسبعون),المادة الثالثة والسبعون ,"تم تعديل هذه المادة بموجب المرسوم الملكي رقم ( م/ 46) وتاريخ 5 / 6 / 1436 هـ ؛ لتكون بالنص الآتي ""يجب على صاحب العمل أن يكتب الغرامات التي يوقعها على العامل في سجل خاص، مع بيان اسم العامل ومقدار أجره ومقدار الغرامة وسبب توقيعها وتاريخ ذلك. ولا يجوز التصرف في الغرامات إلا فيما يعود بالنفع على عمال المنشأة، على أن يكون التصرف بهذه الغرامات من قبل اللجنة العمالية في المنشأة، وفي حالة عدم وجود لجنة يكون التصرف في الغرامات بموافقة الوزارة"".",0.18181818181818182,0.8,0.19047619047619047,15,80
الثالثة والسبعون,من هي الجهة المسؤولة عن التصرف في الغرامات في المنشأة؟,تكون من قبل اللجنة العمالية في المنشأة، وفي حالة عدم وجود لجنة يكون التصرف في الغرامات بموافقة الوزارة. (المادة الثالثة والسبعون),المادة الثالثة والسبعون ,"تم تعديل هذه المادة بموجب المرسوم الملكي رقم ( م/ 46) وتاريخ 5 / 6 / 1436 هـ ؛ لتكون بالنص الآتي ""يجب على صاحب العمل أن يكتب الغرامات التي يوقعها على العامل في سجل خاص، مع بيان اسم العامل ومقدار أجره ومقدار الغرامة وسبب توقيعها وتاريخ ذلك. ولا يجوز التصرف في الغرامات إلا فيما يعود بالنفع على عمال المنشأة، على أن يكون التصرف بهذه الغرامات من قبل اللجنة العمالية في المنشأة، وفي حالة عدم وجود لجنة يكون التصرف في الغرامات بموافقة الوزارة"".",0.25757575757575757,0.85,0.2698412698412698,21,80
الرابعة والسبعون,ما هي الحالات المتعلقة بالمدة التي ينتهي بها عقد العمل؟,ينتهي إذا اتفق الطرفان على إنهائه (بموافقة العامل الكتابية)، أو إذا انتهت المدة المحددة في العقد (ما لم يكن قد تجدد صراحة). (المادة الرابعة والسبعون),المادة الرابعة والسبعون ,"تم تعديل هذه المادة بموجب المرسوم الملكي رقم ( م/ 46) وتاريخ 5 / 6 / 1436 هـ ؛ لتكون بالنص الآتي "" ينتهي عقد العمل في أي من الأحوال الآتية 1 - إذا اتفق الطرفان على إنهائه، بشرط أن تكون موافقة العامل كتابية. 2 - إذا انتهت المدة المحددة في العقد، ما لم يكن العقد قد تجدد صراحة وفق أحكام هذا النظام؛ فيستمر إلى أجله. 3 - بناءً على إرادة أحد الطرفين في العقود غير المحددة المدة، وفقاً لما ورد في المادة (الخامسة والسبعين) من هذا النظام. 4 - بلوغ العامل سن التقاعد - وهي ستون سنة للعمال وخمس وخمسون سنة للعاملات - ما لم يتفق الطرفان على الاستمرار في العمل بعد هذه السن، ويجوز تخفيض سن التقاعد في حالات التقاعد المبكر الذي ينص عليه في لائحة تنظيم العمل. وإذا كان عقد العمل محدد المدة، وكانت مدته تمتد إلى ما بعد بلوغ سن التقاعد؛ ففي هذه الحالة ينتهي العقد بانتهاء مدته. 5 - القوة القاهرة. 6 - إغلاق المنشأة نهائياً. 7 - إنهاء النشاط الذي يعمل فيه العامل، ما لم يُتفق على غير ذلك. 8 - أي حالة أخرى ينص عليها نظام آخر"".",0.14960629921259844,0.7916666666666666,0.1557377049180328,25,170
الرابعة والسبعون,متى ينتهي عقد العمل بسبب إرادة أحد طرفيه؟,ينتهي بناءً على إرادة أحد الطرفين في العقود غير المحددة المدة، وفقاً للشروط الواردة في المادة (الخامسة والسبعين) من هذا النظام. (المادة الرابعة والسبعون),المادة الرابعة والسبعون ,"تم تعديل هذه المادة بموجب المرسوم الملكي رقم ( م/ 46) وتاريخ 5 / 6 / 1436 هـ ؛ لتكون بالنص الآتي "" ينتهي عقد العمل في أي من الأحوال الآتية 1 - إذا اتفق الطرفان على إنهائه، بشرط أن تكون موافقة العامل كتابية. 2 - إذا انتهت المدة المحددة في العقد، ما لم يكن العقد قد تجدد صراحة وفق أحكام هذا النظام؛ فيستمر إلى أجله. 3 - بناءً على إرادة أحد الطرفين في العقود غير المحددة المدة، وفقاً لما ورد في المادة (الخامسة والسبعين) من هذا النظام. 4 - بلوغ العامل سن التقاعد - وهي ستون سنة للعمال وخمس وخمسون سنة للعاملات - ما لم يتفق الطرفان على الاستمرار في العمل بعد هذه السن، ويجوز تخفيض سن التقاعد في حالات التقاعد المبكر الذي ينص عليه في لائحة تنظيم العمل. وإذا كان عقد العمل محدد المدة، وكانت مدته تمتد إلى ما بعد بلوغ سن التقاعد؛ ففي هذه الحالة ينتهي العقد بانتهاء مدته. 5 - القوة القاهرة. 6 - إغلاق المنشأة نهائياً. 7 - إنهاء النشاط الذي يعمل فيه العامل، ما لم يُتفق على غير ذلك. 8 - أي حالة أخرى ينص عليها نظام آخر"".",0.14285714285714285,0.8181818181818182,0.14754098360655737,24,170
الرابعة والسبعون,متى ينتهي عقد العامل بسبب العمر؟,ينتهي ببلوغ العامل سن التقاعد (ستون سنة للعمال وخمس وخمسون سنة للعاملات)، ما لم يتفق الطرفان على الاستمرار، ويجوز تخفيض السن في حالات التقاعد المبكر. (المادة الرابعة والسبعون),المادة الرابعة والسبعون ,"تم تعديل هذه المادة بموجب المرسوم الملكي رقم ( م/ 46) وتاريخ 5 / 6 / 1436 هـ ؛ لتكون بالنص الآتي "" ينتهي عقد العمل في أي من الأحوال الآتية 1 - إذا اتفق الطرفان على إنهائه، بشرط أن تكون موافقة العامل كتابية. 2 - إذا انتهت المدة المحددة في العقد، ما لم يكن العقد قد تجدد صراحة وفق أحكام هذا النظام؛ فيستمر إلى أجله. 3 - بناءً على إرادة أحد الطرفين في العقود غير المحددة المدة، وفقاً لما ورد في المادة (الخامسة والسبعين) من هذا النظام. 4 - بلوغ العامل سن التقاعد - وهي ستون سنة للعمال وخمس وخمسون سنة للعاملات - ما لم يتفق الطرفان على الاستمرار في العمل بعد هذه السن، ويجوز تخفيض سن التقاعد في حالات التقاعد المبكر الذي ينص عليه في لائحة تنظيم العمل. وإذا كان عقد العمل محدد المدة، وكانت مدته تمتد إلى ما بعد بلوغ سن التقاعد؛ ففي هذه الحالة ينتهي العقد بانتهاء مدته. 5 - القوة القاهرة. 6 - إغلاق المنشأة نهائياً. 7 - إنهاء النشاط الذي يعمل فيه العامل، ما لم يُتفق على غير ذلك. 8 - أي حالة أخرى ينص عليها نظام آخر"".",0.184,0.8846153846153846,0.1885245901639344,28,170
الخامسة والسبعون,ما هو الشرط الجوهري لإنهاء العقد غير المحدد المدة من قِبل أحد طرفيه؟,يجب أن يكون الإنهاء بناءً على سبب مشروع يجب بيانه. (المادة الخامسة والسبعون),المادة الخامسة والسبعون ,"تم تعديل هذه المادة بموجب المرسوم الملكي رقم ( م/ 46) وتاريخ 5 / 6 / 1436 هـ ؛ لتكون بالنص الآتي ""إذا كان العقد غير محدد المدة، جاز لأي من طرفيه إنهاؤه بناءً على سبب مشروع يجب بيانه بموجب إشعار يوجه إلى الطرف الآخر كتابةً قبل الإنهاء بمدة تحدد في العقد، على ألا تقل عن ستين يوماً إذا كان أجر العامل يدفع شهريًّا، ولا تقل عن ثلاثين يوماً بالنسبة إلى غيره"".",0.125,0.6666666666666666,0.13333333333333333,13,69
الخامسة والسبعون,ما هي مدة الإشعار (الإنذار) المطلوبة لإنهاء العقد غير المحدد المدة إذا كان أجر العامل شهرياً؟,يجب أن لا تقل مدة الإشعار عن ستين يوماً. (المادة الخامسة والسبعون),المادة الخامسة والسبعون ,"تم تعديل هذه المادة بموجب المرسوم الملكي رقم ( م/ 46) وتاريخ 5 / 6 / 1436 هـ ؛ لتكون بالنص الآتي ""إذا كان العقد غير محدد المدة، جاز لأي من طرفيه إنهاؤه بناءً على سبب مشروع يجب بيانه بموجب إشعار يوجه إلى الطرف الآخر كتابةً قبل الإنهاء بمدة تحدد في العقد، على ألا تقل عن ستين يوماً إذا كان أجر العامل يدفع شهريًّا، ولا تقل عن ثلاثين يوماً بالنسبة إلى غيره"".",0.09090909090909091,0.5,0.1,12,69
الخامسة والسبعون,ما هي مدة الإشعار المطلوبة لإنهاء العقد غير المحدد المدة بالنسبة للعمال الذين لا يتقاضون أجورهم شهرياً؟,يجب أن لا تقل مدة الإشعار عن ثلاثين يوماً. (المادة الخامسة والسبعون),المادة الخامسة والسبعون ,"تم تعديل هذه المادة بموجب المرسوم الملكي رقم ( م/ 46) وتاريخ 5 / 6 / 1436 هـ ؛ لتكون بالنص الآتي ""إذا كان العقد غير محدد المدة، جاز لأي من طرفيه إنهاؤه بناءً على سبب مشروع يجب بيانه بموجب إشعار يوجه إلى الطرف الآخر كتابةً قبل الإنهاء بمدة تحدد في العقد، على ألا تقل عن ستين يوماً إذا كان أجر العامل يدفع شهريًّا، ولا تقل عن ثلاثين يوماً بالنسبة إلى غيره"".",0.09090909090909091,0.5,0.1,12,69
السادسة والسبعون,ما هو التزام الطرف الذي ينهي العقد غير المحدد المدة دون مراعاة مهلة الإشعار؟,يلتزم بأن يدفع للطرف الآخر عن مهلة الإشعار مبلغاً مساوياً لأجر العامل عن المهلة نفسها. (المادة السادسة والسبعون),المادة السادسة والسبعون ,"تم تعديل هذه المادة بموجب المرسوم الملكي رقم ( م/ 46) وتاريخ 5 / 6 / 1436 هـ ؛ لتكون بالنص الآتي ""إذا لم يراع الطرف الذي أنهى العقد غير المحدد المدة المهلة المحدد للإشعار وفقاً للمادة (الخامسة والسبعين) من هذا النظام، فإنه يلتزم بأن يدفع للطرف الآخر عن مهلة الإشعار مبلغاً مساوياً لأجر العامل عن المهلة نفسها، ما لم يتفق الطرفان على أكثر من ذلك"".",0.25,0.8823529411764706,0.25862068965517243,18,63
السادسة والسبعون,هل يجوز الاتفاق على تعويض يزيد عن أجر مهلة الإشعار؟,نعم، يجوز ذلك ما لم يتفق الطرفان على أكثر من ذلك. (المادة السادسة والسبعون),المادة السادسة والسبعون ,"تم تعديل هذه المادة بموجب المرسوم الملكي رقم ( م/ 46) وتاريخ 5 / 6 / 1436 هـ ؛ لتكون بالنص الآتي ""إذا لم يراع الطرف الذي أنهى العقد غير المحدد المدة المهلة المحدد للإشعار وفقاً للمادة (الخامسة والسبعين) من هذا النظام، فإنه يلتزم بأن يدفع للطرف الآخر عن مهلة الإشعار مبلغاً مساوياً لأجر العامل عن المهلة نفسها، ما لم يتفق الطرفان على أكثر من ذلك"".",0.14516129032258066,0.6923076923076923,0.15517241379310345,14,63
السادسة والسبعون,هل يسري هذا الحكم على كل من صاحب العمل والعامل؟,نعم، يسري على الطرف الذي أنهى العقد غير المحدد المدة ولم يراعِ مهلة الإشعار. (المادة السادسة والسبعون),المادة السادسة والسبعون ,"تم تعديل هذه المادة بموجب المرسوم الملكي رقم ( م/ 46) وتاريخ 5 / 6 / 1436 هـ ؛ لتكون بالنص الآتي ""إذا لم يراع الطرف الذي أنهى العقد غير المحدد المدة المهلة المحدد للإشعار وفقاً للمادة (الخامسة والسبعين) من هذا النظام، فإنه يلتزم بأن يدفع للطرف الآخر عن مهلة الإشعار مبلغاً مساوياً لأجر العامل عن المهلة نفسها، ما لم يتفق الطرفان على أكثر من ذلك"".",0.171875,0.6470588235294118,0.1896551724137931,17,63
السابعة والسبعون,ما هو الحد الأدنى للتعويض الذي يستحقه العامل إذا تم إنهاء عقده غير المحدد المدة لسبب غير مشروع؟,يستحق أجر خمسة عشر يوماً عن كل سنة من سنوات خدمة العامل. (المادة السابعة والسبعون),المادة السابعة والسبعون ,"تم تعديل هذه المادة بموجب المرسوم الملكي رقم ( م/ 46) وتاريخ 5 / 6 / 1436 هـ ؛ لتكون بالنص الآتي ""ما لم يتضمن العقد تعويضاً محدداً مقابل إنهائه من أحد الطرفين لسبب غير مشروع، يستحق الطرف المتضرر من إنهاء العقد تعويضاً على النحو الآتي 1 - أجر خمسة عشر يوماً عن كل سنة من سنوات خدمة العامل، إذا كان العقد غير محدد المدة. 2 - أجر المدة الباقية من العقد إذا كان العقد محدد المدة. 3 - يجب ألا يقل التعويض المشار إليه في الفقرتين (1) و(2) من هذه المادة عن أجر العامل لمدة شهرين"".",0.18571428571428572,0.8666666666666667,0.19117647058823528,15,92
السابعة والسبعون,ما هو التعويض المستحق للعامل إذا تم إنهاء عقده المحدد المدة لسبب غير مشروع؟,يستحق أجر المدة الباقية من العقد. (المادة السابعة والسبعون),المادة السابعة والسبعون ,"تم تعديل هذه المادة بموجب المرسوم الملكي رقم ( م/ 46) وتاريخ 5 / 6 / 1436 هـ ؛ لتكون بالنص الآتي ""ما لم يتضمن العقد تعويضاً محدداً مقابل إنهائه من أحد الطرفين لسبب غير مشروع، يستحق الطرف المتضرر من إنهاء العقد تعويضاً على النحو الآتي 1 - أجر خمسة عشر يوماً عن كل سنة من سنوات خدمة العامل، إذا كان العقد غير محدد المدة. 2 - أجر المدة الباقية من العقد إذا كان العقد محدد المدة. 3 - يجب ألا يقل التعويض المشار إليه في الفقرتين (1) و(2) من هذه المادة عن أجر العامل لمدة شهرين"".",0.1,0.7777777777777778,0.10294117647058823,9,92
السابعة والسبعون,ما هو الحد الأدنى المطلق للتعويض عن الإنهاء غير المشروع في جميع الأحوال؟,يجب ألا يقل التعويض عن أجر العامل لمدة شهرين. (المادة السابعة والسبعون),المادة السابعة والسبعون ,"تم تعديل هذه المادة بموجب المرسوم الملكي رقم ( م/ 46) وتاريخ 5 / 6 / 1436 هـ ؛ لتكون بالنص الآتي ""ما لم يتضمن العقد تعويضاً محدداً مقابل إنهائه من أحد الطرفين لسبب غير مشروع، يستحق الطرف المتضرر من إنهاء العقد تعويضاً على النحو الآتي 1 - أجر خمسة عشر يوماً عن كل سنة من سنوات خدمة العامل، إذا كان العقد غير محدد المدة. 2 - أجر المدة الباقية من العقد إذا كان العقد محدد المدة. 3 - يجب ألا يقل التعويض المشار إليه في الفقرتين (1) و(2) من هذه المادة عن أجر العامل لمدة شهرين"".",0.14285714285714285,0.8333333333333334,0.14705882352941177,12,92
الثامنة والسبعون,ما هو حق العامل في التغيب خلال مهلة الإشعار إذا كان الإنهاء من جانب صاحب العمل؟,يحق له أن يتغيب خلال مهلة الإشعار يوماً كاملاً في الأسبوع أو ثماني ساعات أثناء الأسبوع. (المادة الثامنة والسبعون),المادة الثامنة والسبعون ,"تم إلغاء نص هذه المادة بموجب المرسوم الملكي رقم ( م/ 46) وتاريخ 5 / 6 / 1436 هـ ؛ وإحلال النص الآتي محله ""إذا كان الإشعار من جانب صاحب العمل، فيحق للعامل أن يتغيب خلال مهلة الإشعار يوماً كاملاً في الأسبوع أو ثماني ساعات أثناء الأسبوع، وذلك للبحث عن عمل آخر مع استحقاقه لأجر هذا اليوم أو ساعات الغياب. ويكون للعامل تحديد يوم الغياب وساعاته بشرط أن يُشعر صاحب العمل بذلك في اليوم السابق للغياب على الأقل. ولصاحب العمل أن يعفي العامل من العمل أثناء مهلة الإشعار مع احتساب مدة خدمته مستمرة إلى حين انتهاء تلك المهلة، والتزام صاحب العمل بما يترتب على ذلك من آثار وبخاصة استحقاق العامل أجره عن مهلة الإشعار"".",0.1590909090909091,0.7777777777777778,0.16666666666666666,19,111
الثامنة والسبعون,ما هو الغرض من منح العامل حق التغيب أثناء مهلة الإشعار؟,الغرض هو للبحث عن عمل آخر مع استحقاقه لأجر هذا اليوم أو ساعات الغياب. (المادة الثامنة والسبعون),المادة الثامنة والسبعون ,"تم إلغاء نص هذه المادة بموجب المرسوم الملكي رقم ( م/ 46) وتاريخ 5 / 6 / 1436 هـ ؛ وإحلال النص الآتي محله ""إذا كان الإشعار من جانب صاحب العمل، فيحق للعامل أن يتغيب خلال مهلة الإشعار يوماً كاملاً في الأسبوع أو ثماني ساعات أثناء الأسبوع، وذلك للبحث عن عمل آخر مع استحقاقه لأجر هذا اليوم أو ساعات الغياب. ويكون للعامل تحديد يوم الغياب وساعاته بشرط أن يُشعر صاحب العمل بذلك في اليوم السابق للغياب على الأقل. ولصاحب العمل أن يعفي العامل من العمل أثناء مهلة الإشعار مع احتساب مدة خدمته مستمرة إلى حين انتهاء تلك المهلة، والتزام صاحب العمل بما يترتب على ذلك من آثار وبخاصة استحقاق العامل أجره عن مهلة الإشعار"".",0.14772727272727273,0.7647058823529411,0.15476190476190477,17,111
الثامنة والسبعون,هل يمكن لصاحب العمل إعفاء العامل من العمل أثناء مهلة الإشعار؟,نعم، يجوز لصاحب العمل إعفاء العامل من العمل أثناء المهلة مع احتساب مدة خدمته مستمرة والتزام صاحب العمل بأجره عن تلك المهلة. (المادة الثامنة والسبعون),المادة الثامنة والسبعون ,"تم إلغاء نص هذه المادة بموجب المرسوم الملكي رقم ( م/ 46) وتاريخ 5 / 6 / 1436 هـ ؛ وإحلال النص الآتي محله ""إذا كان الإشعار من جانب صاحب العمل، فيحق للعامل أن يتغيب خلال مهلة الإشعار يوماً كاملاً في الأسبوع أو ثماني ساعات أثناء الأسبوع، وذلك للبحث عن عمل آخر مع استحقاقه لأجر هذا اليوم أو ساعات الغياب. ويكون للعامل تحديد يوم الغياب وساعاته بشرط أن يُشعر صاحب العمل بذلك في اليوم السابق للغياب على الأقل. ولصاحب العمل أن يعفي العامل من العمل أثناء مهلة الإشعار مع احتساب مدة خدمته مستمرة إلى حين انتهاء تلك المهلة، والتزام صاحب العمل بما يترتب على ذلك من آثار وبخاصة استحقاق العامل أجره عن مهلة الإشعار"".",0.16483516483516483,0.6818181818181818,0.17857142857142858,25,111
التاسعة والسبعون,هل ينقضي عقد العمل بوفاة صاحب العمل؟,لا ينقضي عقد العمل بوفاة صاحب العمل، ما لم تكن شخصيته قد روعيت في إبرام العقد. (المادة التاسعة والسبعون),المادة التاسعة والسبعون ,لا ينقضي عقد العمل بوفاة صاحب العمل، ما لم تكن شخصيته قد روعيت في إبرام العقد، ولكنه ينتهي بوفاة العامل أو بعجزه عن أداء عمله، وذلك بموجب شهادة طبية معتمدة من الجهات الصحية المخولة، أو من الطبيب المخول الذي يعينه صاحب العمل.,0.38461538461538464,0.8333333333333334,0.4166666666666667,19,42
التاسعة والسبعون,متى ينتهي عقد العمل فيما يتعلق بوضع العامل الصحي؟,ينتهي بوفاة العامل أو بعجزه عن أداء عمله، وذلك بموجب شهادة طبية معتمدة من الجهات الصحية المخولة أو الطبيب المخول. (المادة التاسعة والسبعون),المادة التاسعة والسبعون ,لا ينقضي عقد العمل بوفاة صاحب العمل، ما لم تكن شخصيته قد روعيت في إبرام العقد، ولكنه ينتهي بوفاة العامل أو بعجزه عن أداء عمله، وذلك بموجب شهادة طبية معتمدة من الجهات الصحية المخولة، أو من الطبيب المخول الذي يعينه صاحب العمل.,0.48717948717948717,0.8636363636363636,0.5277777777777778,23,42
التاسعة والسبعون,ما هو الشرط المطلوب لإثبات عجز العامل عن أداء عمله؟,يجب أن يكون بموجب شهادة طبية معتمدة من الجهات الصحية المخولة، أو من الطبيب المخول الذي يعينه صاحب العمل. (المادة التاسعة والسبعون),المادة التاسعة والسبعون ,لا ينقضي عقد العمل بوفاة صاحب العمل، ما لم تكن شخصيته قد روعيت في إبرام العقد، ولكنه ينتهي بوفاة العامل أو بعجزه عن أداء عمله، وذلك بموجب شهادة طبية معتمدة من الجهات الصحية المخولة، أو من الطبيب المخول الذي يعينه صاحب العمل.,0.35714285714285715,0.7142857142857143,0.4166666666666667,22,42
الثمانون,ما هو الشرط الإجرائي الذي يجب على صاحب العمل إتاحته للعامل قبل فسخ العقد في حالات المادة الثمانين؟,يجب أن يتيح له الفرصة لكي يبدي أسباب معارضته للفسخ. (المادة الثمانون),المادة الثمانون ,"تم تعديل هذه المادة بموجب المرسوم الملكي رقم ( م/ 46) وتاريخ 5 / 6 / 1436 هـ ؛ لتكون بالنص الآتي ""لا يجوز لصاحب العمل فسخ العقد دون مكافأة العامل، أو إشعاره، أو تعويضه؛ إلا في الحالات الآتية، وبشرط أن يتيح له الفرصة لكي يبدي أسباب معارضته للفسخ 1 - إذا وقع من العامل اعتداء على صاحب العمل أو المدير المسؤول أو أحد رؤسائه أو مرؤوسيه أثناء العمل أو بسببه. 2 - إذا لم يؤدِّ العامل التزاماته الجوهرية المترتبة على عقد العمل أو لم يطع الأوامر المشروعة أو لم يراعِ عمداً التعليمات – التي أعلن عنها صاحب العمل في مكان ظاهر – الخاصة بسلامة العمل والعمال رغم إنذاره كتابة. 3 - إذا ثبت اتباع العامل سلوكاً سيئاً، أو ارتكابه عملاً مخلاً بالشرف أو الأمانة. 4 - إذا وقع من العامل - عمداً - أيُّ فعلٍ أو تقصيرٍ يقصد به إلحاق خسارة مادية بصاحب العمل، بشرط أن يبلغ صاحب العمل الجهات المختصة بالحادث خلال أربع وعشرين ساعة من وقت علمه بوقوعه. 5 - إذا ثبت أن العامل لجأ إلى التزوير ليحصل على العمل. 6 - إذا كان العامل مُعيَّناً تحت الاختبار. 7 - إذا تغيب العامل دون سبب مشروع أكثر من ثلاثين يوماً خلال السنة العقدية الواحدة أو أكثر من خمسة عشر يوماً متتالية، على أن يسبق الفصل إنذار كتابي من صاحب العمل للعامل بعد غيابه عشرين يوماً في الحالة الأولى وانقطاعه عشرة أيام في الحالة الثانية. 8 - إذا ثبت أن العامل استغل مركزه الوظيفي بطريقة غير مشروعة للحصول على نتائج ومكاسب شخصية. 9 - إذا ثبت أن العامل أفشى الأسرار الصناعية أو التجارية الخاصة بالعمل الذي يعمل فيه"".",0.05813953488372093,0.8333333333333334,0.058823529411764705,12,244
الثمانون,ما هي أحكام تغيب العامل التي تجيز لصاحب العمل فصله دون مكافأة أو تعويض؟,إذا تغيب العامل دون سبب مشروع أكثر من ثلاثين يوماً خلال السنة العقدية الواحدة أو أكثر من خمسة عشر يوماً متتالية، على أن يسبق الفصل إنذار كتابي. (المادة الثمانون),المادة الثمانون ,"تم تعديل هذه المادة بموجب المرسوم الملكي رقم ( م/ 46) وتاريخ 5 / 6 / 1436 هـ ؛ لتكون بالنص الآتي ""لا يجوز لصاحب العمل فسخ العقد دون مكافأة العامل، أو إشعاره، أو تعويضه؛ إلا في الحالات الآتية، وبشرط أن يتيح له الفرصة لكي يبدي أسباب معارضته للفسخ 1 - إذا وقع من العامل اعتداء على صاحب العمل أو المدير المسؤول أو أحد رؤسائه أو مرؤوسيه أثناء العمل أو بسببه. 2 - إذا لم يؤدِّ العامل التزاماته الجوهرية المترتبة على عقد العمل أو لم يطع الأوامر المشروعة أو لم يراعِ عمداً التعليمات – التي أعلن عنها صاحب العمل في مكان ظاهر – الخاصة بسلامة العمل والعمال رغم إنذاره كتابة. 3 - إذا ثبت اتباع العامل سلوكاً سيئاً، أو ارتكابه عملاً مخلاً بالشرف أو الأمانة. 4 - إذا وقع من العامل - عمداً - أيُّ فعلٍ أو تقصيرٍ يقصد به إلحاق خسارة مادية بصاحب العمل، بشرط أن يبلغ صاحب العمل الجهات المختصة بالحادث خلال أربع وعشرين ساعة من وقت علمه بوقوعه. 5 - إذا ثبت أن العامل لجأ إلى التزوير ليحصل على العمل. 6 - إذا كان العامل مُعيَّناً تحت الاختبار. 7 - إذا تغيب العامل دون سبب مشروع أكثر من ثلاثين يوماً خلال السنة العقدية الواحدة أو أكثر من خمسة عشر يوماً متتالية، على أن يسبق الفصل إنذار كتابي من صاحب العمل للعامل بعد غيابه عشرين يوماً في الحالة الأولى وانقطاعه عشرة أيام في الحالة الثانية. 8 - إذا ثبت أن العامل استغل مركزه الوظيفي بطريقة غير مشروعة للحصول على نتائج ومكاسب شخصية. 9 - إذا ثبت أن العامل أفشى الأسرار الصناعية أو التجارية الخاصة بالعمل الذي يعمل فيه"".",0.14619883040935672,0.9615384615384616,0.14705882352941177,29,244
الثمانون,ما هي الإجراءات المتعلقة بالإبلاغ عن إلحاق العامل خسارة مادية متعمدة بالمنشأة؟,يجب على صاحب العمل أن يبلغ الجهات المختصة بالحادث خلال أربع وعشرين ساعة من وقت علمه بوقوعه. (المادة الثمانون),المادة الثمانون ,"تم تعديل هذه المادة بموجب المرسوم الملكي رقم ( م/ 46) وتاريخ 5 / 6 / 1436 هـ ؛ لتكون بالنص الآتي ""لا يجوز لصاحب العمل فسخ العقد دون مكافأة العامل، أو إشعاره، أو تعويضه؛ إلا في الحالات الآتية، وبشرط أن يتيح له الفرصة لكي يبدي أسباب معارضته للفسخ 1 - إذا وقع من العامل اعتداء على صاحب العمل أو المدير المسؤول أو أحد رؤسائه أو مرؤوسيه أثناء العمل أو بسببه. 2 - إذا لم يؤدِّ العامل التزاماته الجوهرية المترتبة على عقد العمل أو لم يطع الأوامر المشروعة أو لم يراعِ عمداً التعليمات – التي أعلن عنها صاحب العمل في مكان ظاهر – الخاصة بسلامة العمل والعمال رغم إنذاره كتابة. 3 - إذا ثبت اتباع العامل سلوكاً سيئاً، أو ارتكابه عملاً مخلاً بالشرف أو الأمانة. 4 - إذا وقع من العامل - عمداً - أيُّ فعلٍ أو تقصيرٍ يقصد به إلحاق خسارة مادية بصاحب العمل، بشرط أن يبلغ صاحب العمل الجهات المختصة بالحادث خلال أربع وعشرين ساعة من وقت علمه بوقوعه. 5 - إذا ثبت أن العامل لجأ إلى التزوير ليحصل على العمل. 6 - إذا كان العامل مُعيَّناً تحت الاختبار. 7 - إذا تغيب العامل دون سبب مشروع أكثر من ثلاثين يوماً خلال السنة العقدية الواحدة أو أكثر من خمسة عشر يوماً متتالية، على أن يسبق الفصل إنذار كتابي من صاحب العمل للعامل بعد غيابه عشرين يوماً في الحالة الأولى وانقطاعه عشرة أيام في الحالة الثانية. 8 - إذا ثبت أن العامل استغل مركزه الوظيفي بطريقة غير مشروعة للحصول على نتائج ومكاسب شخصية. 9 - إذا ثبت أن العامل أفشى الأسرار الصناعية أو التجارية الخاصة بالعمل الذي يعمل فيه"".",0.09883720930232558,0.8947368421052632,0.1,19,244
الحادية والثمانون,متى يحق للعامل أن يترك العمل دون إشعار مع احتفاظه بكامل حقوقه النظامية؟,يحق له ذلك إذا لم يقم صاحب العمل بالوفاء بالتزاماته العقدية أو النظامية الجوهرية إزاء العامل. (المادة الحادية والثمانون),المادة الحادية والثمانون ,يحق للعامل أن يترك العمل دون إشعار مع احتفاظه بحقوقه النظامية كلها، وذلك في أي من الحالات الآتية 1 - إذا لم يقم صاحب العمل بالوفاء بالتزاماته العقدية أو النظامية الجوهرية إزاء العامل. 2 - إذا ثبت أن صاحب العمل أو من يمثله قد أدخل عليه الغش وقت التعاقد فيما يتعلق بشروط العمل وظروفه. 3 - إذا كلفه صاحب العمل دون رضاه بعمل يختلف جوهريًّا عن العمل المتفق عليه، وخلافًا لما تقرره المادة الستون من هذا النظام. 4 - إذا وقع من صاحب العمل أو من أحد أفراد أسرته أو من المدير المسؤول اعتداء يتسم بالعنف، أو سلوك مخل بالآداب نحو العامل أو أحد أفراد أسرته. 5 - إذا اتسمت معاملة صاحب العمل أو المدير المسؤول بمظاهر من القسوة والجور أو الإهانة. 6 - إذا كان في مقر العمل خطر جسيم يهدد سلامة العامل أو صحته، بشرط أن يكون صاحب العمل قد علم بوجوده، ولم يتخذ من الإجراءات ما يدل على إزالته. 7 - إذا كان صاحب العمل أو من يمثله قد دفع العامل بتصرفاته وعلى الأخص بمعاملته الجائرة أو بمخالفته شروط العقد إلى أن يكون العامل في الظاهر هو الذي أنهى العقد.,0.1282051282051282,0.7894736842105263,0.13274336283185842,19,176
الحادية والثمانون,ما هي الحالات المتعلقة بالسلامة التي تبرر ترك العامل للعمل دون إشعار؟,إذا كان في مقر العمل خطر جسيم يهدد سلامة العامل أو صحته، بشرط أن يكون صاحب العمل قد علم بوجوده، ولم يتخذ من الإجراءات ما يدل على إزالته. (المادة الحادية والثمانون),المادة الحادية والثمانون ,يحق للعامل أن يترك العمل دون إشعار مع احتفاظه بحقوقه النظامية كلها، وذلك في أي من الحالات الآتية 1 - إذا لم يقم صاحب العمل بالوفاء بالتزاماته العقدية أو النظامية الجوهرية إزاء العامل. 2 - إذا ثبت أن صاحب العمل أو من يمثله قد أدخل عليه الغش وقت التعاقد فيما يتعلق بشروط العمل وظروفه. 3 - إذا كلفه صاحب العمل دون رضاه بعمل يختلف جوهريًّا عن العمل المتفق عليه، وخلافًا لما تقرره المادة الستون من هذا النظام. 4 - إذا وقع من صاحب العمل أو من أحد أفراد أسرته أو من المدير المسؤول اعتداء يتسم بالعنف، أو سلوك مخل بالآداب نحو العامل أو أحد أفراد أسرته. 5 - إذا اتسمت معاملة صاحب العمل أو المدير المسؤول بمظاهر من القسوة والجور أو الإهانة. 6 - إذا كان في مقر العمل خطر جسيم يهدد سلامة العامل أو صحته، بشرط أن يكون صاحب العمل قد علم بوجوده، ولم يتخذ من الإجراءات ما يدل على إزالته. 7 - إذا كان صاحب العمل أو من يمثله قد دفع العامل بتصرفاته وعلى الأخص بمعاملته الجائرة أو بمخالفته شروط العقد إلى أن يكون العامل في الظاهر هو الذي أنهى العقد.,0.24347826086956523,0.9333333333333333,0.24778761061946902,31,176
الحادية والثمانون,ما هو الحكم إذا قام صاحب العمل أو من يمثله بدفع العامل بمعاملته الجائرة لإنهاء العقد؟,يحق للعامل أن يترك العمل دون إشعار ويحتفظ بكامل حقوقه النظامية، حيث يُعد صاحب العمل هو المنهي للعقد في الظاهر. (المادة الحادية والثمانون),المادة الحادية والثمانون ,يحق للعامل أن يترك العمل دون إشعار مع احتفاظه بحقوقه النظامية كلها، وذلك في أي من الحالات الآتية 1 - إذا لم يقم صاحب العمل بالوفاء بالتزاماته العقدية أو النظامية الجوهرية إزاء العامل. 2 - إذا ثبت أن صاحب العمل أو من يمثله قد أدخل عليه الغش وقت التعاقد فيما يتعلق بشروط العمل وظروفه. 3 - إذا كلفه صاحب العمل دون رضاه بعمل يختلف جوهريًّا عن العمل المتفق عليه، وخلافًا لما تقرره المادة الستون من هذا النظام. 4 - إذا وقع من صاحب العمل أو من أحد أفراد أسرته أو من المدير المسؤول اعتداء يتسم بالعنف، أو سلوك مخل بالآداب نحو العامل أو أحد أفراد أسرته. 5 - إذا اتسمت معاملة صاحب العمل أو المدير المسؤول بمظاهر من القسوة والجور أو الإهانة. 6 - إذا كان في مقر العمل خطر جسيم يهدد سلامة العامل أو صحته، بشرط أن يكون صاحب العمل قد علم بوجوده، ولم يتخذ من الإجراءات ما يدل على إزالته. 7 - إذا كان صاحب العمل أو من يمثله قد دفع العامل بتصرفاته وعلى الأخص بمعاملته الجائرة أو بمخالفته شروط العقد إلى أن يكون العامل في الظاهر هو الذي أنهى العقد.,0.10655737704918032,0.5909090909090909,0.11504424778761062,23,176
الثانية والثمانون,هل يجوز لصاحب العمل إنهاء خدمة العامل بسبب المرض؟,لا يجوز لصاحب العمل إنهاء خدمة العامل بسبب المرض، قبل استنفاذه المدد المحددة للإجازة المرضية المنصوص عليها في هذا النظام. (المادة الثانية والثمانون),المادة الثانية والثمانون ,لا يجوز لصاحب العمل إنهاء خدمة العامل بسبب المرض، قبل استنفاذه المدد المحددة للإجازة المنصوص عليها في هذا النظام، وللعامل الحق في أن يطلب وصل إجازته السنوية بالمرضية.,0.6129032258064516,0.8260869565217391,0.7037037037037037,23,28
الثانية والثمانون,ما هو الحق الإضافي الممنوح للعامل بخصوص إجازته السنوية والمرضية؟,للعامل الحق في أن يطلب وصل إجازته السنوية بالمرضية. (المادة الثانية والثمانون),المادة الثانية والثمانون ,لا يجوز لصاحب العمل إنهاء خدمة العامل بسبب المرض، قبل استنفاذه المدد المحددة للإجازة المنصوص عليها في هذا النظام، وللعامل الحق في أن يطلب وصل إجازته السنوية بالمرضية.,0.25806451612903225,0.6666666666666666,0.2962962962962963,12,28
الثانية والثمانون,ما هو الشرط النظامي الواجب على العامل استنفاذه قبل التفكير بإنهاء خدمته بسبب المرض؟,يجب على العامل استنفاذ جميع مدد الإجازة المرضية المستحقة له بموجب النظام. (المادة الثانية والثمانون),المادة الثانية والثمانون ,لا يجوز لصاحب العمل إنهاء خدمة العامل بسبب المرض، قبل استنفاذه المدد المحددة للإجازة المنصوص عليها في هذا النظام، وللعامل الحق في أن يطلب وصل إجازته السنوية بالمرضية.,0.05,0.13333333333333333,0.07407407407407407,15,28
الثالثة والثمانون,ما هي الشروط اللازمة لصحة شرط عدم المنافسة الذي يشترطه صاحب العمل على العامل بعد انتهاء العقد؟,يجب أن يكون الشرط مُحرراً ومُحدداً، من حيث الزمان والمكان ونوع العمل، ويجب ألا تزيد مدته على سنتين من تاريخ انتهاء العلاقة بين الطرفين. (المادة الثالثة والثمانون),المادة الثالثة والثمانون ,"تم تعديل هذه المادة بموجب المرسوم الملكي رقم ( م/ 46) وتاريخ 5 / 6 / 1436 هـ ؛ لتكون بالنص الآتي ""1 - إذا كان العمل المنوط بالعامل يسمح له بمعرفة عملاء صاحب العمل، جاز لصاحب العمل – حمايةً لمصالحه المشروعة – أن يشترط على العامل ألا يقوم بعد انتهاء العقد بمنافسته، ويجب لصحة هذا الشرط أن يكون مُحرراً ومُحدداً، من حيث الزمان والمكان ونوع العمل، ويجب ألا تزيد مدته على سنتين من تاريخ انتهاء العلاقة بين الطرفين. 2 - إذا كان العمل المنوط بالعامل يسمح له بالاطلاع على أسرار عمله، جاز لصاحب العمل – حمايةً لمصالحه المشروعة – أن يشترط على العامل ألا يقوم بعد انتهاء العقد بإفشاء أسراره، ويجب لصحة هذا الشرط أن يكون محرراً ومحدداً، من حيث الزمان والمكان ونوع العمل. 3 - استثناء من أحكام هذا النظام، لصاحب العمل رفع دعوى خلال سنة من تاريخ اكتشاف مخالفة العامل لأيٍّ من التزاماته الواردة في هذه المادة"".",0.25842696629213485,0.8846153846153846,0.26744186046511625,27,140
الثالثة والثمانون,ما هي المدة القصوى لشرط عدم المنافسة بعد انتهاء علاقة العمل؟,يجب ألا تزيد مدته على سنتين من تاريخ انتهاء العلاقة بين الطرفين. (المادة الثالثة والثمانون),المادة الثالثة والثمانون ,"تم تعديل هذه المادة بموجب المرسوم الملكي رقم ( م/ 46) وتاريخ 5 / 6 / 1436 هـ ؛ لتكون بالنص الآتي ""1 - إذا كان العمل المنوط بالعامل يسمح له بمعرفة عملاء صاحب العمل، جاز لصاحب العمل – حمايةً لمصالحه المشروعة – أن يشترط على العامل ألا يقوم بعد انتهاء العقد بمنافسته، ويجب لصحة هذا الشرط أن يكون مُحرراً ومُحدداً، من حيث الزمان والمكان ونوع العمل، ويجب ألا تزيد مدته على سنتين من تاريخ انتهاء العلاقة بين الطرفين. 2 - إذا كان العمل المنوط بالعامل يسمح له بالاطلاع على أسرار عمله، جاز لصاحب العمل – حمايةً لمصالحه المشروعة – أن يشترط على العامل ألا يقوم بعد انتهاء العقد بإفشاء أسراره، ويجب لصحة هذا الشرط أن يكون محرراً ومحدداً، من حيث الزمان والمكان ونوع العمل. 3 - استثناء من أحكام هذا النظام، لصاحب العمل رفع دعوى خلال سنة من تاريخ اكتشاف مخالفة العامل لأيٍّ من التزاماته الواردة في هذه المادة"".",0.1348314606741573,0.8,0.13953488372093023,15,140
الثالثة والثمانون,متى يحق لصاحب العمل رفع دعوى على العامل الذي يخالف شرط عدم المنافسة أو إفشاء الأسرار؟,يحق لصاحب العمل رفع دعوى خلال سنة من تاريخ اكتشاف مخالفة العامل لأيٍّ من التزاماته الواردة في هذه المادة. (المادة الثالثة والثمانون),المادة الثالثة والثمانون ,"تم تعديل هذه المادة بموجب المرسوم الملكي رقم ( م/ 46) وتاريخ 5 / 6 / 1436 هـ ؛ لتكون بالنص الآتي ""1 - إذا كان العمل المنوط بالعامل يسمح له بمعرفة عملاء صاحب العمل، جاز لصاحب العمل – حمايةً لمصالحه المشروعة – أن يشترط على العامل ألا يقوم بعد انتهاء العقد بمنافسته، ويجب لصحة هذا الشرط أن يكون مُحرراً ومُحدداً، من حيث الزمان والمكان ونوع العمل، ويجب ألا تزيد مدته على سنتين من تاريخ انتهاء العلاقة بين الطرفين. 2 - إذا كان العمل المنوط بالعامل يسمح له بالاطلاع على أسرار عمله، جاز لصاحب العمل – حمايةً لمصالحه المشروعة – أن يشترط على العامل ألا يقوم بعد انتهاء العقد بإفشاء أسراره، ويجب لصحة هذا الشرط أن يكون محرراً ومحدداً، من حيث الزمان والمكان ونوع العمل. 3 - استثناء من أحكام هذا النظام، لصاحب العمل رفع دعوى خلال سنة من تاريخ اكتشاف مخالفة العامل لأيٍّ من التزاماته الواردة في هذه المادة"".",0.17777777777777778,0.8,0.18604651162790697,22,140
الرابعة والثمانون,ما هو الأساس الذي تُحسب عليه مكافأة نهاية الخدمة للسنوات الخمس الأولى؟,تُحسب على أساس أجر نصف شهر عن كل سنة من السنوات الخمس الأولى. (المادة الرابعة والثمانون),المادة الرابعة والثمانون ,إذا انتهت علاقة العمل وجب على صاحب العمل أن يدفع إلى العامل مكافأة عن مدة خدمته تحسب على أساس أجر نصف شهر عن كل سنة من السنوات الخمس الأولى، وأجر شهر عن كل سنة من السنوات التالية، ويتخذ الأجر الأخير أساسًا لحساب المكافأة، ويستحق العامل مكافأة عن أجزاء السنة بنسبة ما قضاه منها في العمل.,0.2608695652173913,0.75,0.2857142857142857,16,55
الرابعة والثمانون,ما هو الأساس الذي تُحسب عليه مكافأة نهاية الخدمة للسنوات التي تلي الخمس الأولى؟,تُحسب على أساس أجر شهر عن كل سنة من السنوات التالية. (المادة الرابعة والثمانون),المادة الرابعة والثمانون ,إذا انتهت علاقة العمل وجب على صاحب العمل أن يدفع إلى العامل مكافأة عن مدة خدمته تحسب على أساس أجر نصف شهر عن كل سنة من السنوات الخمس الأولى، وأجر شهر عن كل سنة من السنوات التالية، ويتخذ الأجر الأخير أساسًا لحساب المكافأة، ويستحق العامل مكافأة عن أجزاء السنة بنسبة ما قضاه منها في العمل.,0.21739130434782608,0.7142857142857143,0.23809523809523808,14,55
الرابعة والثمانون,ما هو الأجر الذي يُتخذ أساساً لحساب مكافأة نهاية الخدمة؟,يُتخذ الأجر الأخير أساسًا لحساب المكافأة، ويستحق العامل مكافأة عن أجزاء السنة بنسبة ما قضاه منها. (المادة الرابعة والثمانون),المادة الرابعة والثمانون ,إذا انتهت علاقة العمل وجب على صاحب العمل أن يدفع إلى العامل مكافأة عن مدة خدمته تحسب على أساس أجر نصف شهر عن كل سنة من السنوات الخمس الأولى، وأجر شهر عن كل سنة من السنوات التالية، ويتخذ الأجر الأخير أساسًا لحساب المكافأة، ويستحق العامل مكافأة عن أجزاء السنة بنسبة ما قضاه منها في العمل.,0.32608695652173914,0.7894736842105263,0.35714285714285715,19,55
الخامسة والثمانون,ما هي نسبة مكافأة نهاية الخدمة التي يستحقها العامل المستقيل بعد خدمة تتراوح بين سنتين وخمس سنوات متتالية؟,يستحق في هذه الحالة ثلث المكافأة. (المادة الخامسة والثمانون),المادة الخامسة والثمانون ,إذا كان انتهاء علاقة العمل بسبب استقالة العامل يستحق في هذه الحالة ثلث المكافأة بعد خدمة لا تقل مدتها عن سنتين متتاليتين، ولا تزيد على خمس سنوات، ويستحق ثلثيها إذا زادت مدة خدمته على خمس سنوات متتالية ولم تبلغ عشر سنوات، ويستحق المكافأة كاملة إذا بلغت مدة خدمته عشر سنوات فأكثر.,0.14285714285714285,0.6666666666666666,0.15384615384615385,9,51
الخامسة والثمانون,متى يستحق العامل المستقيل ثلثي مكافأة نهاية الخدمة؟,يستحق ثلثيها إذا زادت مدة خدمته على خمس سنوات متتالية ولم تبلغ عشر سنوات. (المادة الخامسة والثمانون),المادة الخامسة والثمانون ,إذا كان انتهاء علاقة العمل بسبب استقالة العامل يستحق في هذه الحالة ثلث المكافأة بعد خدمة لا تقل مدتها عن سنتين متتاليتين، ولا تزيد على خمس سنوات، ويستحق ثلثيها إذا زادت مدة خدمته على خمس سنوات متتالية ولم تبلغ عشر سنوات، ويستحق المكافأة كاملة إذا بلغت مدة خدمته عشر سنوات فأكثر.,0.30952380952380953,0.8125,0.3333333333333333,17,51
الخامسة والثمانون,متى يستحق العامل المستقيل المكافأة كاملة؟,يستحق المكافأة كاملة إذا بلغت مدة خدمته عشر سنوات فأكثر. (المادة الخامسة والثمانون),المادة الخامسة والثمانون ,إذا كان انتهاء علاقة العمل بسبب استقالة العامل يستحق في هذه الحالة ثلث المكافأة بعد خدمة لا تقل مدتها عن سنتين متتاليتين، ولا تزيد على خمس سنوات، ويستحق ثلثيها إذا زادت مدة خدمته على خمس سنوات متتالية ولم تبلغ عشر سنوات، ويستحق المكافأة كاملة إذا بلغت مدة خدمته عشر سنوات فأكثر.,0.23809523809523808,0.7692307692307693,0.2564102564102564,13,51
السادسة والثمانون,هل يجوز الاتفاق على عدم حساب العمولات في الأجر الذي تسوى على أساسه مكافأة نهاية الخدمة؟,نعم، يجوز الاتفاق على ألا تحسب جميع مبالغ العمولات أو بعضها والنسب المئوية عن ثمن المبيعات وما أشبه ذلك من عناصر الأجر الذي يكون قابلاً بطبيعته للزيادة والنقص. (المادة السادسة والثمانون),المادة السادسة والثمانون ,استثناء من حكم المادة (الثامنة) من هذا النظام، يجوز الاتفاق على ألا تحسب في الأجر الذي تسوى على أساسه مكافأة نهاية الخدمة جميع مبالغ العمولات أو بعضها والنسب المئوية عن ثمن المبيعات وما أشبه ذلك من عناصر الأجر الذي يدفع إلى العامل وتكون قابلة بطبيعتها للزيادة والنقص.,0.5208333333333334,0.8064516129032258,0.5952380952380952,31,47
السادسة والثمانون,ما هو نوع الأجر الذي يجوز استثناؤه من حساب المكافأة بالاتفاق؟,الأجر الذي يكون قابلاً بطبيعته للزيادة والنقص، مثل العمولات والنسب المئوية عن ثمن المبيعات. (المادة السادسة والثمانون),المادة السادسة والثمانون ,استثناء من حكم المادة (الثامنة) من هذا النظام، يجوز الاتفاق على ألا تحسب في الأجر الذي تسوى على أساسه مكافأة نهاية الخدمة جميع مبالغ العمولات أو بعضها والنسب المئوية عن ثمن المبيعات وما أشبه ذلك من عناصر الأجر الذي يدفع إلى العامل وتكون قابلة بطبيعتها للزيادة والنقص.,0.22916666666666666,0.6470588235294118,0.2619047619047619,17,47
السادسة والثمانون,ما هو الحكم النظامي المستثنى من هذه المادة؟,الحكم المستثنى هو حكم المادة (الثامنة) من هذا النظام. (المادة السادسة والثمانون),المادة السادسة والثمانون ,استثناء من حكم المادة (الثامنة) من هذا النظام، يجوز الاتفاق على ألا تحسب في الأجر الذي تسوى على أساسه مكافأة نهاية الخدمة جميع مبالغ العمولات أو بعضها والنسب المئوية عن ثمن المبيعات وما أشبه ذلك من عناصر الأجر الذي يدفع إلى العامل وتكون قابلة بطبيعتها للزيادة والنقص.,0.1276595744680851,0.5454545454545454,0.14285714285714285,12,47
السابعة والثمانون,متى تستحق العاملة المكافأة كاملة رغم إنهاء العقد من جانبها؟,تستحقها إذا أنهت العقد خلال ستة أشهر من تاريخ عقد زواجها أو ثلاثة أشهر من تاريخ وضعها (الولادة). (المادة السابعة والثمانون),المادة السابعة والثمانون ,استثناءً مما ورد في المادة الخامسة والثمانين من هذا النظام تستحق المكافأة كاملة في حالة ترك العامل العمل نتيجة لقوة قاهرة خارجة عن إرادته، كما تستحقها العاملة إذا أنهت العقد خلال ستة أشهر من تاريخ عقد زواجها أو ثلاثة أشهر من تاريخ وضعها.,0.36585365853658536,0.8333333333333334,0.39473684210526316,21,43
السابعة والثمانون,في حالة ترك العامل العمل نتيجة قوة قاهرة، ما هو حكم المكافأة؟,تستحق المكافأة كاملة في هذه الحالة. (المادة السابعة والثمانون),المادة السابعة والثمانون ,استثناءً مما ورد في المادة الخامسة والثمانين من هذا النظام تستحق المكافأة كاملة في حالة ترك العامل العمل نتيجة لقوة قاهرة خارجة عن إرادته، كما تستحقها العاملة إذا أنهت العقد خلال ستة أشهر من تاريخ عقد زواجها أو ثلاثة أشهر من تاريخ وضعها.,0.11904761904761904,0.5555555555555556,0.13157894736842105,9,43
السابعة والثمانون,ما هو نوع القوة القاهرة التي تستثنى من حكم المادة 85؟,هي القوة القاهرة الخارجة عن إرادة العامل. (المادة السابعة والثمانون),المادة السابعة والثمانون ,استثناءً مما ورد في المادة الخامسة والثمانين من هذا النظام تستحق المكافأة كاملة في حالة ترك العامل العمل نتيجة لقوة قاهرة خارجة عن إرادته، كما تستحقها العاملة إذا أنهت العقد خلال ستة أشهر من تاريخ عقد زواجها أو ثلاثة أشهر من تاريخ وضعها.,0.06666666666666667,0.3,0.07894736842105263,10,43
الثامنة والثمانون,ما هي المدة المتاحة لصاحب العمل لدفع أجر العامل وتصفية حقوقه إذا كان الإنهاء من جانبه؟,يجب تصفية حقوقه خلال أسبوع - على الأكثر - من تاريخ انتهاء العلاقة العقدية. (المادة الثامنة والثمانون),المادة الثامنة والثمانون ,إذا انتهت خدمة العامل وجب على صاحب العمل دفع أجره وتصفية حقوقه خلال أسبوع- على الأكثر- من تاريخ انتهاء العلاقة العقدية، أما إذا كان العامل هو الذي أنهى العقد وجب على صاحب العمل تصفية حقوقه كاملة خلال مدة لا تزيد على أسبوعين. ولصاحب العمل أن يحسم أي دين مستحق له بسبب العمل من المبالغ المستحقة للعامل.,0.23404255319148937,0.7333333333333333,0.2558139534883721,15,56
الثامنة والثمانون,ما هي المدة المتاحة لصاحب العمل لتصفية حقوق العامل إذا كان العامل هو الذي أنهى العقد؟,يجب تصفية حقوقه كاملة خلال مدة لا تزيد على أسبوعين. (المادة الثامنة والثمانون),المادة الثامنة والثمانون ,إذا انتهت خدمة العامل وجب على صاحب العمل دفع أجره وتصفية حقوقه خلال أسبوع- على الأكثر- من تاريخ انتهاء العلاقة العقدية، أما إذا كان العامل هو الذي أنهى العقد وجب على صاحب العمل تصفية حقوقه كاملة خلال مدة لا تزيد على أسبوعين. ولصاحب العمل أن يحسم أي دين مستحق له بسبب العمل من المبالغ المستحقة للعامل.,0.19148936170212766,0.6923076923076923,0.20930232558139536,13,56
الثامنة والثمانون,هل يحق لصاحب العمل حسم أي دين من مستحقات العامل النهائية؟,نعم، يحق لصاحب العمل أن يحسم أي دين مستحق له بسبب العمل من المبالغ المستحقة للعامل. (المادة الثامنة والثمانون),المادة الثامنة والثمانون ,إذا انتهت خدمة العامل وجب على صاحب العمل دفع أجره وتصفية حقوقه خلال أسبوع- على الأكثر- من تاريخ انتهاء العلاقة العقدية، أما إذا كان العامل هو الذي أنهى العقد وجب على صاحب العمل تصفية حقوقه كاملة خلال مدة لا تزيد على أسبوعين. ولصاحب العمل أن يحسم أي دين مستحق له بسبب العمل من المبالغ المستحقة للعامل.,0.24489795918367346,0.6666666666666666,0.27906976744186046,19,56
التاسعة والثمانون,ما هي الجهة المخولة بوضع حد أدنى للأجور في المملكة؟,مجلس الوزراء هو المخول بوضع حد أدنى للأجور. (المادة التاسعة والثمانون),المادة التاسعة والثمانون ,لمجلس الوزراء عند الاقتضاء- وبناء على اقتراح الوزير- وضع حد أدنى للأجور.,0.21052631578947367,0.36363636363636365,0.3333333333333333,11,12
التاسعة والثمانون,بناءً على اقتراح من تصدر قرارات وضع الحد الأدنى للأجور؟,تصدر بناءً على اقتراح الوزير (وزير الموارد البشرية والتنمية الاجتماعية). (المادة التاسعة والثمانون),المادة التاسعة والثمانون ,لمجلس الوزراء عند الاقتضاء- وبناء على اقتراح الوزير- وضع حد أدنى للأجور.,0.13636363636363635,0.23076923076923078,0.25,13,12
التاسعة والثمانون,متى يقوم مجلس الوزراء بوضع حد أدنى للأجور؟,يتم ذلك عند الاقتضاء. (المادة التاسعة والثمانون),المادة التاسعة والثمانون ,لمجلس الوزراء عند الاقتضاء- وبناء على اقتراح الوزير- وضع حد أدنى للأجور.,0.11764705882352941,0.2857142857142857,0.16666666666666666,7,12
التسعون,ما هي العملة التي يجب دفع أجر العامل وكل مبلغ مستحق له بها؟,يجب دفعها بالعملة الرسمية للبلاد (الريال السعودي). (المادة التسعون),المادة التسعون ,"تم تعديل هذه المادة بموجب المرسوم الملكي رقم ( م/ 46) وتاريخ 5 / 6 / 1436 هـ ؛ لتكون بالنص الآتي "" 1 - يجب دفع أجر العامل وكل مبلغ مستحق له بالعملة الرسمية للبلاد طبقاً للأحكام الآتية أ - العمال باليومية تصرف أجورهم مرة كل أسبوع على الأقل. ب - العمال ذوو الأجور الشهرية تصرف أجورهم مرة في الشهر. ج - إذا كان العمل يؤدى بالقطعة، ويحتاج لمدة تزيد على أسبوعين، فيجب أن يحصل العامل على دفعة كل أسبوع تتناسب مع ما أتمه من العمل، ويصرف باقي الأجر كاملاً خلال الأسبوع التالي لتسليم العمل. د - في غير ما ذكر، تؤدى إلى العمال أجورهم مرة كل أسبوع على الأقل. 2 - تلزم المنشآت بدفع الأجور في حسابات العمال عن طريق البنوك المعتمدة في المملكة، بشرط ألا يتجاوز موعد استحقاقها المواعيد المحددة أعلاه، ويجوز للوزير استثناء بعض المنشآت من ذلك"".",0.045871559633027525,0.5555555555555556,0.047619047619047616,9,131
التسعون,ما هو موعد دفع أجور العمال ذوي الأجور الشهرية؟,تُصرف أجورهم مرة في الشهر. (المادة التسعون),المادة التسعون ,"تم تعديل هذه المادة بموجب المرسوم الملكي رقم ( م/ 46) وتاريخ 5 / 6 / 1436 هـ ؛ لتكون بالنص الآتي "" 1 - يجب دفع أجر العامل وكل مبلغ مستحق له بالعملة الرسمية للبلاد طبقاً للأحكام الآتية أ - العمال باليومية تصرف أجورهم مرة كل أسبوع على الأقل. ب - العمال ذوو الأجور الشهرية تصرف أجورهم مرة في الشهر. ج - إذا كان العمل يؤدى بالقطعة، ويحتاج لمدة تزيد على أسبوعين، فيجب أن يحصل العامل على دفعة كل أسبوع تتناسب مع ما أتمه من العمل، ويصرف باقي الأجر كاملاً خلال الأسبوع التالي لتسليم العمل. د - في غير ما ذكر، تؤدى إلى العمال أجورهم مرة كل أسبوع على الأقل. 2 - تلزم المنشآت بدفع الأجور في حسابات العمال عن طريق البنوك المعتمدة في المملكة، بشرط ألا يتجاوز موعد استحقاقها المواعيد المحددة أعلاه، ويجوز للوزير استثناء بعض المنشآت من ذلك"".",0.04672897196261682,0.7142857142857143,0.047619047619047616,7,131
التسعون,ما هي الطريقة الإلزامية لدفع أجور العمال للمنشآت؟,تُلزم المنشآت بدفع الأجور في حسابات العمال عن طريق البنوك المعتمدة في المملكة. (المادة التسعون),المادة التسعون ,"تم تعديل هذه المادة بموجب المرسوم الملكي رقم ( م/ 46) وتاريخ 5 / 6 / 1436 هـ ؛ لتكون بالنص الآتي "" 1 - يجب دفع أجر العامل وكل مبلغ مستحق له بالعملة الرسمية للبلاد طبقاً للأحكام الآتية أ - العمال باليومية تصرف أجورهم مرة كل أسبوع على الأقل. ب - العمال ذوو الأجور الشهرية تصرف أجورهم مرة في الشهر. ج - إذا كان العمل يؤدى بالقطعة، ويحتاج لمدة تزيد على أسبوعين، فيجب أن يحصل العامل على دفعة كل أسبوع تتناسب مع ما أتمه من العمل، ويصرف باقي الأجر كاملاً خلال الأسبوع التالي لتسليم العمل. د - في غير ما ذكر، تؤدى إلى العمال أجورهم مرة كل أسبوع على الأقل. 2 - تلزم المنشآت بدفع الأجور في حسابات العمال عن طريق البنوك المعتمدة في المملكة، بشرط ألا يتجاوز موعد استحقاقها المواعيد المحددة أعلاه، ويجوز للوزير استثناء بعض المنشآت من ذلك"".",0.11214953271028037,0.8571428571428571,0.11428571428571428,15,131
الحادية والتسعون,ما هو الشرط اللازم لاقتطاع صاحب العمل مبلغاً من أجر العامل لإصلاح تلف أو فقد؟,أن يكون ذلك ناشئاً عن خطأ العامل أو مخالفته تعليمات صاحب العمل ولم يكن نتيجة لخطأ الغير أو ناشئاً عن قوة قاهرة. (المادة الحادية والتسعون),المادة الحادية والتسعون ,1- إذا تسبب عامل في فقد أو إتلاف أو تدمير آلات أو منتجات يملكها صاحب العمل أو هي في عهدته وكان ذلك ناشئًا عن خطأ العامل أو مخالفته تعليمات صاحب العمل ولم يكن نتيجة لخطأ الغير أو ناشئًا عن قوة قاهرة، فلصاحب العمل أن يقتطع من أجر العامل المبلغ اللازم للإصلاح أو لإعادة الوضع إلى ما كان عليه على ألا يزيد ما يقتطع لهذا الغرض على أجر خمسة أيام في كل شهر، ولصاحب العمل الحق في التظلم عند الاقتضاء، وذلك بطلب ما هو أكثر من ذلك إذا كان للعامل مال آخر يمكن الاستيفاء منه، وللعامل أن يتظلم مما نسب إليه أو من تقدير صاحب العمل للتعويض أمام هيئة تسوية الخلافات العمالية، فإذا حكمت بعدم أحقية صاحب العمل في الرجوع على العامل بما اقتطعه منه أو حكمت بأقل منه وجب على صاحب العمل أن يرد إلى العامل ما اقتطع منه دون وجه حق خلال سبعة أيام من تاريخ صدور الحكم. 2 - يكون تظلم أي من الطرفين خلال خمسة عشر يوم عمل، وإلا سقط الحق فيه، ويبدأ موعد التظلم بالنسبة إلى صاحب العمل من تاريخ اكتشاف الواقعة، وبالنسبة إلى العامل من تاريخ إبلاغ صاحب العمل له بذلك.,0.14516129032258066,0.8181818181818182,0.15,25,185
الحادية والتسعون,ما هو الحد الأقصى للمبلغ الذي يحق لصاحب العمل اقتطاعه من أجر العامل لغرض الإصلاح في الشهر الواحد؟,على ألا يزيد ما يقتطع لهذا الغرض على أجر خمسة أيام في كل شهر. (المادة الحادية والتسعون),المادة الحادية والتسعون ,1- إذا تسبب عامل في فقد أو إتلاف أو تدمير آلات أو منتجات يملكها صاحب العمل أو هي في عهدته وكان ذلك ناشئًا عن خطأ العامل أو مخالفته تعليمات صاحب العمل ولم يكن نتيجة لخطأ الغير أو ناشئًا عن قوة قاهرة، فلصاحب العمل أن يقتطع من أجر العامل المبلغ اللازم للإصلاح أو لإعادة الوضع إلى ما كان عليه على ألا يزيد ما يقتطع لهذا الغرض على أجر خمسة أيام في كل شهر، ولصاحب العمل الحق في التظلم عند الاقتضاء، وذلك بطلب ما هو أكثر من ذلك إذا كان للعامل مال آخر يمكن الاستيفاء منه، وللعامل أن يتظلم مما نسب إليه أو من تقدير صاحب العمل للتعويض أمام هيئة تسوية الخلافات العمالية، فإذا حكمت بعدم أحقية صاحب العمل في الرجوع على العامل بما اقتطعه منه أو حكمت بأقل منه وجب على صاحب العمل أن يرد إلى العامل ما اقتطع منه دون وجه حق خلال سبعة أيام من تاريخ صدور الحكم. 2 - يكون تظلم أي من الطرفين خلال خمسة عشر يوم عمل، وإلا سقط الحق فيه، ويبدأ موعد التظلم بالنسبة إلى صاحب العمل من تاريخ اكتشاف الواقعة، وبالنسبة إلى العامل من تاريخ إبلاغ صاحب العمل له بذلك.,0.10569105691056911,0.8125,0.10833333333333334,17,185
الحادية والتسعون,ما هو الإجراء المتاح للعامل للتظلم من التقدير أو الاقتطاع؟,للعامل أن يتظلم مما نُسب إليه أو من تقدير صاحب العمل للتعويض أمام هيئة تسوية الخلافات العمالية خلال خمسة عشر يوم عمل. (المادة الحادية والتسعون),المادة الحادية والتسعون ,1- إذا تسبب عامل في فقد أو إتلاف أو تدمير آلات أو منتجات يملكها صاحب العمل أو هي في عهدته وكان ذلك ناشئًا عن خطأ العامل أو مخالفته تعليمات صاحب العمل ولم يكن نتيجة لخطأ الغير أو ناشئًا عن قوة قاهرة، فلصاحب العمل أن يقتطع من أجر العامل المبلغ اللازم للإصلاح أو لإعادة الوضع إلى ما كان عليه على ألا يزيد ما يقتطع لهذا الغرض على أجر خمسة أيام في كل شهر، ولصاحب العمل الحق في التظلم عند الاقتضاء، وذلك بطلب ما هو أكثر من ذلك إذا كان للعامل مال آخر يمكن الاستيفاء منه، وللعامل أن يتظلم مما نسب إليه أو من تقدير صاحب العمل للتعويض أمام هيئة تسوية الخلافات العمالية، فإذا حكمت بعدم أحقية صاحب العمل في الرجوع على العامل بما اقتطعه منه أو حكمت بأقل منه وجب على صاحب العمل أن يرد إلى العامل ما اقتطع منه دون وجه حق خلال سبعة أيام من تاريخ صدور الحكم. 2 - يكون تظلم أي من الطرفين خلال خمسة عشر يوم عمل، وإلا سقط الحق فيه، ويبدأ موعد التظلم بالنسبة إلى صاحب العمل من تاريخ اكتشاف الواقعة، وبالنسبة إلى العامل من تاريخ إبلاغ صاحب العمل له بذلك.,0.1693548387096774,0.84,0.175,25,185
الثانية والتسعون,هل يجوز حسم أي مبلغ من أجر العامل لقاء حقوق خاصة دون موافقة خطية منه؟,لا يجوز ذلك إلا في حالات محددة، ومنها: استرداد قروض صاحب العمل، و اشتراكات التأمينات الاجتماعية، و الغرامات التي توقع على العامل، و استيفاء دين إنفاذاً لأي حكم قضائي. (المادة الثانية والتسعون),المادة الثانية والتسعون ,لا يجوز حسم أي مبلغ من أجور العامل لقاء حقوق خاصة دون موافقة خطية منه، إلا في الحالات الآتية 1 - استرداد قروض صاحب العمل، بشرط ألا يزيد ما يحسم من العامل في هذه الحالة على 10% من أجره. 2 - اشتراكات التأمينات الاجتماعية ، وأي اشتراكات أخرى مستحقة على العامل ومقررة نظامًا. 3 - اشتراكات العامل في صندوق الادخار والقروض المستحقة للصندوق. 4 - أقساط أي مشروع يقوم به صاحب العمل لبناء المساكن بقصد تمليكها للعمال أو أي مزية أخرى. 5 - الغرامات التي توقع على العامل بسبب المخالفات التي يرتكبها، وكذلك المبلغ الذي يقتطع منه مقابل ما أتلفه. 6 - استيفاء دين إنفاذًا لأي حكم قضائي، على ألَّا يزيد ما يحسم شهريًّا لقاء ذلك على ربع الأجر المستحق للعامل ما لم يتضمن الحكم خلاف ذلك. ويستوفى دين النفقة أولًا، ثم دين المأكل والملبس والمسكن قبل الديون الأخرى.,0.2,0.7333333333333333,0.21568627450980393,32,132
الثانية والتسعون,ما هي النسبة القصوى التي يجوز حسمها من أجر العامل لاسترداد قروض صاحب العمل؟,بشرط ألا يزيد ما يُحسم من العامل في هذه الحالة على 10% من أجره. (المادة الثانية والتسعون),المادة الثانية والتسعون ,لا يجوز حسم أي مبلغ من أجور العامل لقاء حقوق خاصة دون موافقة خطية منه، إلا في الحالات الآتية 1 - استرداد قروض صاحب العمل، بشرط ألا يزيد ما يحسم من العامل في هذه الحالة على 10% من أجره. 2 - اشتراكات التأمينات الاجتماعية ، وأي اشتراكات أخرى مستحقة على العامل ومقررة نظامًا. 3 - اشتراكات العامل في صندوق الادخار والقروض المستحقة للصندوق. 4 - أقساط أي مشروع يقوم به صاحب العمل لبناء المساكن بقصد تمليكها للعمال أو أي مزية أخرى. 5 - الغرامات التي توقع على العامل بسبب المخالفات التي يرتكبها، وكذلك المبلغ الذي يقتطع منه مقابل ما أتلفه. 6 - استيفاء دين إنفاذًا لأي حكم قضائي، على ألَّا يزيد ما يحسم شهريًّا لقاء ذلك على ربع الأجر المستحق للعامل ما لم يتضمن الحكم خلاف ذلك. ويستوفى دين النفقة أولًا، ثم دين المأكل والملبس والمسكن قبل الديون الأخرى.,0.11320754716981132,0.75,0.11764705882352941,17,132
الثانية والتسعون,ما هو دين النفقة بالنسبة للديون الأخرى في حالة استيفاء دين إنفاذاً لحكم قضائي؟,يستوفى دين النفقة أولاً، ثم دين المأكل والملبس والمسكن قبل الديون الأخرى. (المادة الثانية والتسعون),المادة الثانية والتسعون ,لا يجوز حسم أي مبلغ من أجور العامل لقاء حقوق خاصة دون موافقة خطية منه، إلا في الحالات الآتية 1 - استرداد قروض صاحب العمل، بشرط ألا يزيد ما يحسم من العامل في هذه الحالة على 10% من أجره. 2 - اشتراكات التأمينات الاجتماعية ، وأي اشتراكات أخرى مستحقة على العامل ومقررة نظامًا. 3 - اشتراكات العامل في صندوق الادخار والقروض المستحقة للصندوق. 4 - أقساط أي مشروع يقوم به صاحب العمل لبناء المساكن بقصد تمليكها للعمال أو أي مزية أخرى. 5 - الغرامات التي توقع على العامل بسبب المخالفات التي يرتكبها، وكذلك المبلغ الذي يقتطع منه مقابل ما أتلفه. 6 - استيفاء دين إنفاذًا لأي حكم قضائي، على ألَّا يزيد ما يحسم شهريًّا لقاء ذلك على ربع الأجر المستحق للعامل ما لم يتضمن الحكم خلاف ذلك. ويستوفى دين النفقة أولًا، ثم دين المأكل والملبس والمسكن قبل الديون الأخرى.,0.08411214953271028,0.6428571428571429,0.08823529411764706,15,132
الثالثة والتسعون,ما هي النسبة القصوى للمبالغ المحسومة من أجر العامل المستحق في جميع الأحوال؟,لا يجوز أن تزيد نسبة المبالغ المحسومة على نصف أجر العامل المستحق (50%). (المادة الثالثة والتسعون),المادة الثالثة والتسعون ,لا يجوز- في جميع الأحوال- أن تزيد نسبة المبالغ المحسومة على نصف أجر العامل المستحق، ما لم يثبت لدى هيئة تسوية الخلافات العمالية إمكان الزيادة في الحسم على تلك النسبة، أو يثبت لديها حاجة العامل إلى أكثر من نصف أجره، وفي هذه الحالة الأخيرة لا يعطى العامل أكثر من ثلاثة أرباع أجره، مهما كان الأمر.,0.24489795918367346,0.75,0.26666666666666666,16,55
الثالثة والتسعون,متى يجوز لهيئة تسوية الخلافات العمالية تجاوز نسبة الـ 50% للحسم من أجر العامل؟,يجوز ذلك إذا ثبت لديها إمكان الزيادة في الحسم على تلك النسبة. (المادة الثالثة والتسعون),المادة الثالثة والتسعون ,لا يجوز- في جميع الأحوال- أن تزيد نسبة المبالغ المحسومة على نصف أجر العامل المستحق، ما لم يثبت لدى هيئة تسوية الخلافات العمالية إمكان الزيادة في الحسم على تلك النسبة، أو يثبت لديها حاجة العامل إلى أكثر من نصف أجره، وفي هذه الحالة الأخيرة لا يعطى العامل أكثر من ثلاثة أرباع أجره، مهما كان الأمر.,0.17647058823529413,0.6,0.2,15,55
الثالثة والتسعون,في حال ثبوت حاجة العامل إلى أكثر من نصف أجره، ما هو الحد الأقصى المسموح بمنحه له؟,لا يُعطى العامل أكثر من ثلاثة أرباع أجره، مهما كان الأمر. (المادة الثالثة والتسعون),المادة الثالثة والتسعون ,لا يجوز- في جميع الأحوال- أن تزيد نسبة المبالغ المحسومة على نصف أجر العامل المستحق، ما لم يثبت لدى هيئة تسوية الخلافات العمالية إمكان الزيادة في الحسم على تلك النسبة، أو يثبت لديها حاجة العامل إلى أكثر من نصف أجره، وفي هذه الحالة الأخيرة لا يعطى العامل أكثر من ثلاثة أرباع أجره، مهما كان الأمر.,0.20408163265306123,0.7142857142857143,0.2222222222222222,14,55
الرابعة والتسعون,متى يجوز للعامل أو لمن يمثله أو لمدير مكتب العمل المختص التقدم بطلب إلى هيئة تسوية الخلافات العمالية؟,إذا حسم من أجر العامل أي مبلغ لسبب غير منصوص عليه في النظام بغير موافقته الكتابية، أو تأخر صاحب العمل عن أداء أجر العامل في موعد استحقاقه دون مسوغ مشروع. (المادة الرابعة والتسعون),المادة الرابعة والتسعون ,1- إذا حسم من أجر العامل أي مبلغ لسبب غير ما هو منصوص عليه في هذا النظام بغير موافقته الكتابية، أو تأخر صاحب العمل عن أداء أجر العامل في موعد استحقاقه المحدد نظامًا دون مسوغ مشروع كان للعامل أو لمن يمثله أو مدير مكتب العمل المختص أن يتقدم بطلب إلى هيئة تسوية الخلافات العمالية، كي تأمر صاحب العمل أن يرد إلى العامل ما حسمه دون وجه حق، أو يدفع له أجوره المتأخرة. 2 - يجوز للهيئة المذكورة إذا ثبت لديها أن صاحب العمل حسم المبالغ المذكورة أو تأخر في سداد الأجر دون مسوغ أن توقع عليه غرامة لا تتجاوز ضعف ما حسم من أجر العامل أو ضعف قيمة الأجر المتأخر.,0.35064935064935066,0.9,0.36486486486486486,33,109
الرابعة والتسعون,ما هي الغرامة التي يجوز لهيئة تسوية الخلافات العمالية توقيعها على صاحب العمل المخالف؟,يجوز لها توقيع غرامة لا تتجاوز ضعف ما حسم من أجر العامل أو ضعف قيمة الأجر المتأخر. (المادة الرابعة والتسعون),المادة الرابعة والتسعون ,1- إذا حسم من أجر العامل أي مبلغ لسبب غير ما هو منصوص عليه في هذا النظام بغير موافقته الكتابية، أو تأخر صاحب العمل عن أداء أجر العامل في موعد استحقاقه المحدد نظامًا دون مسوغ مشروع كان للعامل أو لمن يمثله أو مدير مكتب العمل المختص أن يتقدم بطلب إلى هيئة تسوية الخلافات العمالية، كي تأمر صاحب العمل أن يرد إلى العامل ما حسمه دون وجه حق، أو يدفع له أجوره المتأخرة. 2 - يجوز للهيئة المذكورة إذا ثبت لديها أن صاحب العمل حسم المبالغ المذكورة أو تأخر في سداد الأجر دون مسوغ أن توقع عليه غرامة لا تتجاوز ضعف ما حسم من أجر العامل أو ضعف قيمة الأجر المتأخر.,0.17721518987341772,0.7368421052631579,0.1891891891891892,20,109
الرابعة والتسعون,ما هو الإجراء الذي تأمر به هيئة تسوية الخلافات العمالية صاحب العمل في حال ثبوت الحسم غير المشروع أو التأخر في الدفع؟,تأمره أن يرد إلى العامل ما حسمه دون وجه حق، أو يدفع له أجوره المتأخرة. (المادة الرابعة والتسعون),المادة الرابعة والتسعون ,1- إذا حسم من أجر العامل أي مبلغ لسبب غير ما هو منصوص عليه في هذا النظام بغير موافقته الكتابية، أو تأخر صاحب العمل عن أداء أجر العامل في موعد استحقاقه المحدد نظامًا دون مسوغ مشروع كان للعامل أو لمن يمثله أو مدير مكتب العمل المختص أن يتقدم بطلب إلى هيئة تسوية الخلافات العمالية، كي تأمر صاحب العمل أن يرد إلى العامل ما حسمه دون وجه حق، أو يدفع له أجوره المتأخرة. 2 - يجوز للهيئة المذكورة إذا ثبت لديها أن صاحب العمل حسم المبالغ المذكورة أو تأخر في سداد الأجر دون مسوغ أن توقع عليه غرامة لا تتجاوز ضعف ما حسم من أجر العامل أو ضعف قيمة الأجر المتأخر.,0.1794871794871795,0.7777777777777778,0.1891891891891892,18,109
الخامسة والتسعون,كيف يتم تحديد الأجر الذي يلتزم به صاحب العمل إذا لم ينص عليه عقد العمل أو لائحة تنظيم العمل؟,يؤخذ بالأجر المقدر لعمل من النوع ذاته في المنشأة إن وجد، وإلا يُقدر الأجر طبقًا لعرف المهنة في الجهة التي يؤدى فيها العمل، فإن لم يوجد تولت هيئة تسوية الخلافات العمالية تقدير الأجر وفقًا لمقتضيات العدالة. (المادة الخامسة والتسعون),المادة الخامسة والتسعون ,1- إذا لم ينص عقد العمل أو لائحة تنظيم العمل على الأجر الذي يلتزم به صاحب العمل يؤخذ بالأجر المقدر لعمل من النوع ذاته في المنشأة إن وجد، وإلا قدر الأجر طبقًا لعرف المهنة في الجهة التي يؤدى فيها العمل، فإن لم يوجد تولت هيئة تسوية الخلافات العمالية تقدير الأجر وفقًا لمقتضيات العدالة. 2 - ويتبع ذلك أيضًا في تحديد نوع الخدمة الواجب على العامل أداؤها، وفي تحديد مداها.,0.532258064516129,0.8918918918918919,0.5689655172413793,39,68
الخامسة والتسعون,ما هي الجهة التي تتولى تقدير الأجر إذا لم يوجد أجر مقدر لعمل مماثل في المنشأة أو عرف للمهنة؟,تتولى هيئة تسوية الخلافات العمالية تقدير الأجر وفقًا لمقتضيات العدالة. (المادة الخامسة والتسعون),المادة الخامسة والتسعون ,1- إذا لم ينص عقد العمل أو لائحة تنظيم العمل على الأجر الذي يلتزم به صاحب العمل يؤخذ بالأجر المقدر لعمل من النوع ذاته في المنشأة إن وجد، وإلا قدر الأجر طبقًا لعرف المهنة في الجهة التي يؤدى فيها العمل، فإن لم يوجد تولت هيئة تسوية الخلافات العمالية تقدير الأجر وفقًا لمقتضيات العدالة. 2 - ويتبع ذلك أيضًا في تحديد نوع الخدمة الواجب على العامل أداؤها، وفي تحديد مداها.,0.14516129032258066,0.6923076923076923,0.15517241379310345,13,68
الخامسة والتسعون,هل يتبع هذا الحكم في تحديد نوع الخدمة الواجبة على العامل؟,نعم، يتبع هذا أيضًا في تحديد نوع الخدمة الواجب على العامل أداؤها، وفي تحديد مداها. (المادة الخامسة والتسعون),المادة الخامسة والتسعون ,1- إذا لم ينص عقد العمل أو لائحة تنظيم العمل على الأجر الذي يلتزم به صاحب العمل يؤخذ بالأجر المقدر لعمل من النوع ذاته في المنشأة إن وجد، وإلا قدر الأجر طبقًا لعرف المهنة في الجهة التي يؤدى فيها العمل، فإن لم يوجد تولت هيئة تسوية الخلافات العمالية تقدير الأجر وفقًا لمقتضيات العدالة. 2 - ويتبع ذلك أيضًا في تحديد نوع الخدمة الواجب على العامل أداؤها، وفي تحديد مداها.,0.171875,0.6470588235294118,0.1896551724137931,18,68
السادسة والتسعون,إذا كان أجر العامل محددًا على أساس القطعة أو الإنتاج، فما هو الأساس المعتمد لحساب حقوقه المقررة بموجب النظام؟,يعتمد متوسط الأجر الذي تقاضاه عن أيام عمله الفعلية في السنة الأخيرة من خدمته. (المادة السادسة والتسعون),المادة السادسة والتسعون ,1- إذا كان أجر العامل محددًا على أساس القطعة أو الإنتاج يعتمد متوسط الأجر الذي تقاضاه عن أيام عمله الفعلية في السنة الأخيرة من خدمته، لغرض حساب أي من الحقوق المقررة له بموجب هذا النظام. 2 - إذا كان الأجر كله مبالغ العمولات أو النسب المئوية من المبيعات أو ما أشبه ذلك، مما تكون قابلة بطبيعتها للزيادة أو النقص، يحسب متوسط الأجر اليومي على أساس ما تقاضاه العامل عن أيام العمل الفعلية مقسومًا عليها.,0.2413793103448276,0.8235294117647058,0.2545454545454545,17,73
السادسة والتسعون,إذا كان أجر العامل كله عمولات أو نسب مئوية من المبيعات، كيف يُحسب متوسط الأجر اليومي؟,يُحسب على أساس ما تقاضاه العامل عن أيام العمل الفعلية مقسومًا عليها. (المادة السادسة والتسعون),المادة السادسة والتسعون ,1- إذا كان أجر العامل محددًا على أساس القطعة أو الإنتاج يعتمد متوسط الأجر الذي تقاضاه عن أيام عمله الفعلية في السنة الأخيرة من خدمته، لغرض حساب أي من الحقوق المقررة له بموجب هذا النظام. 2 - إذا كان الأجر كله مبالغ العمولات أو النسب المئوية من المبيعات أو ما أشبه ذلك، مما تكون قابلة بطبيعتها للزيادة أو النقص، يحسب متوسط الأجر اليومي على أساس ما تقاضاه العامل عن أيام العمل الفعلية مقسومًا عليها.,0.1864406779661017,0.7333333333333333,0.2,15,73
السادسة والتسعون,متى يتم استخدام متوسط الأجر اليومي كقاعدة لحساب حقوق العامل؟,يتم استخدامه لغرض حساب أي من الحقوق المقررة له بموجب هذا النظام. (المادة السادسة والتسعون),المادة السادسة والتسعون ,1- إذا كان أجر العامل محددًا على أساس القطعة أو الإنتاج يعتمد متوسط الأجر الذي تقاضاه عن أيام عمله الفعلية في السنة الأخيرة من خدمته، لغرض حساب أي من الحقوق المقررة له بموجب هذا النظام. 2 - إذا كان الأجر كله مبالغ العمولات أو النسب المئوية من المبيعات أو ما أشبه ذلك، مما تكون قابلة بطبيعتها للزيادة أو النقص، يحسب متوسط الأجر اليومي على أساس ما تقاضاه العامل عن أيام العمل الفعلية مقسومًا عليها.,0.16666666666666666,0.6666666666666666,0.18181818181818182,15,73
السابعة والتسعون,ما هو التزام صاحب العمل تجاه العامل الموقوف أو المحتجز في قضايا تتصل بالعمل؟,على صاحب العمل أن يستمر في دفع 50% من الأجر إلى العامل حتى يفصل في قضيته. (المادة السابعة والتسعون),المادة السابعة والتسعون ,إذا جرى توقيف العامل أو احتجازه لدى الجهات المختصة في قضايا تتصل بالعمل أو بسببه فعلى صاحب العمل أن يستمر في دفع 50% من الأجر إلى العامل حتى يفصل في قضيته، على ألا تزيد مدة التوقيف أو الحجز على مائة وثمانين يومًا، فإذا زادت على ذلك فلا يلتزم صاحب العمل بدفع أي جزء من الأجر عن المدة الزائدة، فإذا قضي ببراءة العامل أو حفظ التحقيق لعدم ثبوت ما نسب إليه أو لعدم صحته، وجب على صاحب العمل أن يرد إلى العامل ما سبق حسمه من أجره، أما إذا قضي بإدانته فلا يستعاد منه ما صرف له ما لم ينص الحكم على خلاف ذلك.,0.2,0.8333333333333334,0.20833333333333334,19,103
السابعة والتسعون,ما هي المدة القصوى التي يلتزم فيها صاحب العمل بدفع نصف الأجر للعامل الموقوف؟,على ألا تزيد مدة التوقيف أو الحجز على مائة وثمانين يومًا. (المادة السابعة والتسعون),المادة السابعة والتسعون ,إذا جرى توقيف العامل أو احتجازه لدى الجهات المختصة في قضايا تتصل بالعمل أو بسببه فعلى صاحب العمل أن يستمر في دفع 50% من الأجر إلى العامل حتى يفصل في قضيته، على ألا تزيد مدة التوقيف أو الحجز على مائة وثمانين يومًا، فإذا زادت على ذلك فلا يلتزم صاحب العمل بدفع أي جزء من الأجر عن المدة الزائدة، فإذا قضي ببراءة العامل أو حفظ التحقيق لعدم ثبوت ما نسب إليه أو لعدم صحته، وجب على صاحب العمل أن يرد إلى العامل ما سبق حسمه من أجره، أما إذا قضي بإدانته فلا يستعاد منه ما صرف له ما لم ينص الحكم على خلاف ذلك.,0.13333333333333333,0.7692307692307693,0.1388888888888889,14,103
السابعة والتسعون,متى يجب على صاحب العمل أن يرد إلى العامل ما سبق حسمه من أجره خلال فترة التوقيف؟,إذا قُضي ببراءة العامل أو حُفظ التحقيق لعدم ثبوت ما نُسب إليه أو لعدم صحته. (المادة السابعة والتسعون),المادة السابعة والتسعون ,إذا جرى توقيف العامل أو احتجازه لدى الجهات المختصة في قضايا تتصل بالعمل أو بسببه فعلى صاحب العمل أن يستمر في دفع 50% من الأجر إلى العامل حتى يفصل في قضيته، على ألا تزيد مدة التوقيف أو الحجز على مائة وثمانين يومًا، فإذا زادت على ذلك فلا يلتزم صاحب العمل بدفع أي جزء من الأجر عن المدة الزائدة، فإذا قضي ببراءة العامل أو حفظ التحقيق لعدم ثبوت ما نسب إليه أو لعدم صحته، وجب على صاحب العمل أن يرد إلى العامل ما سبق حسمه من أجره، أما إذا قضي بإدانته فلا يستعاد منه ما صرف له ما لم ينص الحكم على خلاف ذلك.,0.1282051282051282,0.625,0.1388888888888889,18,103
الثامنة والتسعون,ما هو الحد الأقصى لساعات العمل الفعلية في اليوم الواحد؟,لا يجوز تشغيل العامل تشغيلاً فعليًّا أكثر من ثماني ساعات في اليوم الواحد، إذا اعتمد صاحب العمل المعيار اليومي. (المادة الثامنة والتسعون),المادة الثامنة والتسعون ,لا يجوز تشغيل العامل تشغيلًا فعليًّا أكثر من ثماني ساعات في اليوم الواحد، إذا اعتمد صاحب العمل المعيار اليومي، أو أكثر من ثمان وأربعين ساعة في الأسبوع، إذا اعتمد المعيار الأسبوعي. وتخفض ساعات العمل الفعلية خلال شهر رمضان للمسلمين، بحيث لا تزيد على ست ساعات في اليوم، أو ست وثلاثين ساعة في الأسبوع.,0.4146341463414634,0.7727272727272727,0.4722222222222222,22,53
الثامنة والتسعون,ما هي مدة تخفيض ساعات العمل الفعلية خلال شهر رمضان للعامل المسلم؟,تُخفض بحيث لا تزيد على ست ساعات في اليوم، أو ست وثلاثين ساعة في الأسبوع. (المادة الثامنة والتسعون),المادة الثامنة والتسعون ,لا يجوز تشغيل العامل تشغيلًا فعليًّا أكثر من ثماني ساعات في اليوم الواحد، إذا اعتمد صاحب العمل المعيار اليومي، أو أكثر من ثمان وأربعين ساعة في الأسبوع، إذا اعتمد المعيار الأسبوعي. وتخفض ساعات العمل الفعلية خلال شهر رمضان للمسلمين، بحيث لا تزيد على ست ساعات في اليوم، أو ست وثلاثين ساعة في الأسبوع.,0.3,0.75,0.3333333333333333,18,53
الثامنة والتسعون,ما هو الحد الأقصى لساعات العمل الفعلية في الأسبوع؟,لا يجوز تشغيل العامل فعلياً أكثر من ثمان وأربعين ساعة في الأسبوع، إذا اعتمد صاحب العمل المعيار الأسبوعي. (المادة الثامنة والتسعون),المادة الثامنة والتسعون ,لا يجوز تشغيل العامل تشغيلًا فعليًّا أكثر من ثماني ساعات في اليوم الواحد، إذا اعتمد صاحب العمل المعيار اليومي، أو أكثر من ثمان وأربعين ساعة في الأسبوع، إذا اعتمد المعيار الأسبوعي. وتخفض ساعات العمل الفعلية خلال شهر رمضان للمسلمين، بحيث لا تزيد على ست ساعات في اليوم، أو ست وثلاثين ساعة في الأسبوع.,0.425,0.8095238095238095,0.4722222222222222,21,53
التاسعة والتسعون,متى يجوز زيادة ساعات العمل إلى تسع ساعات في اليوم؟,يجوز زيادتها لبعض فئات العمال، أو في بعض الصناعات والأعمال التي لا يشتغل فيها العامل بصفة مستمرة. (المادة التاسعة والتسعون),المادة التاسعة والتسعون ,يجوز زيادة ساعات العمل المنصوص عليها في المادة الثامنة والتسعين من هذا النظام إلى تسع ساعات في اليوم الواحد لبعض فئات العمال، أو في بعض الصناعات والأعمال التي لا يشتغل فيها العامل بصفة مستمرة، كما يجوز تخفيضها إلى سبع ساعات في اليوم الواحد لبعض فئات العمال أو في بعض الصناعات والأعمال الخطرة أو الضارة، وتحدد فئات العمال والصناعات والأعمال المشار إليها بقرار من الوزير.,0.37777777777777777,0.85,0.40476190476190477,20,64
التاسعة والتسعون,متى يجوز تخفيض ساعات العمل إلى سبع ساعات في اليوم؟,يجوز تخفيضها لبعض فئات العمال أو في بعض الصناعات والأعمال الخطرة أو الضارة. (المادة التاسعة والتسعون),المادة التاسعة والتسعون ,يجوز زيادة ساعات العمل المنصوص عليها في المادة الثامنة والتسعين من هذا النظام إلى تسع ساعات في اليوم الواحد لبعض فئات العمال، أو في بعض الصناعات والأعمال التي لا يشتغل فيها العامل بصفة مستمرة، كما يجوز تخفيضها إلى سبع ساعات في اليوم الواحد لبعض فئات العمال أو في بعض الصناعات والأعمال الخطرة أو الضارة، وتحدد فئات العمال والصناعات والأعمال المشار إليها بقرار من الوزير.,0.29545454545454547,0.8666666666666667,0.30952380952380953,16,64
التاسعة والتسعون,من هي الجهة التي تحدد فئات العمال والصناعات والأعمال التي تطبق عليها هذه الأحكام؟,تُحدد فئات العمال والصناعات والأعمال المشار إليها بقرار من الوزير. (المادة التاسعة والتسعون),المادة التاسعة والتسعون ,يجوز زيادة ساعات العمل المنصوص عليها في المادة الثامنة والتسعين من هذا النظام إلى تسع ساعات في اليوم الواحد لبعض فئات العمال، أو في بعض الصناعات والأعمال التي لا يشتغل فيها العامل بصفة مستمرة، كما يجوز تخفيضها إلى سبع ساعات في اليوم الواحد لبعض فئات العمال أو في بعض الصناعات والأعمال الخطرة أو الضارة، وتحدد فئات العمال والصناعات والأعمال المشار إليها بقرار من الوزير.,0.2222222222222222,0.7692307692307693,0.23809523809523808,13,64
المائة,هل يجوز زيادة ساعات العمل على ثماني ساعات يوميًا في المنشآت التي تعمل بالتناوب؟,نعم، يجوز لصاحب العمل ذلك بموافقة الوزارة. (المادة المائة),المادة المائة ,يجوز لصاحب العمل- بموافقة الوزارة- في المنشآت التي تقتضي طبيعة العمل فيها أداء العمل بالتناوب زيادة ساعات العمل على ثماني ساعات عمل في اليوم أو ثمان وأربعين ساعة في الأسبوع، بشرط ألا يزيد متوسط ساعات العمل عند احتسابه لمدة ثلاثة أسابيع أو أقل على ثماني ساعات يوميًّا أو ثمان وأربعين ساعة أسبوعيًّا.,0.125,0.5555555555555556,0.1388888888888889,9,52
المائة,ما هو الشرط الواجب توفره عند زيادة ساعات العمل في نظام المناوبات؟,الشرط هو ألا يزيد متوسط ساعات العمل عند احتسابه لمدة ثلاثة أسابيع أو أقل على ثماني ساعات يوميًّا أو ثمان وأربعين ساعة أسبوعيًّا. (المادة المائة),المادة المائة ,يجوز لصاحب العمل- بموافقة الوزارة- في المنشآت التي تقتضي طبيعة العمل فيها أداء العمل بالتناوب زيادة ساعات العمل على ثماني ساعات عمل في اليوم أو ثمان وأربعين ساعة في الأسبوع، بشرط ألا يزيد متوسط ساعات العمل عند احتسابه لمدة ثلاثة أسابيع أو أقل على ثماني ساعات يوميًّا أو ثمان وأربعين ساعة أسبوعيًّا.,0.40476190476190477,0.7391304347826086,0.4722222222222222,25,52
المائة,ما هو الغرض من احتساب متوسط ساعات العمل في نظام المناوبة؟,الغرض هو ضمان ألا يتجاوز العامل الحد الأقصى النظامي لساعات العمل عند توزيعها بشكل غير منتظم. (المادة المائة),المادة المائة ,يجوز لصاحب العمل- بموافقة الوزارة- في المنشآت التي تقتضي طبيعة العمل فيها أداء العمل بالتناوب زيادة ساعات العمل على ثماني ساعات عمل في اليوم أو ثمان وأربعين ساعة في الأسبوع، بشرط ألا يزيد متوسط ساعات العمل عند احتسابه لمدة ثلاثة أسابيع أو أقل على ثماني ساعات يوميًّا أو ثمان وأربعين ساعة أسبوعيًّا.,0.058823529411764705,0.16666666666666666,0.08333333333333333,18,52
المائة,كم هي المدة القصوى للعمل المتواصل التي لا يجب أن يتجاوزها العامل دون فترة للراحة والصلاة والطعام؟,لا يعمل العامل أكثر من خمس ساعات متتالية دون فترة للراحة والصلاة والطعام لا تقل عن نصف ساعة في المرة الواحدة خلال مجموع ساعات العمل. (المادة السابعة والتسعون - مكررة، تم استخدام نص م97),المادة المائة ,يجوز لصاحب العمل- بموافقة الوزارة- في المنشآت التي تقتضي طبيعة العمل فيها أداء العمل بالتناوب زيادة ساعات العمل على ثماني ساعات عمل في اليوم أو ثمان وأربعين ساعة في الأسبوع، بشرط ألا يزيد متوسط ساعات العمل عند احتسابه لمدة ثلاثة أسابيع أو أقل على ثماني ساعات يوميًّا أو ثمان وأربعين ساعة أسبوعيًّا.,0.06349206349206349,0.12903225806451613,0.1111111111111111,33,52
المائة,ما هي المدة القصوى التي يُسمح للعامل بالبقاء فيها في مكان العمل خلال اليوم الواحد؟,لا يبقى العامل في مكان العمل أكثر من اثنتي عشرة ساعة في اليوم الواحد. (المادة السابعة والتسعون - مكررة، تم استخدام نص م97),المادة المائة ,يجوز لصاحب العمل- بموافقة الوزارة- في المنشآت التي تقتضي طبيعة العمل فيها أداء العمل بالتناوب زيادة ساعات العمل على ثماني ساعات عمل في اليوم أو ثمان وأربعين ساعة في الأسبوع، بشرط ألا يزيد متوسط ساعات العمل عند احتسابه لمدة ثلاثة أسابيع أو أقل على ثماني ساعات يوميًّا أو ثمان وأربعين ساعة أسبوعيًّا.,0.07547169811320754,0.19047619047619047,0.1111111111111111,22,52
المائة,بموجب أي مرسوم ملكي تم تعديل هذه المادة لتنظيم ساعات العمل وفترات الراحة؟,تم تعديلها بموجب المرسوم الملكي رقم (م/46) وتاريخ 5 / 6 / 1436 هـ. (المادة السابعة والتسعون - مكررة، تم استخدام نص م97),المادة المائة ,يجوز لصاحب العمل- بموافقة الوزارة- في المنشآت التي تقتضي طبيعة العمل فيها أداء العمل بالتناوب زيادة ساعات العمل على ثماني ساعات عمل في اليوم أو ثمان وأربعين ساعة في الأسبوع، بشرط ألا يزيد متوسط ساعات العمل عند احتسابه لمدة ثلاثة أسابيع أو أقل على ثماني ساعات يوميًّا أو ثمان وأربعين ساعة أسبوعيًّا.,0.0,0.0,0.0,21,52
المائة وواحد,هل تعتبر الفترات المخصصة للراحة والصلاة والطعام جزءاً من ساعات العمل الفعلية؟,لا، لا تدخل الفترات المخصصة للراحة والصلاة والطعام ضمن ساعات العمل الفعلية. (المادة الثامنة والتسعون - تم تصحيح رقم المادة),,,0.0,0.0,0.0,19,0
المائة وواحد,هل يكون العامل تحت سلطة صاحب العمل خلال فترات الراحة والصلاة والطعام؟,لا، لا يكون العامل خلال هذه الفترات تحت سلطة صاحب العمل. (المادة الثامنة والتسعون - تم تصحيح رقم المادة),,,0.0,0.0,0.0,18,0
المائة وواحد,هل يجوز لصاحب العمل إلزام العامل بالبقاء في مكان العمل خلال فترات الراحة؟,لا، لا يجوز لصاحب العمل أن يلزم العامل بالبقاء خلالها في مكان العمل. (المادة الثامنة والتسعون - تم تصحيح رقم المادة),,,0.0,0.0,0.0,20,0
المائة واثنان,من هي الجهة التي تحدد الحالات والأعمال التي يتحتم فيها استمرار العمل دون فترة راحة لأسباب فنية؟,للوزير أن يحددها بقرار منه. (المادة التاسعة والتسعون - تم تصحيح رقم المادة),,,0.0,0.0,0.0,12,0
المائة واثنان,في حال تحتم استمرار العمل دون فترة راحة، ما هو التزام صاحب العمل تجاه العامل بخصوص الصلاة والطعام؟,يلتزم صاحب العمل في هذه الحالات والأعمال بإعطاء فترة للصلاة والطعام والراحة بطريقة تنظمها إدارة المنشأة أثناء العمل. (المادة التاسعة والتسعون - تم تصحيح رقم المادة),,,0.0,0.0,0.0,25,0
المائة واثنان,ما هي الحالات التي يلزم فيها صاحب العمل بإعطاء فترة للراحة والصلاة والطعام أثناء العمل؟,الحالات والأعمال التي يتحتم فيها استمرار العمل دون فترة راحة لأسباب فنية أو لظروف التشغيل. (المادة التاسعة والتسعون - تم تصحيح رقم المادة),,,0.0,0.0,0.0,22,0
المائة وأربعة,ما هو يوم الراحة الأسبوعية لجميع العمال في نظام العمل، وهل يجوز تعويضه بمقابل نقدي؟,يوم الجمعة هو يوم الراحة الأسبوعية لجميع العمال، ولا يجوز تعويض يوم الراحة الأسبوعية بمقابل نقدي. (المادة الرابعة بعد المائة),,,0.0,0.0,0.0,20,0
المائة وأربعة,ما هو الحد الأدنى لساعات يوم الراحة الأسبوعية؟,لا يقل عن أربع وعشرين ساعة متتالية. (المادة الرابعة بعد المائة),,,0.0,0.0,0.0,11,0
المائة وأربعة,هل يجوز لصاحب العمل استبدال يوم الجمعة بيوم آخر كراحة أسبوعية لبعض عماله؟,نعم، يجوز لصاحب العمل بعد إبلاغ مكتب العمل المختص أن يستبدل بهذا اليوم لبعض عماله أي يوم من أيام الأسبوع، وعليه أن يمكنهم من القيام بواجباتهم الدينية. (المادة الرابعة بعد المائة),,,0.0,0.0,0.0,31,0
المائة وخمسة,ما هي المدة القصوى التي يجوز تجميع الراحات الأسبوعية المستحقة للعامل عنها؟,مدة لا تتجاوز ثمانية أسابيع. (المادة الخامسة بعد المائة),,,0.0,0.0,0.0,9,0
المائة وخمسة,ما هي الشروط اللازمة لتجميع الراحات الأسبوعية للعامل؟,أن يكون العمل في الأماكن البعيدة عن العمران أو تتطلب طبيعة العمل استمراره، وأن يتفق صاحب العمل والعمال وتوافق على ذلك الوزارة. (المادة الخامسة بعد المائة),,,0.0,0.0,0.0,26,0
المائة وخمسة,متى تبدأ مدة الراحة الأسبوعية المُجَمعة في الحساب؟,تبدأ من ساعة وصول العمال إلى أقرب مدينة يتوفر بها وسائل نقل. (المادة الخامسة بعد المائة),,,0.0,0.0,0.0,16,0
المائة وستة,ما هو الحد الأقصى لساعات العمل الفعلية في حالات الاستثناء المذكورة في هذه المادة؟,لا تزيد ساعات العمل الفعلية على عشر ساعات في اليوم، أو ستين ساعة في الأسبوع. (المادة السادسة بعد المائة),,,0.0,0.0,0.0,19,0
المائة وستة,ما هي المدة القصوى المسموح بها سنوياً لأعمال الجرد السنوي وإعداد الميزانية التي يُسمح فيها بزيادة ساعات العمل؟,بشرط ألا يزيد عدد الأيام التي يشتغل فيها العمال على ثلاثين يومًا في السنة. (المادة السادسة بعد المائة),,,0.0,0.0,0.0,18,0
المائة وستة,هل يجوز عدم التقيد بأحكام ساعات العمل في حالة التشغيل لمواجهة ضغط عمل غير عادي؟,نعم، يجوز ذلك إذا كان التشغيل بقصد مواجهة ضغط عمل غير عادي. (المادة السادسة بعد المائة),,,0.0,0.0,0.0,16,0
المائة وسبعة,ما هو مقدار الأجر الإضافي الذي يجب على صاحب العمل أن يدفعه للعامل عن ساعات العمل الإضافية؟,يوازي أجر الساعة مضافاً إليه (50%) من أجره الأساسي. (المادة السابعة بعد المائة),,,0.0,0.0,0.0,13,0
المائة وسبعة,ما هو البديل الذي يجوز لصاحب العمل أن يحتسبه للعامل بدلاً من دفع الأجر الإضافي نقدًا؟,يجوز أن يحتسب للعامل أيام إجازة تعويضية مدفوعة الأجر بدلاً عن الأجر المستحق لساعات العمل الإضافية، وذلك بموافقة العامل. (المادة السابعة بعد المائة),,,0.0,0.0,0.0,23,0
المائة وسبعة,متى بدأ العمل بتعديل هذه المادة المتعلقة بالأجر الإضافي والإجازة التعويضية؟,يعمل بها من تاريخ 1446/8/20هـ. (المادة السابعة بعد المائة),,,0.0,0.0,0.0,11,0
المائة وثمانية,هل تسري أحكام تنظيم ساعات العمل وفترات الراحة على العمال المخصصين للحراسة والنظافة؟,لا تسري عليهم عدا عمال الحراسة الأمنية المدنية. (المادة الثامنة بعد المائة),,,0.0,0.0,0.0,12,0
المائة وثمانية,ما هي الفئات المستثناة من تطبيق أحكام تنظيم ساعات العمل بخصوص مناصبهم؟,الأشخاص الذين يشغلون مناصب عالية ذات مسؤولية في الإدارة والتوجيه، إذا كان من شأن هذه المناصب أن يتمتع شاغلوها بسلطات صاحب العمل على العمال. (المادة الثامنة بعد المائة),,,0.0,0.0,0.0,28,0
المائة وثمانية,ما هي أنواع الأعمال التي تكون متقطعة بالضرورة ولا تسري عليها أحكام تنظيم ساعات العمل؟,العمل الذي يكون متقطعًا بالضرورة، إضافة إلى الأعمال التجهيزية أو التكميلية. (المادة الثامنة بعد المائة),,,0.0,0.0,0.0,15,0
المائة وتسعة,ما هي مدة الإجازة السنوية التي يستحقها العامل إذا أمضى خمس سنوات متصلة في الخدمة؟,تُزاد إلى مدة لا تقل عن ثلاثين يومًا. (المادة التاسعة بعد المائة),,,0.0,0.0,0.0,12,0
المائة وتسعة,هل يجوز للعامل النزول عن حقه في الإجازة السنوية أو أن يتقاضى بدلاً نقدياً عنها أثناء خدمته؟,لا، لا يجوز النزول عنها، أو أن يتقاضى بدلًا نقديًّا عوضًا عن الحصول عليها أثناء خدمته. (المادة التاسعة بعد المائة),,,0.0,0.0,0.0,20,0
المائة وتسعة,ما هو الالتزام على صاحب العمل بخصوص إشعار العامل بموعد إجازته السنوية؟,عليه إشعار العامل بالميعاد المحدد لتمتعه بالإجازة بوقت كافٍ لا يقل عن ثلاثين يومًا. (المادة التاسعة بعد المائة),,,0.0,0.0,0.0,18,0
المائة وعشرة,متى يجوز للعامل أن يؤجل إجازته السنوية أو أيامًا منها إلى السنة التالية؟,يجوز ذلك بموافقة صاحب العمل. (المادة العاشرة بعد المائة),,,0.0,0.0,0.0,9,0
المائة وعشرة,ما هي المدة القصوى التي يحق لصاحب العمل تأجيل إجازة العامل إليها دون موافقته الكتابية؟,لمدة لا تزيد على تسعين يومًا. (المادة العاشرة بعد المائة),,,0.0,0.0,0.0,10,0
المائة وعشرة,إذا اقتضت ظروف العمل استمرار التأجيل لأكثر من تسعين يوماً، فما هو الإجراء الواجب على صاحب العمل؟,وجب الحصول على موافقة العامل كتابة، على ألا يتعدى التأجيل نهاية السنة التالية لسنة استحقاق الإجازة. (المادة العاشرة بعد المائة),,,0.0,0.0,0.0,20,0
المائة وإحدى عشرة,متى يحق للعامل الحصول على أجرة عن أيام الإجازة المستحقة؟,إذا ترك العمل قبل استعماله لها. (المادة الحادية عشرة بعد المائة),,,0.0,0.0,0.0,11,0
المائة وإحدى عشرة,هل يستحق العامل أجرة الإجازة عن أجزاء السنة؟,نعم، يستحق أجرة الإجازة عن أجزاء السنة بنسبة ما قضاه منها في العمل. (المادة الحادية عشرة بعد المائة),,,0.0,0.0,0.0,18,0
المائة وإحدى عشرة,ماذا يستحق العامل إذا ترك العمل قبل استعماله للإجازة؟,له الحق في الحصول على أجرة عن أيام الإجازة المستحقة وذلك بالنسبة إلى المدة التي لم يحصل على إجازته عنها. (المادة الحادية عشرة بعد المائة),,,0.0,0.0,0.0,25,0
المائة واثنتا عشرة,ما هو نوع الأجر الذي يحصل عليه العامل في إجازات الأعياد والمناسبات؟,يحصل على أجر كامل. (المادة الثانية عشرة بعد المائة),,,0.0,0.0,0.0,9,0
المائة واثنتا عشرة,من هي الجهة التي تحدد الأعياد والمناسبات التي يحق للعامل فيها إجازة بأجر كامل؟,اللائحة هي التي تحددها. (المادة الثانية عشرة بعد المائة),,,0.0,0.0,0.0,9,0
المائة واثنتا عشرة,هل إجازة الأعياد والمناسبات حق لكل عامل؟,نعم، لكل عامل الحق في إجازة بأجر كامل في الأعياد والمناسبات التي تحددها اللائحة. (المادة الثانية عشرة بعد المائة),,,0.0,0.0,0.0,19,0
المائة وثلاث عشرة,كم هي مدة الإجازة التي يستحقها العامل بأجر كامل في حالة وفاة زوجه أو أحد أصوله أو فروعه؟,يستحق إجازة بأجر كامل لمدة خمسة أيام. (المادة الثالثة عشرة بعد المائة),,,0.0,0.0,0.0,12,0
المائة وثلاث عشرة,كم هي مدة الإجازة المستحقة للعامل في حالة ولادة مولود له؟,يستحق ثلاثة أيام بأجر كامل. (المادة الثالثة عشرة بعد المائة),,,0.0,0.0,0.0,10,0
المائة وثلاث عشرة,هل يمكن لصاحب العمل أن يطلب وثائق تثبت الحالة عند منح الإجازات الطارئة (الوفاة، الزواج، الولادة)؟,نعم، يحق لصاحب العمل أن يطلب الوثائق المؤيدة للحالات المشار إليها. (المادة الثالثة عشرة بعد المائة),,,0.0,0.0,0.0,16,0
المائة وأربع عشرة,ما هو الحد الأدنى والأقصى لمدة إجازة الحج بأجر كامل للعامل؟,لا تقل مدتها عن عشرة أيام ولا تزيد على خمسة عشر يومًا بما فيها إجازة عيد الأضحى. (المادة الرابعة عشرة بعد المائة),,,0.0,0.0,0.0,22,0
المائة وأربع عشرة,ما هي مدة الخدمة المتصلة المشروطة لاستحقاق إجازة الحج؟,أن يكون العامل قد أمضى في العمل لدى صاحب العمل سنتين متصلتين على الأقل. (المادة الرابعة عشرة بعد المائة),,,0.0,0.0,0.0,19,0
المائة وأربع عشرة,هل يمكن لصاحب العمل أن يحدد عدد العمال الممنوحين إجازة الحج سنوياً؟,نعم، لصاحب العمل أن يحدد عدد العمال الذين يمنحون هذه الإجازة سنويًّا وفقًا لمقتضيات العمل. (المادة الرابعة عشرة بعد المائة),,,0.0,0.0,0.0,20,0
المائة وخمس عشرة,متى يحرم العامل من أجر إجازة الامتحان؟,يحرم من أجر الإجازة إذا ثبت أنه لم يؤدِّ الامتحان، مع عدم الإخلال بحق صاحب العمل في مساءلته تأديبيًّا. (المادة الخامسة عشرة بعد المائة),,,0.0,0.0,0.0,24,0
المائة وخمس عشرة,كم هي مدة الإشعار المطلوبة من العامل لصاحب العمل عند تقديم طلب إجازة الامتحان؟,على العامل أن يتقدم بطلب الإجازة قبل موعدها بخمسة عشر يوماً على الأقل. (المادة الخامسة عشرة بعد المائة),,,0.0,0.0,0.0,18,0
المائة وخمس عشرة,في حال عدم موافقة صاحب العمل على انتساب العامل لمؤسسة تعليمية، كيف تحسب إجازة الامتحان؟,يحصل على إجازة بعدد أيام الامتحان الفعلية تحتسب من إجازته السنوية في حال توافرها، وعند تعذر ذلك فللعامل أن يحصل على إجازة دون أجر. (المادة الخامسة عشرة بعد المائة),,,0.0,0.0,0.0,29,0
المائة وست عشرة,ما هو الشرط لحصول العامل على إجازة دون أجر؟,يجوز ذلك بموافقة صاحب العمل، ويتفق الطرفان على تحديد مدتها. (المادة السادسة عشرة بعد المائة),,,0.0,0.0,0.0,15,0
المائة وست عشرة,متى يُعد عقد العمل موقوفاً خلال مدة الإجازة دون أجر؟,يعد عقد العمل موقوفًا خلال مدة الإجازة فيما زاد على عشرين يومًا، ما لم يتفق الطرفان على خلاف ذلك. (المادة السادسة عشرة بعد المائة),,,0.0,0.0,0.0,24,0
المائة وست عشرة,هل يُشترط اتفاق الطرفين لتحديد مدة الإجازة دون أجر؟,نعم، يتفق الطرفان على تحديد مدتها. (المادة السادسة عشرة بعد المائة),,,0.0,0.0,0.0,11,0
المائة وسبع عشرة,كم تبلغ مدة الإجازة المرضية التي تكون بأجر كامل خلال السنة الواحدة؟,الإجازة بأجر كامل تكون عن الثلاثين يومًا الأولى. (المادة السابعة عشرة بعد المائة),,,0.0,0.0,0.0,13,0
المائة وسبع عشرة,ما هي نسبة الأجر الذي يستحقه العامل في الإجازة المرضية عن الستين يوماً التي تلي الثلاثين يوماً الأولى؟,يستحق بثلاثة أرباع الأجر عن الستين يومًا التالية. (المادة السابعة عشرة بعد المائة),,,0.0,0.0,0.0,13,0
المائة وسبع عشرة,كم تبلغ مدة الإجازة التي تكون دون أجر خلال السنة الواحدة للعامل المريض؟,دون أجر للثلاثين يومًا التي تلي ذلك، سواء أكانت هذه الإجازات متصلة أم متقطعة. (المادة السابعة عشرة بعد المائة),,,0.0,0.0,0.0,19,0
المائة وثماني عشرة,هل يجوز للعامل أن يعمل لدى صاحب عمل آخر أثناء تمتعه بإجازاته المنصوص عليها في هذا الفصل؟,لا، لا يجوز للعامل أثناء تمتعه بأي من إجازاته المنصوص عليها في هذا الفصل أن يعمل لدى صاحب عمل آخر. (المادة الثامنة عشرة بعد المائة),,,0.0,0.0,0.0,25,0
المائة وثماني عشرة,ما هو حق صاحب العمل إذا أثبت أن العامل عمل لدى الغير أثناء تمتعه بالإجازة؟,له أن يحرمه من أجره عن مدة الإجازة أو يسترد ما سبق أن أداه إليه من ذلك الأجر. (المادة الثامنة عشرة بعد المائة),,,0.0,0.0,0.0,23,0
المائة وثماني عشرة,ماذا يترتب على مخالفة العامل لشرط عدم العمل لدى صاحب عمل آخر أثناء الإجازة؟,يترتب عليه حرمان صاحب العمل له من أجره عن مدة الإجازة أو استرداد ما سبق أن أداه إليه من ذلك الأجر. (المادة الثامنة عشرة بعد المائة),,,0.0,0.0,0.0,26,0
المائة وتسع عشرة,هل يُعد تخفيض ساعات العمل العادية للعاملين طوال الوقت لأسباب اقتصادية عملاً لبعض الوقت؟,لا، لا يعد العاملون طوال الوقت الذين يتأثرون بتخفيض جماعي ومؤقت لساعات عملهم العادية لأسباب اقتصادية أو تقنية أو هيكلية عاملين لبعض الوقت. (المادة العشرون بعد المائة - تم تصحيح رقم المادة إلى 119),,,0.0,0.0,0.0,33,0
المائة وتسع عشرة,ما هي الأنواع التي قد تكون للأسباب المؤدية إلى تخفيض جماعي ومؤقت لساعات العمل العادية؟,قد تكون أسباباً اقتصادية أو تقنية أو هيكلية. (المادة العشرون بعد المائة - تم تصحيح رقم المادة إلى 119),,,0.0,0.0,0.0,18,0
المائة وتسع عشرة,هل يؤدي التخفيض الجماعي والمؤقت لساعات العمل إلى تغيير صفة العامل من عامل طوال الوقت إلى عامل لبعض الوقت؟,لا، لا يعد العاملون طوال الوقت الذين يتأثرون بتخفيض جماعي ومؤقت لساعات عملهم العادية... عاملين لبعض الوقت. (المادة العشرون بعد المائة - تم تصحيح رقم المادة إلى 119),,,0.0,0.0,0.0,27,0
المائة وعشرون,من هي الجهة التي تصدر القواعد والضوابط اللازمة لتنظيم العمل لبعض الوقت؟,الوزير. (المادة الحادية والعشرون بعد المائة - تم تصحيح رقم المادة إلى 120),,,0.0,0.0,0.0,12,0
المائة وعشرون,ما هي الالتزامات التي يجب أن يحددها الوزير في القواعد والضوابط الخاصة بالعمل لبعض الوقت؟,يحدد فيها الالتزامات المترتبة على كل من العامل لبعض الوقت وصاحب العمل. (المادة الحادية والعشرون بعد المائة - تم تصحيح رقم المادة إلى 120),,,0.0,0.0,0.0,23,0
المائة وعشرون,ما هي الحماية التي تسري على العاملين لبعض الوقت استثناءً من الحدود التي يقررها الوزير؟,الحماية الممنوحة للعاملين طوال الوقت المماثلين، من حيث السلامة والصحة المهنية وإصابات العمل. (المادة الحادية والعشرون بعد المائة - تم تصحيح رقم المادة إلى 120),,,0.0,0.0,0.0,24,0
المائة وواحد وعشرون,ما هي بعض واجبات صاحب العمل المتعلقة بحفظ المنشأة لضمان صحة العمال؟,عليه حفظ المنشأة في حالة صحية ونظيفة، وإنارتها وتأمين المياه الصالحة للشرب والاغتسال. (المادة الثانية والعشرون بعد المائة - تم تصحيح رقم المادة إلى 121),,,0.0,0.0,0.0,24,0
المائة وواحد وعشرون,من هي الجهة التي تحدد قواعد الحماية والسلامة والصحة المهنية وإجراءاتها ومستوياتها؟,الوزير بقرار منه. (المادة الثانية والعشرون بعد المائة - تم تصحيح رقم المادة إلى 121),,,0.0,0.0,0.0,14,0
المائة وواحد وعشرون,هل يلتزم صاحب العمل بتأمين المياه الصالحة للشرب والاغتسال؟,نعم، يلتزم بذلك، بالإضافة إلى حفظ المنشأة في حالة صحية ونظيفة، وإنارتها. (المادة الثانية والعشرون بعد المائة - تم تصحيح رقم المادة إلى 121),,,0.0,0.0,0.0,23,0
المائة واثنان وعشرون,ما هو الالتزام الأساسي لصاحب العمل لحماية العمال من الأخطار والأمراض؟,أن يتخذ الاحتياطات اللازمة لحماية العمال من الأخطار والأمراض الناجمة عن العمل، والآلات المستعملة، ووقاية العمل وسلامته. (المادة الثالثة والعشرون بعد المائة - تم تصحيح رقم المادة إلى 122),,,0.0,0.0,0.0,28,0
المائة واثنان وعشرون,هل يجوز لصاحب العمل اقتطاع أي مبلغ من أجور العمال لقاء توفير الحماية اللازمة؟,لا، لا يجوز لصاحب العمل أن يحمّل العمال أو يقتطع من أجورهم أي مبلغ لقاء توفير هذه الحماية. (المادة الثالثة والعشرون بعد المائة - تم تصحيح رقم المادة إلى 122),,,0.0,0.0,0.0,29,0
المائة واثنان وعشرون,بأي لغة يجب على صاحب العمل إعلان التعليمات الخاصة بسلامة العمل؟,يجب إعلانها باللغة العربية وبأي لغة أخرى يفهمها العمال عند الاقتضاء. (المادة الثالثة والعشرون بعد المائة - تم تصحيح رقم المادة إلى 122),,,0.0,0.0,0.0,22,0
المائة وثلاثة وعشرون,ما هو واجب صاحب العمل بخصوص إحاطة العامل بمخاطر مهنته؟,عليه إحاطة العامل قبل مزاولة العمل بمخاطر مهنته، وإلزامه باستعمال وسائل الوقاية المقررة لها. (المادة الرابعة والعشرون بعد المائة - تم تصحيح رقم المادة إلى 123),,,0.0,0.0,0.0,25,0
المائة وثلاثة وعشرون,ما الذي يجب على صاحب العمل توفيره وتدريب العمال عليه؟,عليه أن يوفر أدوات الوقاية الشخصية المناسبة للعمال، وتدريبهم على استخدامها. (المادة الرابعة والعشرون بعد المائة - تم تصحيح رقم المادة إلى 123),,,0.0,0.0,0.0,22,0
المائة وثلاثة وعشرون,هل يُلزم صاحب العمل العامل باستعمال وسائل الوقاية المقررة لمهنته؟,نعم، يلزمه باستعمال وسائل الوقاية المقررة لها. (المادة الرابعة والعشرون بعد المائة - تم تصحيح رقم المادة إلى 123),,,0.0,0.0,0.0,18,0
المائة وأربعة وعشرون,ما هو واجب العامل تجاه الوسائل الوقائية المخصصة له؟,أن يستعمل الوسائل الوقائية المخصصة لكل عملية، وأن يحافظ عليها. (المادة الخامسة والعشرون بعد المائة - تم تصحيح رقم المادة إلى 124),,,0.0,0.0,0.0,21,0
المائة وأربعة وعشرون,ما هو الالتزام الذي يجب على العامل تنفيذه للمحافظة على صحته ووقايته من الإصابات؟,أن ينفذ التعليمات الموضوعة للمحافظة على صحته ووقايته من الإصابات والأمراض. (المادة الخامسة والعشرون بعد المائة - تم تصحيح رقم المادة إلى 124),,,0.0,0.0,0.0,22,0
المائة وأربعة وعشرون,هل يجب على العامل الامتناع عن أي فعل يتسبب عنه إساءة استعمال الوسائل المعدة لحماية مقر العمل؟,نعم، عليه أن يمتنع عن ارتكاب أي فعل أو تقصير يتسبب عنه... إساءة استعمال الوسائل المعدة لحماية مقر العمل وصحة العمال المشتغلين معه وسلامتهم أو تعطيلها. (المادة الخامسة والعشرون بعد المائة - تم تصحيح رقم المادة إلى 124),,,0.0,0.0,0.0,37,0
المائة وخمسة وعشرون,ما هي الاحتياطات الواجب اتخاذها من صاحب العمل للوقاية من الحريق؟,أن يتخذ الاحتياطات اللازمة للوقاية من الحريق، وتهيئة الوسائل الفنية لمكافحته، بما في ذلك تأمين منافذ للنجاة، وجعلها صالحة للاستعمال في أي وقت. (المادة السادسة والعشرون بعد المائة - تم تصحيح رقم المادة إلى 125),,,0.0,0.0,0.0,34,0
المائة وخمسة وعشرون,ما هو الالتزام على صاحب العمل بخصوص تعليمات منع الحريق؟,أن يعلق في مكان ظاهر من أماكن العمل تعليمات مفصلة بشأن وسائل منع الحريق. (المادة السادسة والعشرون بعد المائة - تم تصحيح رقم المادة إلى 125),,,0.0,0.0,0.0,25,0
المائة وخمسة وعشرون,هل يجب على صاحب العمل تأمين منافذ للنجاة وجعلها صالحة للاستعمال في أي وقت؟,نعم، يجب عليه ذلك كجزء من تهيئة الوسائل الفنية لمكافحة الحريق. (المادة السادسة والعشرون بعد المائة - تم تصحيح رقم المادة إلى 125),,,0.0,0.0,0.0,22,0
المائة وستة وعشرون,متى يكون صاحب العمل مسؤولاً عن الحوادث التي تصيب أشخاصاً آخرين غير عماله داخل مكان العمل؟,إذا كانت بسبب إهمال اتخاذ الاحتياطات الفنية التي يتطلبها نوع عمله. (المادة السابعة والعشرون بعد المائة - تم تصحيح رقم المادة إلى 126),,,0.0,0.0,0.0,22,0
المائة وستة وعشرون,ما هو التزام صاحب العمل تجاه الأشخاص الآخرين الذين يصابون بعطل أو ضرر في مكان العمل بسبب إهماله؟,عليه أن يعوضهم عما يصيبهم من عطل وضرر حسب الأنظمة العامة. (المادة السابعة والعشرون بعد المائة - تم تصحيح رقم المادة إلى 126),,,0.0,0.0,0.0,22,0
المائة وستة وعشرون,من هم الأشخاص الآخرون الذين تشملهم مسؤولية صاحب العمل في هذه الحالة؟,ممن يدخلون أماكن العمل بحكم الوظيفة، أو بموافقة صاحب العمل أو وكلائه. (المادة السابعة والعشرون بعد المائة - تم تصحيح رقم المادة إلى 126),,,0.0,0.0,0.0,23,0
المائة وسبعة وعشرون,على أي منشآت تطبق أحكام فصل السلامة والصحة المهنية (الفصل الخاص)؟,تطبق أحكام هذا الفصل على المنشآت ذات المخاطر الكبرى. (المادة الثامنة والعشرون بعد المائة - تم تصحيح رقم المادة إلى 127),,,0.0,0.0,0.0,20,0
المائة وسبعة وعشرون,ما هي المنشآت التي يشملها تطبيق هذا الفصل؟,المنشآت التي تصنف على أنها ذات المخاطر الكبرى. (المادة الثامنة والعشرون بعد المائة - تم تصحيح رقم المادة إلى 127),,,0.0,0.0,0.0,19,0
المائة وسبعة وعشرون,هل تطبق الأحكام التفصيلية للسلامة والصحة المهنية على جميع المنشآت بشكل متساوٍ؟,لا، هذا الفصل يطبق بشكل خاص على المنشآت ذات المخاطر الكبرى. (المادة الثامنة والعشرون بعد المائة - تم تصحيح رقم المادة إلى 127),,,0.0,0.0,0.0,22,0
المائة وثمانية وعشرون,ما الذي يشكل خطورة في تعريف (مادة خطرة)؟,أي مادة أو مزيج من المواد يشكل خطورة بحكم خواصه الكيماوية أو الفيزيائية أو السمية إما وحده أو في تركيب مع غيره. (المادة التاسعة والعشرون بعد المائة - تم تصحيح رقم المادة إلى 128),,,0.0,0.0,0.0,33,0
المائة وثمانية وعشرون,متى يتم إدراج المنشأة في عداد منشآت المخاطر الكبرى؟,عندما تقوم بـإنتاج أو استخدام أو تخزين مواد خطرة بكميات تتجاوز المعايير المسموح بها. (المادة التاسعة والعشرون بعد المائة - تم تصحيح رقم المادة إلى 128),,,0.0,0.0,0.0,26,0
المائة وثمانية وعشرون,ما هو تعريف (حادث كبير) في سياق هذه المادة؟,هو أي حادث فجائي مثل التسرب الكبير، أو الحريق، أو الانفجار في مجرى نشاط داخل منشأة ذات مخاطر كبرى، ويتضمن مادة خطرة أو أكثر، ويؤدي إلى خطر أكبر على العمال أو الجمهور أو البيئة عاجلًا أو آجلًا. (المادة التاسعة والعشرون بعد المائة - تم تصحيح رقم المادة إلى 128),,,0.0,0.0,0.0,48,0
المائة وتسعة وعشرون,من هي الجهة المسؤولة عن وضع ضوابط لتحديد (المنشآت ذات المخاطر الكبرى)؟,الوزارة. (المادة الثلاثون بعد المائة - تم تصحيح رقم المادة إلى 129),,,0.0,0.0,0.0,11,0
المائة وتسعة وعشرون,على ماذا تستند الوزارة في وضع ضوابط تحديد المنشآت ذات المخاطر الكبرى؟,تستند إلى قائمة المواد الخطرة، أو فئات هذه المواد، أو كلتيهما. (المادة الثلاثون بعد المائة - تم تصحيح رقم المادة إلى 129),,,0.0,0.0,0.0,21,0
المائة وتسعة وعشرون,ما هو الغرض من وضع هذه الضوابط؟,الغرض هو تحديد المنشآت ذات المخاطر الكبرى. (المادة الثلاثون بعد المائة - تم تصحيح رقم المادة إلى 129),,,0.0,0.0,0.0,17,0
المائة والثلاثون,ما هو الالتزام على أصحاب العمل بخصوص تحديد وضع منشآتهم؟,على أصحاب العمل بالتنسيق مع الوزارة تحديد وضع منشآتهم على أساس الضوابط المشار إليها. (المادة الحادية والثلاثون بعد المائة - تم تصحيح رقم المادة إلى 130),,,0.0,0.0,0.0,25,0
المائة والثلاثون,ما هو الأساس الذي يُحدد بناءً عليه وضع المنشآت من حيث كونها ذات مخاطر كبرى؟,يُحدد على أساس الضوابط المشار إليها في المادة التاسعة والعشرين بعد المائة من هذا النظام. (المادة الحادية والثلاثون بعد المائة - تم تصحيح رقم المادة إلى 130),,,0.0,0.0,0.0,26,0
المائة والثلاثون,هل يجب على أصحاب العمل التنسيق مع الوزارة لتحديد وضع منشآتهم؟,نعم، على أصحاب العمل بالتنسيق مع الوزارة تحديد وضع منشآتهم. (المادة الحادية والثلاثون بعد المائة - تم تصحيح رقم المادة إلى 130),,,0.0,0.0,0.0,21,0
المائة والثلاثون مكرر,من هي الجهة التي تحدد المهن والأعمال الخطرة أو الضارة التي يُحظر أو يُقيَّد تشغيل فئات معينة فيها؟,الوزير بقرار منه. (المادة الحادية والثلاثون بعد المائة مكرر - تم تصحيح رقم المادة إلى 130 مكرر),,,0.0,0.0,0.0,16,0
المائة والثلاثون مكرر,ما هو الغرض من تحديد الوزير للمهن والأعمال الخطرة أو الضارة؟,لغرض تحديد الفئات التي يحظر – دائماً أو مؤقتاً – تشغيلها فيها أو يكون تشغيلها فيها بشروط خاصة. (المادة الحادية والثلاثون بعد المائة مكرر - تم تصحيح رقم المادة إلى 130 مكرر),,,0.0,0.0,0.0,29,0
المائة والثلاثون مكرر,ما هو المعيار الذي يجب أن يتوافق معه تحديد المهن الخطرة والضارة؟,يجب أن يتوافق مع التزامات المملكة ذات الصلة الواردة في الاتفاقيات الدولية. (المادة الحادية والثلاثون بعد المائة مكرر - تم تصحيح رقم المادة إلى 130 مكرر),,,0.0,0.0,0.0,25,0
المائة وواحد وثلاثون,هل تسري أحكام فصل إصابات العمل على المنشآت التي تخضع لفرع الأخطار المهنية من نظام التأمينات الاجتماعية؟,لا، لا تسري أحكام هذا الفصل على المنشآت التي تخضع لفرع الأخطار المهنية من نظام التأمينات الاجتماعية. (المادة الثانية والثلاثون بعد المائة - تم تصحيح رقم المادة إلى 131),,,0.0,0.0,0.0,28,0
المائة وواحد وثلاثون,ما هو النظام الذي يخضع لفرع الأخطار المهنية وتُستثنى المنشآت الخاضعة له من تطبيق هذا الفصل؟,نظام التأمينات الاجتماعية. (المادة الثانية والثلاثون بعد المائة - تم تصحيح رقم المادة إلى 131),,,0.0,0.0,0.0,14,0
المائة وواحد وثلاثون,ما هو الاستثناء الوارد على تطبيق أحكام هذا الفصل؟,الاستثناء هو المنشآت التي تخضع لفرع الأخطار المهنية من نظام التأمينات الاجتماعية. (المادة الثانية والثلاثون بعد المائة - تم تصحيح رقم المادة إلى 131),,,0.0,0.0,0.0,23,0
المائة واثنان وثلاثون,ما هو التزام صاحب العمل تجاه العامل المصاب بإصابة عمل أو بمرض مهني؟,يلتزم بعلاجه، ويتحمل جميع النفقات اللازمة لذلك، بطريقة مباشرة أو غير مباشرة. (المادة الثالثة والثلاثون بعد المائة - تم تصحيح رقم المادة إلى 132),,,0.0,0.0,0.0,23,0
المائة واثنان وثلاثون,هل تشمل نفقات العلاج التي يتحملها صاحب العمل نفقات الانتقال إلى أماكن العلاج؟,نعم، تشمل نفقات الانتقال إلى أماكن العلاج، بالإضافة إلى الإقامة في المستشفى والفحوصات الطبية والأجهزة التعويضية. (المادة الثالثة والثلاثون بعد المائة - تم تصحيح رقم المادة إلى 132),,,0.0,0.0,0.0,27,0
المائة واثنان وثلاثون,هل يتحمل صاحب العمل نفقات العلاج فقط في حالة إصابة العمل أم تشمل المرض المهني أيضاً؟,تشمل إصابة العمل، أو بمرض مهني. (المادة الثالثة والثلاثون بعد المائة - تم تصحيح رقم المادة إلى 132),,,0.0,0.0,0.0,17,0
المائة وثلاثة وثلاثون,متى تعد الأمراض المهنية في حكم إصابات العمل؟,تعد الأمراض المهنية في حكم إصابات العمل. (المادة الرابعة والثلاثون بعد المائة - تم تصحيح رقم المادة إلى 133),,,0.0,0.0,0.0,18,0
المائة وثلاثة وثلاثون,ما هو التاريخ الذي يعد في حكم تاريخ الإصابة بالمرض المهني؟,تاريخ أول مشاهدة طبية للمرض. (المادة الرابعة والثلاثون بعد المائة - تم تصحيح رقم المادة إلى 133),,,0.0,0.0,0.0,16,0
المائة وثلاثة وثلاثون,ما هو النظام الذي يُرجع إليه لتحديد متى تعد الإصابة إصابة عمل؟,نظام التأمينات الاجتماعية. (المادة الرابعة والثلاثون بعد المائة - تم تصحيح رقم المادة إلى 133),,,0.0,0.0,0.0,14,0
المائة وأربعة وثلاثون,ما هي الحالة التي تعد في حكم الإصابة الأصلية؟,حالة الانتكاس أو أي مضاعفة تنشأ عنها. (المادة الخامسة والثلاثون بعد المائة - تم تصحيح رقم المادة إلى 134),,,0.0,0.0,0.0,18,0
المائة وأربعة وثلاثون,هل يسري على حالة الانتكاس أو المضاعفة ما يسري على الإصابة الأصلية؟,نعم، يسري عليها بالنسبة للمعونة والعلاج ما يسري على الإصابة الأصلية. (المادة الخامسة والثلاثون بعد المائة - تم تصحيح رقم المادة إلى 134),,,0.0,0.0,0.0,22,0
المائة وأربعة وثلاثون,ما الذي تنطبق عليه أحكام الإصابة الأصلية من حيث المعونة والعلاج؟,حالة الانتكاس أو أي مضاعفة تنشأ عنها. (المادة الخامسة والثلاثون بعد المائة - تم تصحيح رقم المادة إلى 134),,,0.0,0.0,0.0,18,0
المائة وخمسة وثلاثون,ما هو الأساس الذي يتم بموجبه تحديد الأمراض المهنية ودرجات العجز الدائم الكلي أو الجزئي؟,وفق جدول الأمراض المهنية وجدول دليل نسب العجز المنصوص عليهما في نظام التأمينات الاجتماعية. (المادة السادسة والثلاثون بعد المائة - تم تصحيح رقم المادة إلى 135),,,0.0,0.0,0.0,25,0
المائة وخمسة وثلاثون,ما هو النظام الذي ينص على جداول الأمراض المهنية ودليل نسب العجز؟,نظام التأمينات الاجتماعية. (المادة السادسة والثلاثون بعد المائة - تم تصحيح رقم المادة إلى 135),,,0.0,0.0,0.0,14,0
المائة وخمسة وثلاثون,هل يتم تحديد درجات العجز الدائم الكلي أو الجزئي وفقاً لجدول دليل نسب العجز المنصوص عليه في نظام التأمينات الاجتماعية؟,نعم، تحدد درجات العجز الدائم الكلي أو الجزئي وفق جدول دليل نسب العجز المنصوص عليه في النظام المذكور. (المادة السادسة والثلاثون بعد المائة - تم تصحيح رقم المادة إلى 135),,,0.0,0.0,0.0,29,0
المائة وستة وثلاثون,كم هي مدة الإجازة التي يستحق فيها المصاب أجره كاملاً في حالة العجز المؤقت عن العمل؟,لمدة ستين يوماً (الأولى). (المادة السابعة والثلاثون بعد المائة - تم تصحيح رقم المادة إلى 136),,,0.0,0.0,0.0,15,0
المائة وستة وثلاثون,متى يُعد الإصابة عجزاً كلياً ويتم إنهاء عقد العامل؟,إذا بلغت مدة العلاج سنة أو تقرر طبيًّا عدم احتمال شفائه وحالته الصحية لا تمكنه من العمل. (المادة السابعة والثلاثون بعد المائة - تم تصحيح رقم المادة إلى 136),,,0.0,0.0,0.0,28,0
المائة وستة وثلاثون,هل يحق لصاحب العمل استرداد ما دفعه للمصاب خلال السنة الأولى من العلاج؟,لا، لا يكون لصاحب العمل حق في استرداد ما دفعه إلى المصاب خلال تلك السنة. (المادة السابعة والثلاثون بعد المائة - تم تصحيح رقم المادة إلى 136),,,0.0,0.0,0.0,26,0
المائة وسبعة وثلاثون,ما هو الحد الأدنى لقيمة تعويض العجز الدائم الكلي أو تعويض الوفاة؟,أربعة وخمسون ألف ريال. (المادة الثامنة والثلاثون بعد المائة - تم تصحيح رقم المادة إلى 137),,,0.0,0.0,0.0,15,0
المائة وسبعة وثلاثون,كيف يُقدر تعويض العجز الدائم الكلي أو الوفاة؟,يُقدر بما يعادل أجره عن مدة ثلاث سنوات بحد أدنى قدره أربعة وخمسون ألف ريال. (المادة الثامنة والثلاثون بعد المائة - تم تصحيح رقم المادة إلى 137),,,0.0,0.0,0.0,26,0
المائة وسبعة وثلاثون,كيف يتم حساب تعويض العجز الدائم الجزئي؟,المصاب يستحق تعويضًا معادلًا لنسبة ذلك العجز المقدر... مضروبة في قيمة تعويض العجز الدائم الكلي. (المادة الثامنة والثلاثون بعد المائة - تم تصحيح رقم المادة إلى 137),,,0.0,0.0,0.0,26,0
المائة وثمانية وثلاثون,ما هي إحدى الحالات التي لا يلزم فيها صاحب العمل بالتعويض والعلاج؟,إذا ثبت أن العامل تعمد إصابة نفسه. (المادة التاسعة والثلاثون بعد المائة - تم تصحيح رقم المادة إلى 138),,,0.0,0.0,0.0,18,0
المائة وثمانية وثلاثون,متى يُعفى صاحب العمل من الالتزامات إذا كانت الإصابة ناتجة عن سوء سلوك العامل؟,إذا ثبت أن الإصابة حدثت بسبب سوء سلوك مقصود من جانب العامل. (المادة التاسعة والثلاثون بعد المائة - تم تصحيح رقم المادة إلى 138),,,0.0,0.0,0.0,23,0
المائة وثمانية وثلاثون,هل يعفى صاحب العمل من الالتزامات إذا امتنع العامل عن قبول معالجة الطبيب المكلف دون سبب مشروع؟,نعم، لا يلزم صاحب العمل... إذا ثبت أن العامل امتنع عن قبول معالجة الطبيب المكلف بعلاجه من قبل صاحب العمل دون سبب مشروع. (المادة التاسعة والثلاثون بعد المائة - تم تصحيح رقم المادة إلى 138),,,0.0,0.0,0.0,34,0
المائة وتسعة وثلاثون,على ضوء ماذا يتم تحديد مسؤولية أصحاب العمل السابقين الذين اشتغل لديهم العامل المصاب بالمرض المهني؟,تحدد على ضوء التقرير الطبي للطبيب المعالج. (المادة الأربعون بعد المائة - تم تصحيح رقم المادة إلى 139),,,0.0,0.0,0.0,17,0
المائة وتسعة وثلاثون,ما هو الشرط لإلزام أصحاب العمل السابقين بالتعويض عن المرض المهني؟,بشرط أن تكون الصناعات أو المهن التي يمارسونها مما ينشأ عنها المرض الذي أصيب به العامل. (المادة الأربعون بعد المائة - تم تصحيح رقم المادة إلى 139),,,0.0,0.0,0.0,26,0
المائة وتسعة وثلاثون,كيف يتم توزيع مبلغ التعويض بين أصحاب العمل السابقين؟,يلزم هؤلاء بالتعويض... كل بنسبة المدة التي قضاها المصاب في خدمته. (المادة الأربعون بعد المائة - تم تصحيح رقم المادة إلى 139),,,0.0,0.0,0.0,21,0
المائة والأربعون,من هي الجهة التي تحدد إجراءات الإبلاغ عن إصابات العمل؟,الوزير بقرار منه. (المادة الحادية والأربعون بعد المائة - تم تصحيح رقم المادة إلى 140),,,0.0,0.0,0.0,14,0
المائة والأربعون,ما هو نوع القرار الذي يصدره الوزير لتحديد إجراءات الإبلاغ عن إصابات العمل؟,يحددها بقرار منه. (المادة الحادية والأربعون بعد المائة - تم تصحيح رقم المادة إلى 140),,,0.0,0.0,0.0,14,0
المائة والأربعون,ما هو الموضوع الذي يجب أن يحدده الوزير بقرار منه فيما يخص إصابات العمل؟,إجراءات الإبلاغ عن إصابات العمل. (المادة الحادية والأربعون بعد المائة - تم تصحيح رقم المادة إلى 140),,,0.0,0.0,0.0,16,0
المائة وواحد وأربعون,ما هو الالتزام على صاحب العمل بخصوص الإسعافات الطبية الأولية في مكان العمل؟,أن يعد خزانة أو أكثر للإسعافات الطبية، مزودة بالأدوية وغيرها، مما يلزم للإسعافات الطبية الأولية. (المادة الثانية والأربعون بعد المائة - تم تصحيح رقم المادة إلى 141),,,0.0,0.0,0.0,26,0
المائة وواحد وأربعون,ما الذي تحدده اللائحة فيما يخص خزانة الإسعافات؟,تحدد ما يجب أن تحتويه هذه الخزانة من وسائل الإسعافات الأولية وعددها، وكميات الأدوية، وكذلك تنظيم وسائل حفظها، وشروط من يقوم بمهمة الإسعافات ومستواه. (المادة الثانية والأربعون بعد المائة - تم تصحيح رقم المادة إلى 141),,,0.0,0.0,0.0,35,0
المائة وواحد وأربعون,هل يجب أن تكون خزانة الإسعافات مزودة بالأدوية؟,نعم، يجب أن تكون مزودة بالأدوية وغيرها، مما يلزم للإسعافات الطبية الأولية. (المادة الثانية والأربعون بعد المائة - تم تصحيح رقم المادة إلى 141),,,0.0,0.0,0.0,23,0
المائة واثنان وأربعون,ما هو الحد الأدنى لتكرار الفحص الشامل للعمال المعرضين لاحتمال الإصابة بأحد الأمراض المهنية؟,فحصًا شاملًا مرة كل سنة على الأقل. (المادة الثالثة والأربعون بعد المائة - تم تصحيح رقم المادة إلى 142),,,0.0,0.0,0.0,18,0
المائة واثنان وأربعون,ما هو الالتزام على صاحب العمل بخصوص نتيجة الفحص الدوري للعمال المعرضين للأمراض المهنية؟,أن يثبت نتيجة ذلك الفحص في سجلاته، وكذلك في ملفات أولئك العمال. (المادة الثالثة والأربعون بعد المائة - تم تصحيح رقم المادة إلى 142),,,0.0,0.0,0.0,23,0
المائة واثنان وأربعون,من هو المكلف بفحص العمال المعرضين للأمراض المهنية؟,طبيب أو أكثر يعهد إليه صاحب العمل بالفحص. (المادة الثالثة والأربعون بعد المائة - تم تصحيح رقم المادة إلى 142),,,0.0,0.0,0.0,19,0
المائة وثلاثة وأربعون,ما هو نوع العناية الصحية التي يجب على صاحب العمل توفيرها لعماله؟,العناية الصحية الوقائية والعلاجية. (المادة الرابعة والأربعون بعد المائة - تم تصحيح رقم المادة إلى 143),,,0.0,0.0,0.0,15,0
المائة وثلاثة وأربعون,ما هو المعيار الذي يتم بموجبه توفير العناية الصحية للعمال؟,طبقاً للمستويات التي يقررها الوزير، مع مراعاة ما يوفره نظام الضمان الصحي التعاوني. (المادة الرابعة والأربعون بعد المائة - تم تصحيح رقم المادة إلى 143),,,0.0,0.0,0.0,24,0
المائة وثلاثة وأربعون,هل يجب مراعاة نظام الضمان الصحي التعاوني عند توفير العناية الصحية للعمال؟,نعم، يجب مراعاة ما يوفره نظام الضمان الصحي التعاوني. (المادة الرابعة والأربعون بعد المائة - تم تصحيح رقم المادة إلى 143),,,0.0,0.0,0.0,20,0
المائة وأربعة وأربعون,ما هو الشرط لإنشاء صاحب العمل صندوق للتوفير والادخار للعمال؟,موافقة الوزير. (المادة الخامسة والأربعون بعد المائة - تم تصحيح رقم المادة إلى 144),,,0.0,0.0,0.0,13,0
المائة وأربعة وأربعون,هل مساهمة العمال في صندوق التوفير والادخار تكون إلزامية؟,لا، يجب أن تكون مساهمة العمال فيه اختيارية. (المادة الخامسة والأربعون بعد المائة - تم تصحيح رقم المادة إلى 144),,,0.0,0.0,0.0,19,0
المائة وأربعة وأربعون,ما هو الالتزام على صاحب العمل بخصوص الأحكام المنظمة لصندوق التوفير والادخار؟,يجب إعلان الأحكام المنظمة لكل ما يتصل بقواعد عمل هذا الصندوق. (المادة الخامسة والأربعون بعد المائة - تم تصحيح رقم المادة إلى 144),,,0.0,0.0,0.0,22,0
المائة وخمسة وأربعون,ما هي التزامات صاحب العمل بخصوص توفير المرافق الاجتماعية والثقافية في الأماكن البعيدة عن العمران؟,توفير وسائل ترفيه وتثقيف مناسبة وملاعب رياضية ملحقة بأماكن العمل، وإعداد مساجد أو مصليات في أماكن العمل، وإعداد برامج لمحو الأمية بين العمال. (المادة السادسة والأربعون بعد المائة - تم تصحيح رقم المادة إلى 145),,,0.0,0.0,0.0,34,0
المائة وخمسة وأربعون,ما هو الالتزام المالي على صاحب العمل بخصوص هذه الخدمات؟,يلتزم بها على نفقته. (المادة السادسة والأربعون بعد المائة - تم تصحيح رقم المادة إلى 145),,,0.0,0.0,0.0,15,0
المائة وخمسة وأربعون,من هم أفراد أسرة العامل الذين يشملهم العلاج الشامل الذي يوفره صاحب العمل في الأماكن البعيدة عن العمران؟,الزوج والأولاد والأم والأب المقيمون معه. (المادة السادسة والأربعون بعد المائة - تم تصحيح رقم المادة إلى 145),,,0.0,0.0,0.0,17,0
المائة وستة وأربعون,ما هي الخدمات التي يلزم صاحب العمل بتوفيرها لعماله في المناجم والمحاجر ومراكز التنقيب عن النفط؟,توفير المساكن والمخيمات والوجبات الغذائية للعمال. (المادة السابعة والأربعون بعد المائة - تم تصحيح رقم المادة إلى 146),,,0.0,0.0,0.0,17,0
المائة وستة وأربعون,من هي الجهة التي تحدد شروط ومواصفات المساكن والمخيمات ومقابل الانتفاع بها؟,الوزير بقرار منه. (المادة السابعة والأربعون بعد المائة - تم تصحيح رقم المادة إلى 146),,,0.0,0.0,0.0,14,0
المائة وستة وأربعون,هل يحدد الوزير ما يتحمله العامل مقابل الوجبة الغذائية التي توفرها المنشأة في الأماكن البعيدة عن العمران؟,نعم، يحدد الوزير ما يتحمله العامل مقابل الوجبة. (المادة السابعة والأربعون بعد المائة - تم تصحيح رقم المادة إلى 146),,,0.0,0.0,0.0,19,0
المائة وسبعة وأربعون,متى يجب على صاحب العمل توفير وسائل الانتقال للعمال من محل إقامتهم إلى أماكن العمل وإعادتهم يومياً؟,إذا كانت هذه الأماكن لا تصل إليها وسائل المواصلات المنتظمة في مواعيد تتفق مع مواعيد العمل. (المادة الثامنة والأربعون بعد المائة - تم تصحيح رقم المادة إلى 147),,,0.0,0.0,0.0,27,0
المائة وسبعة وأربعون,ما هي الأماكن التي يلتزم صاحب العمل بتوفير وسائل الانتقال منها؟,من محل إقامتهم، أو من مركز تجمع معين. (المادة الثامنة والأربعون بعد المائة - تم تصحيح رقم المادة إلى 147),,,0.0,0.0,0.0,19,0
المائة وسبعة وأربعون,هل الالتزام بتوفير وسائل الانتقال يشمل الإعادة من أماكن العمل؟,نعم، يشمل وسائل الانتقال إلى أماكن العمل وإعادتهم يوميًّا. (المادة الثامنة والأربعون بعد المائة - تم تصحيح رقم المادة إلى 147),,,0.0,0.0,0.0,20,0
المائة وثمانية وأربعون,ما هو الإجراء المتبع في تشغيل المرأة في المهن والأعمال الخطرة أو الضارة؟,يُحظر تشغيل المرأة في المهن والأعمال الخطرة أو الضارة. (المادة التاسعة والأربعون بعد المائة - تم تصحيح رقم المادة إلى 148),,,0.0,0.0,0.0,20,0
المائة وثمانية وأربعون,من هي الجهة المخولة بتحديد المهن والأعمال التي يُحظر أو يُقيَّد عمل النساء فيها؟,الوزير بقرار منه. (المادة التاسعة والأربعون بعد المائة - تم تصحيح رقم المادة إلى 148),,,0.0,0.0,0.0,14,0
المائة وثمانية وأربعون,ما هو نوع الشروط التي يمكن وضعها لتقييد عمل النساء في المهن الخطرة أو الضارة؟,تقييده بشروط خاصة. (المادة التاسعة والأربعون بعد المائة - تم تصحيح رقم المادة إلى 148),,,0.0,0.0,0.0,14,0
المائة وتسعة وأربعون,ما هو الوضع النظامي الحالي للمادة الخمسين بعد المائة؟,حُذفت هذه المادة وذلك بموجب المرسوم الملكي رقم (م/5) وتاريخ 7 / 1 / 1442هـ. (المادة الخمسون بعد المائة - تم تصحيح رقم المادة إلى 149),,,0.0,0.0,0.0,24,0
المائة وتسعة وأربعون,بموجب أي مرسوم ملكي تم حذف هذه المادة؟,بموجب المرسوم الملكي رقم (م / 5) وتاريخ 7 / 1 / 1442هـ. (المادة الخمسون بعد المائة - تم تصحيح رقم المادة إلى 149),,,0.0,0.0,0.0,20,0
المائة وتسعة وأربعون,ما هو الإجراء النظامي الذي تم اتخاذه على المادة الخمسون بعد المائة؟,حُذفت هذه المادة. (المادة الخمسون بعد المائة - تم تصحيح رقم المادة إلى 149),,,0.0,0.0,0.0,13,0
